Date,GLDM,GOVT,VT,0050.TW,00646.TW,VXUS,TWD=X
2004-03-24,,,,,,,32.022999
2004-03-25,,,,,,,32.002998
2004-03-26,,,,,,,32.011002
2004-03-29,,,,,,,31.978001
2004-03-30,,,,,,,31.952000
2004-03-31,,,,,,,31.673000
2004-04-01,,,,,,,31.737000
2004-04-02,,,,,,,31.698000
2004-04-05,,,,,,,31.705999
2004-04-06,,,,,,,31.743999
2004-04-07,,,,,,,31.643999
2004-04-08,,,,,,,31.667999
2004-04-13,,,,,,,31.532000
2004-04-14,,,,,,,31.657000
2004-04-15,,,,,,,31.740000
2004-04-16,,,,,,,31.910000
2004-04-19,,,,,,,31.663000
2004-04-20,,,,,,,31.684999
2004-04-21,,,,,,,31.733000
2004-04-22,,,,,,,31.816999
2004-04-23,,,,,,,31.848000
2004-04-26,,,,,,,31.792000
2004-04-27,,,,,,,31.816000
2004-04-28,,,,,,,31.794001
2004-04-29,,,,,,,32.022999
2004-04-30,,,,,,,32.020000
2004-05-03,,,,,,,32.060001
2004-05-04,,,,,,,32.013000
2004-05-05,,,,,,,31.997000
2004-05-06,,,,,,,32.011002
2004-05-07,,,,,,,32.063999
2004-05-10,,,,,,,32.294998
2004-05-11,,,,,,,32.411999
2004-05-12,,,,,,,32.223000
2004-05-13,,,,,,,32.338001
2004-05-14,,,,,,,32.389999
2004-05-17,,,,,,,32.466999
2004-05-18,,,,,,,32.431000
2004-05-19,,,,,,,32.323002
2004-05-21,,,,,,,32.313000
2004-05-24,,,,,,,32.303001
2004-05-25,,,,,,,32.341000
2004-05-26,,,,,,,32.301998
2004-05-27,,,,,,,32.283001
2004-05-28,,,,,,,32.220001
2004-06-01,,,,,,,32.224998
2004-06-02,,,,,,,32.335999
2004-06-03,,,,,,,32.347000
2004-06-04,,,,,,,32.362999
2004-06-07,,,,,,,32.285999
2004-06-08,,,,,,,32.249001
2004-06-09,,,,,,,32.224998
2004-06-10,,,,,,,32.314999
2004-06-11,,,,,,,32.331001
2004-06-14,,,,,,,32.423000
2004-06-15,,,,,,,32.445000
2004-06-16,,,,,,,32.445000
2004-06-17,,,,,,,32.470001
2004-06-18,,,,,,,32.521000
2004-06-21,,,,,,,32.544998
2004-06-22,,,,,,,32.528000
2004-06-23,,,,,,,32.530998
2004-06-24,,,,,,,32.458000
2004-06-25,,,,,,,32.410999
2004-06-28,,,,,,,32.499001
2004-06-29,,,,,,,32.512001
2004-06-30,,,,,,,32.542999
2004-07-01,,,,,,,32.500999
2004-07-02,,,,,,,32.481998
2004-07-05,,,,,,,32.473000
2004-07-06,,,,,,,32.507999
2004-07-07,,,,,,,32.492001
2004-07-08,,,,,,,32.513000
2004-07-09,,,,,,,32.514999
2004-07-12,,,,,,,32.498001
2004-07-13,,,,,,,32.367001
2004-07-14,,,,,,,32.570000
2004-07-15,,,,,,,32.766998
2004-07-16,,,,,,,32.652000
2004-07-19,,,,,,,32.664001
2004-07-20,,,,,,,32.755001
2004-07-21,,,,,,,32.715000
2004-07-22,,,,,,,32.764999
2004-07-23,,,,,,,32.814999
2004-07-26,,,,,,,32.875000
2004-07-27,,,,,,,32.896999
2004-07-28,,,,,,,32.872002
2004-07-29,,,,,,,32.945000
2004-07-30,,,,,,,32.897999
2004-08-02,,,,,,,32.882000
2004-08-03,,,,,,,32.840000
2004-08-04,,,,,,,32.921001
2004-08-05,,,,,,,32.933998
2004-08-06,,,,,,,32.903999
2004-08-09,,,,,,,32.894001
2004-08-10,,,,,,,32.883999
2004-08-11,,,,,,,32.938000
2004-08-12,,,,,,,32.908001
2004-08-13,,,,,,,32.948002
2004-08-16,,,,,,,32.956001
2004-08-17,,,,,,,32.976002
2004-08-18,,,,,,,32.945999
2004-08-19,,,,,,,32.841999
2004-08-20,,,,,,,32.824001
2004-08-23,,,,,,,32.849998
2004-08-24,,,,,,,32.825001
2004-08-25,,,,,,,32.796001
2004-08-26,,,,,,,32.752998
2004-08-27,,,,,,,32.793999
2004-08-30,,,,,,,32.742001
2004-08-31,,,,,,,32.771000
2004-09-01,,,,,,,32.721001
2004-09-02,,,,,,,32.672001
2004-09-03,,,,,,,32.668999
2004-09-06,,,,,,,32.694000
2004-09-07,,,,,,,32.698002
2004-09-08,,,,,,,32.654999
2004-09-09,,,,,,,32.681999
2004-09-10,,,,,,,32.685001
2004-09-13,,,,,,,32.699001
2004-09-14,,,,,,,32.639999
2004-09-15,,,,,,,32.585999
2004-09-16,,,,,,,32.598999
2004-09-17,,,,,,,32.708000
2004-09-20,,,,,,,32.644001
2004-09-21,,,,,,,32.705002
2004-09-22,,,,,,,32.676998
2004-09-23,,,,,,,32.747002
2004-09-24,,,,,,,32.764999
2004-09-27,,,,,,,32.765999
2004-09-28,,,,,,,32.783001
2004-09-29,,,,,,,32.771999
2004-09-30,,,,,,,32.720001
2004-10-01,,,,,,,32.712002
2004-10-04,,,,,,,32.695000
2004-10-05,,,,,,,32.686001
2004-10-06,,,,,,,32.686001
2004-10-07,,,,,,,32.685001
2004-10-08,,,,,,,32.646000
2004-10-11,,,,,,,32.612999
2004-10-12,,,,,,,32.602001
2004-10-13,,,,,,,32.650002
2004-10-14,,,,,,,32.651001
2004-10-15,,,,,,,32.657001
2004-10-18,,,,,,,32.667999
2004-10-19,,,,,,,32.657001
2006-05-16,,,,,,,31.802999
2006-05-17,,,,,,,31.572001
2006-05-18,,,,,,,31.851000
2006-05-19,,,,,,,31.950001
2006-05-22,,,,,,,32.139999
2006-05-23,,,,,,,31.990000
2006-05-24,,,,,,,32.044998
2006-05-25,,,,,,,32.125000
2006-05-26,,,,,,,32.030998
2006-05-29,,,,,,,32.075001
2006-05-30,,,,,,,32.134998
2006-05-31,,,,,,,32.035000
2006-06-01,,,,,,,32.099998
2006-06-02,,,,,,,31.969999
2006-06-05,,,,,,,32.084999
2006-06-06,,,,,,,32.051998
2006-06-07,,,,,,,32.250000
2006-06-08,,,,,,,32.549999
2006-06-09,,,,,,,32.439999
2006-06-12,,,,,,,32.542000
2006-06-13,,,,,,,32.674999
2006-06-14,,,,,,,32.590000
2006-06-15,,,,,,,32.529999
2006-06-16,,,,,,,32.540001
2006-06-19,,,,,,,32.590000
2006-06-20,,,,,,,32.592999
2006-06-21,,,,,,,32.624001
2006-06-22,,,,,,,32.632999
2006-06-23,,,,,,,32.705002
2006-06-26,,,,,,,32.775002
2006-06-27,,,,,,,32.653999
2006-06-28,,,,,,,32.646000
2006-06-29,,,,,,,32.610001
2006-06-30,,,,,,,32.376999
2006-07-03,,,,,,,32.297001
2006-07-04,,,,,,,32.231998
2006-07-05,,,,,,,32.375000
2006-07-06,,,,,,,32.485001
2006-07-07,,,,,,,32.396000
2006-07-10,,,,,,,32.365002
2006-07-11,,,,,,,32.444000
2006-07-12,,,,,,,32.520000
2006-07-13,,,,,,,32.575001
2006-07-14,,,,,,,32.672001
2006-07-17,,,,,,,32.856998
2006-07-18,,,,,,,32.861000
2006-07-19,,,,,,,32.924999
2006-07-20,,,,,,,32.743000
2006-07-21,,,,,,,32.700001
2006-07-24,,,,,,,32.846001
2006-07-25,,,,,,,32.790001
2006-07-26,,,,,,,32.847000
2006-07-27,,,,,,,32.794998
2006-07-28,,,,,,,32.825001
2006-07-31,,,,,,,32.792000
2006-08-01,,,,,,,32.855000
2006-08-02,,,,,,,32.900002
2006-08-03,,,,,,,32.915001
2006-08-04,,,,,,,32.770000
2006-08-07,,,,,,,32.849998
2006-08-08,,,,,,,32.813999
2006-08-09,,,,,,,32.770000
2006-08-10,,,,,,,32.605000
2006-08-11,,,,,,,32.680000
2006-08-14,,,,,,,32.737000
2006-08-15,,,,,,,32.744999
2006-08-16,,,,,,,32.736000
2006-08-17,,,,,,,32.626999
2006-08-18,,,,,,,32.650002
2006-08-21,,,,,,,32.688000
2006-08-22,,,,,,,32.775002
2006-08-23,,,,,,,32.775002
2006-08-24,,,,,,,32.834999
2006-08-25,,,,,,,32.910000
2006-08-28,,,,,,,32.914001
2006-08-29,,,,,,,32.870998
2006-08-30,,,,,,,32.898998
2006-08-31,,,,,,,32.896999
2006-09-01,,,,,,,32.873001
2006-09-04,,,,,,,32.738998
2006-09-05,,,,,,,32.763000
2006-09-06,,,,,,,32.799999
2006-09-07,,,,,,,32.855000
2006-09-08,,,,,,,32.939999
2006-09-11,,,,,,,32.914001
2006-09-12,,,,,,,32.900002
2006-09-13,,,,,,,32.887001
2006-09-14,,,,,,,32.908001
2006-09-15,,,,,,,32.930000
2006-09-18,,,,,,,32.929001
2006-09-19,,,,,,,32.896000
2006-09-20,,,,,,,32.903000
2006-09-21,,,,,,,32.891998
2006-09-22,,,,,,,32.930000
2006-09-25,,,,,,,32.935001
2006-09-26,,,,,,,32.974998
2006-09-27,,,,,,,32.958000
2006-09-28,,,,,,,33.035000
2006-09-29,,,,,,,33.090000
2006-10-02,,,,,,,33.125000
2006-10-03,,,,,,,33.095001
2006-10-04,,,,,,,33.150002
2006-10-05,,,,,,,33.174999
2006-10-06,,,,,,,33.089001
2006-10-09,,,,,,,33.090000
2006-10-10,,,,,,,33.125000
2006-10-11,,,,,,,33.325001
2006-10-12,,,,,,,33.279999
2006-10-13,,,,,,,33.119999
2006-10-16,,,,,,,33.264999
2006-10-17,,,,,,,33.189999
2006-10-18,,,,,,,33.174999
2006-10-19,,,,,,,33.205002
2006-10-20,,,,,,,33.189999
2006-10-23,,,,,,,33.314999
2006-10-24,,,,,,,33.314999
2006-10-25,,,,,,,33.325001
2006-10-26,,,,,,,33.299999
2006-10-27,,,,,,,33.270000
2006-10-30,,,,,,,33.325001
2006-10-31,,,,,,,33.263000
2006-11-01,,,,,,,33.174999
2006-11-02,,,,,,,33.028000
2006-11-03,,,,,,,32.910000
2006-11-06,,,,,,,32.945000
2006-11-07,,,,,,,32.813999
2006-11-08,,,,,,,32.860001
2006-11-09,,,,,,,32.924999
2006-11-10,,,,,,,32.770000
2006-11-13,,,,,,,32.730000
2006-11-14,,,,,,,32.759998
2006-11-15,,,,,,,32.811001
2006-11-16,,,,,,,32.869999
2006-11-17,,,,,,,32.919998
2006-11-20,,,,,,,32.935001
2006-11-21,,,,,,,32.865002
2006-11-22,,,,,,,32.805000
2006-11-23,,,,,,,32.784000
2006-11-24,,,,,,,32.720001
2006-11-27,,,,,,,32.770000
2006-11-28,,,,,,,32.715000
2006-11-29,,,,,,,32.520000
2006-11-30,,,,,,,32.340000
2006-12-01,,,,,,,32.330002
2006-12-04,,,,,,,32.400002
2006-12-05,,,,,,,32.325001
2006-12-06,,,,,,,32.299999
2006-12-07,,,,,,,32.355000
2006-12-08,,,,,,,32.380001
2006-12-11,,,,,,,32.464001
2006-12-12,,,,,,,32.469002
2006-12-13,,,,,,,32.513000
2006-12-14,,,,,,,32.570000
2006-12-15,,,,,,,32.580002
2006-12-18,,,,,,,32.590000
2006-12-19,,,,,,,32.724998
2006-12-20,,,,,,,32.674999
2006-12-21,,,,,,,32.625000
2006-12-22,,,,,,,32.580002
2006-12-25,,,,,,,32.674999
2006-12-26,,,,,,,32.630001
2006-12-27,,,,,,,32.674999
2006-12-28,,,,,,,32.685001
2006-12-29,,,,,,,32.580002
2007-01-01,,,,,,,32.575001
2007-01-02,,,,,,,32.415001
2007-01-03,,,,,,,32.403000
2007-01-04,,,,,,,32.544998
2007-01-05,,,,,,,32.660000
2007-01-08,,,,,,,32.665001
2007-01-09,,,,,,,32.705002
2007-01-10,,,,,,,32.735001
2007-01-11,,,,,,,32.779999
2007-01-12,,,,,,,32.740002
2007-01-15,,,,,,,32.799999
2007-01-16,,,,,,,32.799999
2007-01-17,,,,,,,32.799999
2007-01-18,,,,,,,32.820000
2007-01-19,,,,,,,32.830002
2007-01-22,,,,,,,32.965000
2007-01-23,,,,,,,32.985001
2007-01-24,,,,,,,32.985001
2007-01-25,,,,,,,32.895000
2007-01-26,,,,,,,32.950001
2007-01-29,,,,,,,33.000000
2007-01-30,,,,,,,33.005001
2007-01-31,,,,,,,32.965000
2007-02-01,,,,,,,32.965000
2007-02-02,,,,,,,32.900002
2007-02-05,,,,,,,32.950001
2007-02-06,,,,,,,32.985001
2007-02-07,,,,,,,33.035000
2007-02-08,,,,,,,33.049999
2007-02-09,,,,,,,32.980000
2007-02-12,,,,,,,33.075001
2007-02-13,,,,,,,33.125000
2007-02-14,,,,,,,33.020000
2007-02-15,,,,,,,32.950001
2007-02-16,,,,,,,32.980000
2007-02-19,,,,,,,33.035000
2007-02-20,,,,,,,33.035000
2007-02-21,,,,,,,33.000000
2007-02-22,,,,,,,33.099998
2007-02-23,,,,,,,33.080002
2007-02-26,,,,,,,33.014999
2007-02-27,,,,,,,32.985001
2007-02-28,,,,,,,32.985001
2007-03-01,,,,,,,32.930000
2007-03-02,,,,,,,32.964001
2007-03-05,,,,,,,32.924999
2007-03-06,,,,,,,33.005001
2007-03-07,,,,,,,33.020000
2007-03-08,,,,,,,32.945000
2007-03-09,,,,,,,33.049999
2007-03-12,,,,,,,33.070000
2007-03-13,,,,,,,33.000000
2007-03-14,,,,,,,33.020000
2007-03-15,,,,,,,33.075001
2007-03-16,,,,,,,33.130001
2007-03-19,,,,,,,33.139999
2007-03-20,,,,,,,33.180000
2007-03-21,,,,,,,33.145000
2007-03-22,,,,,,,32.990002
2007-03-23,,,,,,,33.060001
2007-03-26,,,,,,,33.070000
2007-03-27,,,,,,,33.080002
2007-03-28,,,,,,,33.075001
2007-03-29,,,,,,,33.060001
2007-03-30,,,,,,,33.080002
2007-04-02,,,,,,,33.125000
2007-04-03,,,,,,,33.160000
2007-04-04,,,,,,,33.125000
2007-04-05,,,,,,,33.125000
2007-04-06,,,,,,,33.125000
2007-04-09,,,,,,,33.110001
2007-04-10,,,,,,,33.125000
2007-04-11,,,,,,,33.099998
2007-04-12,,,,,,,33.174999
2007-04-13,,,,,,,33.139999
2007-04-16,,,,,,,33.200001
2007-04-17,,,,,,,33.200001
2007-04-18,,,,,,,33.169998
2007-04-19,,,,,,,33.174999
2007-04-20,,,,,,,33.160000
2007-04-23,,,,,,,33.209999
2007-04-24,,,,,,,33.209999
2007-04-25,,,,,,,33.235001
2007-04-26,,,,,,,33.270000
2007-04-27,,,,,,,33.250000
2007-04-30,,,,,,,33.305000
2007-05-01,,,,,,,33.250000
2007-05-02,,,,,,,33.250000
2007-05-03,,,,,,,33.320000
2007-05-04,,,,,,,33.270000
2007-05-07,,,,,,,33.255001
2007-05-08,,,,,,,33.299999
2007-05-09,,,,,,,33.290001
2007-05-10,,,,,,,33.355000
2007-05-11,,,,,,,33.299999
2007-05-14,,,,,,,33.305000
2007-05-15,,,,,,,33.355000
2007-05-16,,,,,,,33.365002
2007-05-17,,,,,,,33.349998
2007-05-18,,,,,,,33.349998
2007-05-21,,,,,,,33.415001
2007-05-22,,,,,,,33.430000
2007-05-23,,,,,,,33.415001
2007-05-24,,,,,,,33.340000
2007-05-25,,,,,,,33.240002
2007-05-28,,,,,,,33.250000
2007-05-29,,,,,,,33.049999
2007-05-30,,,,,,,33.020000
2007-05-31,,,,,,,33.075001
2007-06-01,,,,,,,32.990002
2007-06-04,,,,,,,33.070000
2007-06-05,,,,,,,33.014999
2007-06-06,,,,,,,33.070000
2007-06-07,,,,,,,33.075001
2007-06-08,,,,,,,32.990002
2007-06-11,,,,,,,33.006001
2007-06-12,,,,,,,33.020000
2007-06-13,,,,,,,33.075001
2007-06-14,,,,,,,33.180000
2007-06-15,,,,,,,33.139999
2007-06-18,,,,,,,33.167999
2007-06-19,,,,,,,33.154999
2007-06-20,,,,,,,33.001999
2007-06-21,,,,,,,32.720001
2007-06-22,,,,,,,32.750000
2007-06-25,,,,,,,32.758999
2007-06-26,,,,,,,32.754002
2007-06-27,,,,,,,32.779999
2007-06-28,,,,,,,32.830002
2007-06-29,,,,,,,32.810001
2007-07-02,,,,,,,32.759998
2007-07-03,,,,,,,32.770000
2007-07-04,,,,,,,32.799999
2007-07-05,,,,,,,32.775002
2007-07-06,,,,,,,32.810001
2007-07-09,,,,,,,32.779999
2007-07-10,,,,,,,32.770000
2007-07-11,,,,,,,32.764000
2007-07-12,,,,,,,32.844002
2007-07-13,,,,,,,32.790001
2007-07-16,,,,,,,32.834999
2007-07-17,,,,,,,32.847000
2007-07-18,,,,,,,32.811001
2007-07-19,,,,,,,32.820000
2007-07-20,,,,,,,32.799999
2007-07-23,,,,,,,32.799999
2007-07-24,,,,,,,32.759998
2007-07-25,,,,,,,32.819000
2007-07-26,,,,,,,32.875000
2007-07-27,,,,,,,32.924999
2007-07-30,,,,,,,32.762001
2007-07-31,,,,,,,32.889999
2007-08-01,,,,,,,32.898998
2007-08-02,,,,,,,32.865002
2007-08-03,,,,,,,32.909000
2007-08-06,,,,,,,32.910000
2007-08-07,,,,,,,32.911999
2007-08-08,,,,,,,32.939999
2007-08-09,,,,,,,32.924000
2007-08-10,,,,,,,32.959999
2007-08-13,,,,,,,32.970001
2007-08-14,,,,,,,32.985001
2007-08-15,,,,,,,33.049999
2007-08-16,,,,,,,32.990002
2007-08-17,,,,,,,32.840000
2007-08-20,,,,,,,32.827999
2007-08-21,,,,,,,33.040001
2007-08-22,,,,,,,32.978001
2007-08-23,,,,,,,32.992001
2007-08-24,,,,,,,32.970001
2007-08-27,,,,,,,32.980000
2007-08-28,,,,,,,33.049999
2007-08-29,,,,,,,33.029999
2007-08-30,,,,,,,33.060001
2007-08-31,,,,,,,32.990002
2007-09-03,,,,,,,33.009998
2007-09-04,,,,,,,33.070000
2007-09-05,,,,,,,33.090000
2007-09-06,,,,,,,33.025002
2007-09-07,,,,,,,33.040001
2007-09-11,,,,,,,33.080002
2007-09-12,,,,,,,33.061001
2007-09-13,,,,,,,33.073002
2007-09-14,,,,,,,33.080002
2007-09-17,,,,,,,33.122002
2007-09-18,,,,,,,33.099998
2007-09-19,,,,,,,33.090000
2007-09-20,,,,,,,33.110001
2007-09-21,,,,,,,32.950001
2007-09-24,,,,,,,32.900002
2007-09-25,,,,,,,33.000000
2007-09-26,,,,,,,32.950001
2007-09-27,,,,,,,32.869999
2007-09-28,,,,,,,32.589001
2007-10-01,,,,,,,32.605000
2007-10-02,,,,,,,32.584999
2007-10-03,,,,,,,32.619999
2007-10-04,,,,,,,32.590000
2007-10-05,,,,,,,32.599998
2007-10-08,,,,,,,32.630001
2007-10-09,,,,,,,32.639999
2007-10-10,,,,,,,32.599998
2007-10-11,,,,,,,32.560001
2007-10-12,,,,,,,32.580002
2007-10-15,,,,,,,32.630001
2007-10-16,,,,,,,32.695000
2007-10-17,,,,,,,32.653999
2007-10-18,,,,,,,32.639999
2007-10-19,,,,,,,32.590000
2007-10-22,,,,,,,32.580002
2007-10-23,,,,,,,32.595001
2007-10-24,,,,,,,32.610001
2007-10-25,,,,,,,32.535000
2007-10-26,,,,,,,32.439999
2007-10-29,,,,,,,32.438999
2007-10-30,,,,,,,32.450001
2007-10-31,,,,,,,32.306999
2007-11-01,,,,,,,32.470001
2007-11-02,,,,,,,32.416000
2007-11-05,,,,,,,32.450001
2007-11-06,,,,,,,32.424999
2007-11-07,,,,,,,32.380001
2007-11-08,,,,,,,32.284000
2007-11-09,,,,,,,32.270000
2007-11-12,,,,,,,32.279999
2007-11-13,,,,,,,32.231998
2007-11-14,,,,,,,32.249001
2007-11-15,,,,,,,32.340000
2007-11-16,,,,,,,32.349998
2007-11-19,,,,,,,32.355999
2007-11-20,,,,,,,32.349998
2007-11-21,,,,,,,32.389999
2007-11-22,,,,,,,32.358002
2007-11-23,,,,,,,32.369999
2007-11-27,,,,,,,32.303001
2007-11-28,,,,,,,32.369999
2007-11-29,,,,,,,32.270000
2007-11-30,,,,,,,32.259998
2007-12-03,,,,,,,32.312000
2007-12-04,,,,,,,32.348999
2007-12-05,,,,,,,32.327999
2007-12-06,,,,,,,32.310001
2007-12-07,,,,,,,32.299999
2007-12-10,,,,,,,32.369999
2007-12-11,,,,,,,32.382999
2007-12-12,,,,,,,32.339001
2007-12-13,,,,,,,32.451000
2007-12-14,,,,,,,32.360001
2007-12-17,,,,,,,32.599998
2007-12-19,,,,,,,32.544998
2007-12-20,,,,,,,32.514999
2007-12-21,,,,,,,32.459999
2007-12-24,,,,,,,32.480000
2007-12-25,,,,,,,32.502998
2007-12-26,,,,,,,32.570000
2007-12-27,,,,,,,32.544998
2007-12-28,,,,,,,32.500000
2007-12-31,,,,,,,32.430000
2008-01-01,,,,,,,32.384998
2008-01-02,,,,,,,32.485001
2008-01-03,,,,,,,32.445000
2008-01-04,,,,,,,32.410000
2008-01-07,,,,,,,32.520000
2008-01-08,,,,,,,32.473999
2008-01-09,,,,,,,32.487000
2008-01-10,,,,,,,32.485001
2008-01-11,,,,,,,32.439999
2008-01-14,,,,,,,32.259998
2008-01-15,,,,,,,32.189999
2008-01-16,,,,,,,32.280998
2008-01-17,,,,,,,32.310001
2008-01-18,,,,,,,32.310001
2008-01-21,,,,,,,32.432999
2008-01-22,,,,,,,32.287998
2008-01-23,,,,,,,32.450001
2008-01-24,,,,,,,32.299999
2008-01-25,,,,,,,32.279999
2008-01-28,,,,,,,32.305000
2008-01-29,,,,,,,32.270000
2008-01-30,,,,,,,32.233002
2008-01-31,,,,,,,32.200001
2008-02-01,,,,,,,31.983000
2008-02-04,,,,,,,32.043999
2008-02-05,,,,,,,31.999001
2008-02-06,,,,,,,32.020000
2008-02-07,,,,,,,32.044998
2008-02-08,,,,,,,31.990000
2008-02-11,,,,,,,32.049999
2008-02-12,,,,,,,31.747000
2008-02-13,,,,,,,31.636999
2008-02-14,,,,,,,31.684999
2008-02-15,,,,,,,31.709999
2008-02-18,,,,,,,31.712000
2008-02-19,,,,,,,31.634001
2008-02-20,,,,,,,31.551001
2008-02-21,,,,,,,31.409000
2008-02-22,,,,,,,31.370001
2008-02-25,,,,,,,31.271000
2008-02-26,,,,,,,31.169001
2008-02-27,,,,,,,30.855000
2008-02-28,,,,,,,30.760000
2008-02-29,,,,,,,30.910000
2008-03-03,,,,,,,31.028000
2008-03-04,,,,,,,30.902000
2008-03-05,,,,,,,30.799999
2008-03-06,,,,,,,30.820000
2008-03-07,,,,,,,30.632000
2008-03-10,,,,,,,30.587999
2008-03-11,,,,,,,30.525000
2008-03-12,,,,,,,30.629999
2008-03-13,,,,,,,30.679001
2008-03-14,,,,,,,30.709999
2008-03-17,,,,,,,30.788000
2008-03-18,,,,,,,30.580000
2008-03-19,,,,,,,30.860001
2008-03-20,,,,,,,30.540001
2008-03-21,,,,,,,30.457001
2008-03-24,,,,,,,30.020000
2008-03-25,,,,,,,30.080000
2008-03-26,,,,,,,30.059999
2008-03-27,,,,,,,30.216000
2008-03-28,,,,,,,30.379999
2008-03-31,,,,,,,30.415001
2008-04-02,,,,,,,30.344999
2008-04-03,,,,,,,30.455000
2008-04-04,,,,,,,30.489000
2008-04-07,,,,,,,30.450001
2008-04-08,,,,,,,30.530001
2008-04-09,,,,,,,30.459999
2008-04-10,,,,,,,30.275000
2008-04-11,,,,,,,30.309999
2008-04-14,,,,,,,30.344999
2008-04-15,,,,,,,30.267000
2008-04-16,,,,,,,30.174999
2008-04-17,,,,,,,30.305000
2008-04-18,,,,,,,30.270000
2008-04-21,,,,,,,30.275000
2008-04-22,,,,,,,30.252001
2008-04-23,,,,,,,30.309999
2008-04-24,,,,,,,30.350000
2008-04-25,,,,,,,30.340000
2008-04-28,,,,,,,30.410000
2008-04-29,,,,,,,30.447001
2008-04-30,,,,,,,30.475000
2008-05-02,,,,,,,30.440001
2008-05-05,,,,,,,30.455999
2008-05-06,,,,,,,30.434999
2008-05-07,,,,,,,30.652000
2008-05-08,,,,,,,30.819000
2008-05-09,,,,,,,30.639999
2008-05-12,,,,,,,30.747000
2008-05-13,,,,,,,30.930000
2008-05-14,,,,,,,31.030001
2008-05-15,,,,,,,30.830000
2008-05-16,,,,,,,30.680000
2008-05-19,,,,,,,30.502001
2008-05-20,,,,,,,30.570000
2008-05-21,,,,,,,30.535000
2008-05-22,,,,,,,30.379999
2008-05-23,,,,,,,30.490000
2008-05-26,,,,,,,30.465000
2008-05-27,,,,,,,30.535000
2008-05-28,,,,,,,30.530001
2008-05-29,,,,,,,30.469999
2008-05-30,,,,,,,30.400000
2008-06-02,,,,,,,30.177000
2008-06-03,,,,,,,30.370001
2008-06-04,,,,,,,30.412001
2008-06-05,,,,,,,30.384001
2008-06-06,,,,,,,30.320000
2008-06-09,,,,,,,30.330000
2008-06-10,,,,,,,30.407000
2008-06-11,,,,,,,30.382000
2008-06-12,,,,,,,30.458000
2008-06-13,,,,,,,30.370001
2008-06-16,,,,,,,30.374001
2008-06-17,,,,,,,30.289000
2008-06-18,,,,,,,30.396999
2008-06-19,,,,,,,30.399000
2008-06-20,,,,,,,30.370001
2008-06-23,,,,,,,30.462999
2008-06-24,,,,,,,30.382000
2008-06-25,,,,,,,30.320000
2008-06-26,,,33.787491,,,,30.403000
2008-06-27,,,33.732967,,,,30.420000
2008-06-30,,,33.760197,,,,30.337999
2008-07-01,,,33.460377,,,,
2008-07-02,,,32.969696,,,,30.405001
2008-07-03,,,33.058281,,,,30.389999
2008-07-04,,,,,,,30.427999
2008-07-07,,,32.990147,,,,30.389000
2008-07-08,,,33.051487,,,,30.393000
2008-07-09,,,32.669861,,,,30.424000
2008-07-10,,,32.615341,,,,30.448000
2008-07-11,,,32.472240,,,,30.393000
2008-07-14,,,32.363194,,,,30.395000
2008-07-15,,,31.865728,,,,30.365999
2008-07-16,,,32.519936,,,,30.410000
2008-07-17,,,32.935627,,,,30.309999
2008-07-18,,,32.901554,,,,30.325001
2008-07-21,,,33.003773,,,,30.340000
2008-07-22,,,33.187778,,,,30.354000
2008-07-23,,,33.446728,,,,30.398001
2008-07-24,,,32.710735,,,,30.424999
2008-07-25,,,32.853851,,,,30.450001
2008-07-28,,,32.329132,,,,30.466000
2008-07-29,,,32.642605,,,,30.500000
2008-07-30,,,33.187778,,,,30.606001
2008-07-31,,,32.853851,,,,30.645000
2008-08-01,,,32.663044,,,,
2008-08-04,,,32.186016,,,,
2008-08-05,,,32.976528,,,,
2008-08-06,,,33.194599,,,,
2008-08-07,,,32.438152,,,,
2008-08-08,,,32.867489,,,,
2008-08-11,,,33.065121,,,,
2008-08-12,,,32.608536,,,,
2008-08-13,,,32.247341,,,,
2008-08-14,,,32.390446,,,,
2008-08-15,,,32.363194,,,,
2008-08-18,,,31.824818,,,,
2008-08-19,,,31.552242,,,,
2008-08-20,,,31.838461,,,,
2008-08-21,,,32.083794,,,,
2008-08-22,,,32.254158,,,,
2008-08-25,,,31.661282,,,,
2008-08-26,,,31.824818,,,,31.577000
2008-08-27,,,31.865728,,,,31.548000
2008-08-28,,,32.540375,,,,31.565001
2008-08-29,,,32.247341,,,,31.520000
2008-09-01,,,,,,,31.660000
2008-09-02,,,31.347795,,,,31.801001
2008-09-03,,,31.456846,,,,31.780001
2008-09-04,,,30.298338,,,,31.917000
2008-09-05,,,30.100698,,,,31.790001
2008-09-08,,,30.952543,,,,31.837999
2008-09-09,,,30.182468,,,,31.900000
2008-09-10,,,30.427814,,,,32.089001
2008-09-11,,,30.407368,,,,32.020000
2008-09-12,,,30.748095,,,,31.879999
2008-09-15,,,29.487383,,,,32.139999
2008-09-16,,,29.978025,,,,32.049999
2008-09-17,,,28.356129,,,,32.119999
2008-09-18,,,29.848537,,,,32.174999
2008-09-19,,,31.627213,,,,32.110001
2008-09-22,,,30.482317,,,,31.990000
2008-09-23,,,30.679955,,,,31.959999
2008-09-24,,,29.712255,,,,32.014999
2008-09-25,,,30.557295,,,,32.049999
2008-09-26,,,30.850323,,,,32.000000
2008-09-29,,,28.894487,,,,32.410000
2008-09-30,,,29.310190,,,,32.325001
2008-10-01,,,28.880863,,,,32.160000
2008-10-02,,,27.327103,,,,32.237000
2008-10-03,,,27.088585,,,,32.110001
2008-10-06,,,25.793776,,,,32.459999
2008-10-07,,,24.608025,,,,32.369999
2008-10-08,,,24.226397,,,,32.500000
2008-10-09,,,23.067892,,,,32.360001
2008-10-10,,,22.338711,,,,32.419998
2008-10-13,,,25.344013,,,,32.248001
2008-10-14,,,25.882378,,,,32.445000
2008-10-15,,,22.740788,,,,32.450001
2008-10-16,,,23.279152,,,,32.556999
2008-10-17,,,23.054268,,,,32.549999
2008-10-20,,,24.669355,,,,32.625000
2008-10-21,,,23.142859,,,,32.674999
2008-10-22,,,21.445978,,,,33.000000
2008-10-23,,,21.398279,,,,33.200001
2008-10-24,,,21.241541,,,,33.384998
2008-10-27,,,20.055780,,,,33.630001
2008-10-28,,,21.261984,,,,33.500000
2008-10-29,,,22.829378,,,,33.097000
2008-10-30,,,23.027002,,,,32.970001
2008-10-31,,,23.027002,,,,33.014999
2008-11-03,,,23.040630,,,,32.915001
2008-11-04,,,24.280910,,,,32.875000
2008-11-05,,,23.006554,,,,32.750000
2008-11-06,,,21.650434,,,,32.860001
2008-11-07,,,22.706705,,,,32.759998
2008-11-10,,,22.495447,,,,32.895000
2008-11-11,,,21.602724,,,,32.924999
2008-11-12,,,20.614586,,,,33.000000
2008-11-13,,,22.154711,,,,33.095001
2008-11-14,,,20.832663,,,,33.009998
2008-11-17,,,20.655478,,,,33.283001
2008-11-18,,,20.805395,,,,33.259998
2008-11-19,,,19.428818,,,,33.334999
2008-11-20,,,18.140844,,,,33.459999
2008-11-21,,,19.565107,,,,33.380001
2008-11-24,,,20.580509,,,,33.450001
2008-11-25,,,20.791761,,,,33.349998
2008-11-26,,,21.296066,,,,33.185001
2008-11-27,,,,,,,33.290001
2008-11-28,,,21.459610,,,,33.279999
2008-12-01,,,19.694595,,,,33.485001
2008-12-02,,,20.635035,,,,33.439999
2008-12-03,,,21.050728,,,,33.570000
2008-12-04,,,20.267029,,,,33.568001
2008-12-05,,,20.914438,,,,33.540001
2008-12-08,,,21.779896,,,,33.459999
2008-12-09,,,21.466427,,,,33.535000
2008-12-10,,,21.902573,,,,33.500000
2008-12-11,,,21.575460,,,,33.230000
2008-12-12,,,21.773096,,,,33.240002
2008-12-15,,,21.602724,,,,33.090000
2008-12-16,,,22.781668,,,,32.910000
2008-12-17,,,22.672638,,,,32.625000
2008-12-18,,,21.970724,,,,32.470001
2008-12-19,,,21.888941,,,,32.500000
2008-12-22,,,21.650434,,,,32.985001
2008-12-23,,,21.452795,,,,33.029999
2008-12-24,,,21.592039,,,,33.000000
2008-12-25,,,,,,,33.000000
2008-12-26,,,21.777227,,,,33.035000
2008-12-29,,,21.763506,,,,33.009998
2008-12-30,,,22.332802,,,,32.715000
2008-12-31,,,22.620886,,,,32.849998
2009-01-01,,,,,,,32.849998
2009-01-02,,,23.231329,20.344067,,,32.770000
2009-01-05,,,23.299915,22.646467,,,33.154999
2009-01-06,,,23.217607,22.634096,,,33.044998
2009-01-07,,,22.703182,19.935577,,,33.075001
2009-01-08,,,22.627745,18.666784,,,33.130001
2009-01-09,,,22.079023,19.941769,,,33.209999
2009-01-12,,,21.516586,21.161057,,,33.299999
2009-01-13,,,21.331398,20.214098,,,33.290001
2009-01-14,,,20.583769,21.520027,,,33.250000
2009-01-15,,,20.823824,19.186680,,,33.340000
2009-01-16,,,21.077614,18.567762,,,33.349998
2009-01-19,,,,20.876347,,,33.570000
2009-01-20,,,19.527487,20.325504,,,33.509998
2009-01-21,,,20.576912,18.877218,,,33.625000
2009-01-22,,,20.179083,,,,33.575001
2009-01-23,,,20.206526,,,,33.680000
2009-01-26,,,20.343700,,,,33.689999
2009-01-27,,,20.734669,,,,33.730000
2009-01-28,,,21.372551,,,,33.605000
2009-01-29,,,20.460300,,,,33.695000
2009-01-30,,,20.165373,,,,33.700001
2009-02-02,,,20.131086,20.449286,,,33.750000
2009-02-03,,,20.528902,19.477575,,,33.639999
2009-02-04,,,20.384853,19.613737,,,33.689999
2009-02-05,,,21.276520,19.452816,,,33.674999
2009-02-06,,,21.399986,19.929390,,,33.580002
2009-02-09,,,21.338255,21.520027,,,33.750000
2009-02-10,,,20.343700,21.650003,,,33.840000
2009-02-11,,,20.487740,19.143353,,,33.939999
2009-02-12,,,20.439726,21.421000,,,34.040001
2009-02-13,,,20.364285,20.597828,,,34.029999
2009-02-16,,,,21.990414,,,34.209999
2009-02-17,,,19.273710,20.077932,,,34.549999
2009-02-18,,,19.157103,18.703915,,,34.599998
2009-02-19,,,19.102232,21.798546,,,34.570000
2009-02-20,,,18.519211,21.253891,,,34.799999
2009-02-23,,,18.224283,20.077932,,,34.610001
2009-02-24,,,18.937616,21.297216,,,34.709999
2009-02-25,,,18.663254,20.263605,,,34.740002
2009-02-26,,,18.532934,20.300743,,,34.799999
2009-02-27,,,18.244862,20.455479,,,35.000000
2009-03-02,,,17.312037,19.762283,,,35.169998
2009-03-03,,,17.168001,19.774658,,,35.080002
2009-03-04,,,17.895058,20.269798,,,35.080002
2009-03-05,,,17.161140,20.703054,,,34.930000
2009-03-06,,,17.099419,22.293684,,,34.660000
2009-03-09,,,16.804478,20.622587,,,34.770000
2009-03-10,,,17.997936,20.721617,,,34.540001
2009-03-11,,,18.011656,21.198183,,,34.450001
2009-03-12,,,18.676979,21.074402,,,34.430000
2009-03-13,,,19.205114,21.662376,,,34.419998
2009-03-16,,,18.786711,21.990414,,,34.400002
2009-03-17,,,19.342291,22.386518,,,34.209999
2009-03-18,,,19.794985,22.343201,,,34.130001
2009-03-19,,,19.692101,22.219412,,,33.900002
2009-03-20,,,19.335436,21.922325,,,33.799999
2009-03-23,,,20.830690,22.634096,,,33.720001
2009-03-24,,,20.233952,23.147804,,,33.770000
2009-03-25,,,20.515179,23.407749,,,33.820000
2009-03-26,,,20.864981,23.581047,,,33.700001
2009-03-27,,,20.288839,23.376801,,,33.759998
2009-03-30,,,19.452038,22.460793,,,34.090000
2009-03-31,,,19.856716,22.677422,,,33.869999
2009-04-01,,,20.275114,,,,33.770000
2009-04-02,,,21.132483,23.878136,,,33.099998
2009-04-03,,,21.228516,23.890509,,,33.150002
2009-04-06,,,21.009024,24.008112,,,33.209999
2009-04-07,,,20.528902,24.014297,,,33.570000
2009-04-08,,,20.851267,23.352047,,,33.830002
2009-04-09,,,21.578316,24.311375,,,33.709999
2009-04-10,,,,24.738441,,,33.740002
2009-04-13,,,21.708639,24.868416,,,33.849998
2009-04-14,,,21.413706,25.066465,,,33.590000
2009-04-15,,,21.674339,24.911739,,,33.779999
2009-04-16,,,21.928131,25.499720,,,33.759998
2009-04-17,,,21.886969,24.682737,,,33.750000
2009-04-20,,,20.885569,24.862223,,,33.810001
2009-04-21,,,21.351973,25.239767,,,33.849998
2009-04-22,,,21.228516,25.159309,,,33.799999
2009-04-23,,,21.674339,25.041712,,,33.799999
2009-04-24,,,21.914413,25.066465,,,33.650002
2009-04-27,,,21.667486,24.459923,,,33.680000
2009-04-28,,,21.489157,24.169027,,,33.720001
2009-04-29,,,22.051592,24.385654,,,33.590000
2009-04-30,,,22.250500,26.087698,,,33.090000
2009-05-01,,,22.511139,,,,33.139999
2009-05-04,,,23.375360,27.913525,,,32.970001
2009-05-05,,,23.238194,28.656237,,,33.000000
2009-05-06,,,23.608580,28.718130,,,33.139999
2009-05-07,,,23.341070,28.656237,,,33.110001
2009-05-08,,,24.171011,28.365339,,,33.009998
2009-05-11,,,23.471390,28.594339,,,32.869999
2009-05-12,,,23.601707,27.604063,,,32.810001
2009-05-13,,,22.915819,27.647383,,,32.880001
2009-05-14,,,23.087294,27.016083,,,32.880001
2009-05-15,,,22.963831,27.727850,,,32.860001
2009-05-18,,,23.855494,27.888769,,,32.939999
2009-05-19,,,23.951525,28.532450,,,32.820000
2009-05-20,,,23.937805,28.656237,,,32.790001
2009-05-21,,,23.718317,28.439608,,,32.580002
2009-05-22,,,23.800623,28.334394,,,32.529999
2009-05-25,,,,28.303446,,,32.540001
2009-05-26,,,24.294468,28.222984,,,32.619999
2009-05-27,,,23.882935,29.708405,,,32.570000
2009-05-28,,,24.267040,,,,32.590000
2009-05-29,,,24.609989,,,,32.549999
2009-06-01,,,25.337029,29.535110,,,32.180000
2009-06-02,,,25.295870,29.615568,,,32.380001
2009-06-03,,,24.767746,29.578430,,,32.490002
2009-06-04,,,25.007805,28.903809,,,32.529999
2009-06-05,,,24.884342,28.854292,,,32.619999
2009-06-08,,,24.767746,28.291075,,,32.900002
2009-06-09,,,24.987228,27.511225,,,32.700001
2009-06-10,,,24.911781,27.758793,,,32.730000
2009-06-11,,,25.289026,28.006357,,,32.669998
2009-06-12,,,25.220430,27.641197,,,32.750000
2009-06-15,,,24.452232,26.638538,,,32.910000
2009-06-16,,,24.122999,26.644732,,,32.869999
2009-06-17,,,24.020109,26.595215,,,32.849998
2009-06-18,,,24.074978,26.459053,,,32.849998
2009-06-19,,,24.143574,26.768515,,,32.849998
2009-06-22,,,23.402807,27.170816,,,32.880001
2009-06-23,,,23.656588,26.520941,,,32.810001
2009-06-24,,,23.876070,27.282215,,,32.849998
2009-06-25,,,24.383638,27.591681,,,32.919998
2009-06-26,,,24.397356,27.604063,,,32.810001
2009-06-29,,,24.596264,27.406004,,,32.869999
2009-06-30,,,24.184727,27.517414,,,32.810001
2009-07-01,,,24.616844,28.130152,,,32.660000
2009-07-02,,,23.889793,28.408667,,,32.860001
2009-07-03,,,,28.346775,,,32.880001
2009-07-06,,,23.855494,28.278696,,,32.930000
2009-07-07,,,23.375360,28.588154,,,32.939999
2009-07-08,,,23.313639,28.260120,,,33.020000
2009-07-09,,,23.519407,28.780014,,,32.910000
2009-07-10,,,23.409672,28.953316,,,33.000000
2009-07-13,,,23.862354,28.037319,,,33.099998
2009-07-14,,,24.020109,28.557201,,,33.020000
2009-07-15,,,24.843185,29.120424,,,32.849998
2009-07-16,,,24.959791,29.368004,,,32.849998
2009-07-17,,,25.014664,29.627953,,,32.830002
2009-07-20,,,25.487938,30.017868,,,32.740002
2009-07-21,,,25.487938,29.955980,,,32.740002
2009-07-22,,,25.563379,30.005497,,,32.770000
2009-07-23,,,26.132683,30.024061,,,32.730000
2009-07-24,,,26.201267,29.943596,,,32.779999
2009-07-27,,,26.297279,30.222122,,,32.799999
2009-07-28,,,26.187551,30.760578,,,32.709999
2009-07-29,,,25.906326,30.543957,,,32.889999
2009-07-30,,,26.434469,30.234489,,,32.799999
2009-07-31,,,26.633377,30.339716,,,32.799999
2009-08-03,,,27.209528,30.444933,,,32.799999
2009-08-04,,,27.120359,30.110712,,,32.799999
2009-08-05,,,27.092926,29.739357,,,32.650002
2009-08-06,,,26.914610,29.795065,,,32.700001
2009-08-07,,,27.106644,29.795065,,,32.730000
2009-08-10,,,26.935173,29.869329,,,32.779999
2009-08-11,,,26.647091,29.968355,,,32.900002
2009-08-12,,,26.942020,29.863142,,,32.799999
2009-08-13,,,27.278120,30.550140,,,32.820000
2009-08-14,,,26.996899,30.711058,,,32.889999
2009-08-17,,,26.194401,30.116899,,,32.840000
2009-08-18,,,26.551065,29.720785,,,32.910000
2009-08-19,,,26.660814,29.621758,,,32.959999
2009-08-20,,,26.969467,29.460842,,,32.900002
2009-08-21,,,27.518192,29.200891,,,32.790001
2009-08-24,,,27.552481,30.141651,,,32.770000
2009-08-25,,,27.627939,29.912653,,,32.849998
2009-08-26,,,27.538767,29.708405,,,32.939999
2009-08-27,,,27.621082,29.553679,,,32.869999
2009-08-28,,,27.614204,29.955980,,,32.840000
2009-08-31,,,27.346716,29.986927,,,32.900002
2009-09-01,,,26.749989,31.070042,,,32.900002
2009-09-02,,,26.797995,31.070042,,,32.810001
2009-09-03,,,27.092926,31.224779,,,32.830002
2009-09-04,,,27.435883,31.596138,,,32.830002
2009-09-07,,,,32.060318,,,32.799999
2009-09-08,,,27.936588,32.493561,,,32.639999
2009-09-09,,,28.190365,32.215054,,,32.650002
2009-09-10,,,28.485298,32.710190,,,32.660000
2009-09-11,,,28.451000,32.493561,,,32.490002
2009-09-14,,,28.540173,32.091274,,,32.580002
2009-09-15,,,28.663631,32.462627,,,32.580002
2009-09-16,,,29.157475,32.926815,,,32.400002
2009-09-17,,,29.109463,32.895874,,,32.380001
2009-09-18,,,29.123178,32.988705,,,32.369999
2009-09-21,,,28.883125,32.895874,,,32.410000
2009-09-22,,,29.294653,32.772095,,,32.279999
2009-09-23,,,28.924269,32.617359,,,32.270000
2009-09-24,,,28.499018,32.184101,,,32.330002
2009-09-25,,,28.430414,32.400742,,,32.400002
2009-09-28,,,28.855684,32.060318,,,32.389999
2009-09-29,,,28.814531,32.710190,,,32.389999
2009-09-30,,,28.780237,32.988705,,,31.959999
2009-10-01,,,28.032608,33.205334,,,32.060001
2009-10-02,,,27.895428,32.617359,,,32.169998
2009-10-05,,,28.279545,32.586414,,,32.080002
2009-10-06,,,28.629324,33.174393,,,32.029999
2009-10-07,,,28.766520,33.360065,,,32.000000
2009-10-08,,,29.164337,32.833981,,,32.090000
2009-10-09,,,29.205492,33.019653,,,32.240002
2009-10-12,,,29.356380,33.174393,,,32.180000
2009-10-13,,,29.294653,33.236282,,,32.250000
2009-10-14,,,29.980556,33.638580,,,32.290001
2009-10-15,,,30.014849,33.824265,,,32.200001
2009-10-16,,,29.671902,33.824265,,,32.270000
2009-10-19,,,30.090305,33.948032,,,32.290001
2009-10-20,,,29.781637,33.979000,,,32.220001
2009-10-21,,,29.665049,33.731419,,,32.330002
2009-10-22,,,29.966825,33.236282,,,32.410000
2009-10-23,,,29.555298,32.957775,,,32.380001
2009-10-26,,,29.157475,33.112495,,,32.439999
2009-10-27,,,28.910555,33.050613,,,32.410000
2009-10-28,,,28.101196,32.524517,,,32.500000
2009-10-29,,,29.082029,31.905596,,,32.400002
2009-10-30,,,28.053202,31.967495,,,32.599998
2009-11-02,,,28.238392,31.781807,,,32.560001
2009-11-03,,,28.300112,31.565186,,,32.560001
2009-11-04,,,28.485298,32.153156,,,32.439999
2009-11-05,,,28.951714,32.091274,,,32.439999
2009-11-06,,,28.951714,32.338837,,,32.470001
2009-11-09,,,29.815933,32.648296,,,32.299999
2009-11-10,,,29.761080,32.895874,,,32.360001
2009-11-11,,,29.939409,33.329113,,,32.330002
2009-11-12,,,29.507277,33.298168,,,32.279999
2009-11-13,,,29.809084,33.205334,,,32.130001
2009-11-16,,,30.275492,33.762367,,,32.000000
2009-11-17,,,30.206905,33.483856,,,32.099998
2009-11-18,,,30.460682,33.514793,,,32.060001
2009-11-19,,,29.713058,33.391010,,,32.380001
2009-11-20,,,29.514137,33.081554,,,32.380001
2009-11-23,,,30.007998,33.050613,,,32.180000
2009-11-24,,,29.843372,33.205334,,,32.169998
2009-11-25,,,30.200048,33.421963,,,32.180000
2009-11-26,,,,33.329113,,,32.160000
2009-11-27,,,29.418116,32.307896,,,32.270000
2009-11-30,,,29.548458,32.617359,,,32.209999
2009-12-01,,,30.172604,32.957775,,,32.119999
2009-12-02,,,30.227482,33.050613,,,32.080002
2009-12-03,,,30.021700,33.081554,,,32.080002
2009-12-04,,,30.076582,32.864925,,,32.150002
2009-12-07,,,29.918810,33.391010,,,32.270000
2009-12-08,,,29.521006,33.236282,,,32.180000
2009-12-09,,,29.575872,33.329113,,,32.270000
2009-12-10,,,29.713058,32.803028,,,32.250000
2009-12-11,,,29.761080,33.329113,,,32.130001
2009-12-14,,,29.994284,33.360065,,,32.250000
2009-12-15,,,29.767935,33.267235,,,32.279999
2009-12-16,,,29.946259,32.926815,,,32.270000
2009-12-17,,,29.356380,33.050613,,,32.340000
2009-12-18,,,29.493568,32.957775,,,32.349998
2009-12-21,,,29.651339,33.236282,,,32.320000
2009-12-22,,,29.822802,33.514793,,,32.310001
2009-12-23,,,29.987423,33.762367,,,32.310001
2009-12-24,,,30.169876,34.102783,,,32.200001
2009-12-25,,,,34.164673,,,32.240002
2009-12-28,,,30.239531,34.412239,,,32.220001
2009-12-29,,,30.225594,34.350353,,,32.279999
2009-12-30,,,30.162903,34.474133,,,32.189999
2009-12-31,,,30.009701,34.938328,,,31.950001
2010-01-04,,,30.713104,34.969280,,,31.660000
2010-01-05,,,30.803637,34.969280,,,31.860001
2010-01-06,,,30.956865,35.619137,,,31.780001
2010-01-07,,,30.838467,35.526299,,,31.809999
2010-01-08,,,31.040440,35.742928,,,31.790001
2010-01-11,,,31.137941,35.835777,,,31.730000
2010-01-12,,,30.789719,35.650097,,,31.809999
2010-01-13,,,31.026510,35.124004,,,31.719999
2010-01-14,,,31.110086,35.557251,,,31.730000
2010-01-15,,,30.768816,35.773876,,,31.750000
2010-01-18,,,,35.588196,,,31.709999
2010-01-19,,,31.130985,35.124004,,,31.790001
2010-01-20,,,30.511135,34.907379,,,31.879999
2010-01-21,,,29.835583,34.628868,,,31.930000
2010-01-22,,,29.222727,33.669525,,,31.940001
2010-01-25,,,29.445585,33.545742,,,31.889999
2010-01-26,,,29.299337,32.772095,,,31.990000
2010-01-27,,,29.194855,32.741146,,,32.020000
2010-01-28,,,28.763065,33.452900,,,31.940001
2010-01-29,,,28.477533,32.803028,,,31.920000
2010-02-01,,,29.055582,32.431686,,,31.980000
2010-02-02,,,29.501303,32.091274,,,32.009998
2010-02-03,,,29.250578,32.648296,,,31.969999
2010-02-04,,,28.212873,32.524517,,,32.060001
2010-02-05,,,27.969124,31.410452,,,32.070000
2010-02-08,,,27.788050,31.472345,,,32.060001
2010-02-09,,,28.386988,31.905596,,,32.009998
2010-02-10,,,28.233778,32.246002,,,32.060001
2010-02-11,,,28.602890,,,,32.000000
2010-02-12,,,28.428776,,,,32.099998
2010-02-15,,,,,,,32.070000
2010-02-16,,,29.013783,,,,32.040001
2010-02-17,,,29.125219,,,,31.969999
2010-02-18,,,29.292358,,,,31.990000
2010-02-19,,,29.222727,,,,32.009998
2010-02-22,,,29.250578,32.555466,,,32.000000
2010-02-23,,,28.721283,32.555466,,,32.060001
2010-02-24,,,28.965040,32.338837,,,32.020000
2010-02-25,,,28.902357,31.967495,,,32.040001
2010-02-26,,,29.069504,31.905596,,,31.980000
2010-03-01,,,29.327179,32.679241,,,31.980000
2010-03-02,,,29.577908,32.586414,,,31.969999
2010-03-03,,,29.675415,32.586414,,,31.930000
2010-03-04,,,29.731133,32.307896,,,31.920000
2010-03-05,,,30.260420,32.772095,,,31.840000
2010-03-08,,,30.295248,33.205334,,,31.860001
2010-03-09,,,30.295248,33.298168,,,31.780001
2010-03-10,,,30.434528,33.298168,,,31.799999
2010-03-11,,,30.490244,33.205334,,,31.730000
2010-03-12,,,30.545963,33.174393,,,31.700001
2010-03-15,,,30.420605,32.710190,,,31.790001
2010-03-16,,,30.761868,32.864925,,,31.780001
2010-03-17,,,30.894184,33.514793,,,31.690001
2010-03-18,,,30.775787,33.669525,,,31.799999
2010-03-19,,,30.545963,33.576698,,,31.680000
2010-03-22,,,30.629524,33.236282,,,31.780001
2010-03-23,,,30.901142,33.019653,,,31.770000
2010-03-24,,,30.650433,33.112495,,,31.799999
2010-03-25,,,30.552931,33.112495,,,31.790001
2010-03-26,,,30.671314,33.421963,,,31.830000
2010-03-29,,,30.956865,33.731419,,,31.780001
2010-03-30,,,31.033453,33.700478,,,31.719999
2010-03-31,,,31.005619,33.576698,,,31.740000
2010-04-01,,,31.388657,33.886154,,,31.750000
2010-04-02,,,,33.886154,,,31.680000
2010-04-05,,,31.625454,,,,31.639999
2010-04-06,,,31.632414,34.226559,,,31.719999
2010-04-07,,,31.388657,34.288452,,,31.520000
2010-04-08,,,31.437416,34.071835,,,31.520000
2010-04-09,,,31.743832,34.164673,,,31.500000
2010-04-12,,,31.806517,34.319401,,,31.480000
2010-04-13,,,31.778664,33.917103,,,31.500000
2010-04-14,,,32.161716,34.164673,,,31.370001
2010-04-15,,,32.126881,34.381298,,,31.330000
2010-04-16,,,31.500088,34.164673,,,31.400000
2010-04-19,,,31.465258,33.205334,,,31.420000
2010-04-20,,,31.702061,33.329113,,,31.379999
2010-04-21,,,31.590616,33.762367,,,31.320000
2010-04-22,,,31.493128,33.700478,,,31.360001
2010-04-23,,,31.750801,33.886154,,,31.320000
2010-04-26,,,31.695086,34.597916,,,31.280001
2010-04-27,,,30.713104,34.566967,,,31.299999
2010-04-28,,,30.761868,34.195614,,,31.370001
2010-04-29,,,31.277231,34.040886,,,31.330000
2010-04-30,,,30.866327,33.917103,,,31.280001
2010-05-03,,,31.151869,33.700478,,,31.410000
2010-05-04,,,30.107185,33.731419,,,31.440001
2010-05-05,,,29.717192,32.803028,,,31.580000
2010-05-06,,,28.575024,32.153156,,,31.740000
2010-05-07,,,28.366100,32.153156,,,31.670000
2010-05-10,,,29.981842,32.431686,,,31.480000
2010-05-11,,,29.619699,32.307896,,,31.590000
2010-05-12,,,29.981842,32.246002,,,31.610001
2010-05-13,,,29.647537,32.957775,,,31.660000
2010-05-14,,,28.951107,32.864925,,,31.754999
2010-05-17,,,29.006815,32.122215,,,31.799999
2010-05-18,,,28.519320,32.184101,,,31.790001
2010-05-19,,,28.331278,31.843695,,,32.000000
2010-05-20,,,27.258749,31.441397,,,32.099998
2010-05-21,,,27.857700,30.791525,,,32.139999
2010-05-24,,,27.432863,31.224779,,,32.080002
2010-05-25,,,27.244827,30.401604,,,32.250000
2010-05-26,,,27.077682,30.525383,,,32.150002
2010-05-27,,,28.345190,30.735821,,,32.029999
2010-05-28,,,27.815897,30.865795,,,31.980000
2010-05-31,,,,31.008158,,,31.920000
2010-06-01,,,27.474653,30.841043,,,32.259998
2010-06-02,,,28.247709,30.358274,,,32.189999
2010-06-03,,,28.275560,31.070042,,,32.139999
2010-06-04,,,27.210001,30.977201,,,32.209999
2010-06-07,,,26.875713,30.166414,,,32.470001
2010-06-08,,,27.258749,30.055010,,,32.380001
2010-06-09,,,27.189110,29.819813,,,32.400002
2010-06-10,,,28.052696,30.234489,,,32.340000
2010-06-11,,,28.171095,30.711058,,,32.330002
2010-06-14,,,28.157169,31.162874,,,32.200001
2010-06-15,,,29.006815,31.379509,,,32.250000
2010-06-16,,,28.930220,,,,32.220001
2010-06-17,,,28.944155,31.596138,,,32.180000
2010-06-18,,,28.978960,31.503290,,,32.130001
2010-06-21,,,29.041649,32.184101,,,31.730000
2010-06-22,,,28.575024,31.998434,,,32.080002
2010-06-23,,,28.616821,31.658016,,,32.020000
2010-06-24,,,28.108412,31.750853,,,32.029999
2010-06-25,,,28.296471,31.317612,,,32.049999
2010-06-28,,,28.157169,31.441397,,,32.044998
2010-06-29,,,27.237852,31.255722,,,32.110001
2010-06-30,,,27.035894,30.667742,,,32.230000
2010-07-01,,,27.112503,30.550140,,,32.169998
2010-07-02,,,27.077682,30.630608,,,32.240002
2010-07-05,,,,31.255722,,,32.150002
2010-07-06,,,27.425894,31.812761,,,32.189999
2010-07-07,,,28.240736,31.750853,,,32.150002
2010-07-08,,,28.477533,32.215054,,,32.130001
2010-07-09,,,28.672531,32.400742,,,32.040001
2010-07-12,,,28.547171,32.369778,,,32.060001
2010-07-13,,,29.013783,32.276939,,,32.154999
2010-07-14,,,29.020748,32.895874,,,32.130001
2010-07-15,,,29.062536,32.957775,,,32.110001
2010-07-16,,,28.212873,32.741146,,,32.080002
2010-07-19,,,28.400909,32.648296,,,32.090000
2010-07-20,,,28.735209,32.926815,,,32.080002
2010-07-21,,,28.324312,32.741146,,,32.099998
2010-07-22,,,29.104338,32.772095,,,32.145000
2010-07-23,,,29.362009,33.236282,,,32.099998
2010-07-26,,,29.584860,33.329113,,,32.049999
2010-07-27,,,29.605764,33.174393,,,31.969999
2010-07-28,,,29.473434,33.452900,,,32.009998
2010-07-29,,,29.466469,33.483856,,,31.980000
2010-07-30,,,29.522186,33.360065,,,31.969999
2010-08-02,,,30.330070,34.009941,,,31.730000
2010-08-03,,,30.176842,34.164673,,,31.719999
2010-08-04,,,30.316133,34.102783,,,31.719999
2010-08-05,,,30.295248,34.071835,,,31.760000
2010-08-06,,,30.218636,34.164673,,,31.730000
2010-08-09,,,30.343998,34.350353,,,31.670000
2010-08-10,,,30.135067,34.288452,,,31.629999
2010-08-11,,,29.062536,33.855202,,,31.730000
2010-08-12,,,28.965040,33.576698,,,31.834999
2010-08-13,,,28.874493,33.948032,,,31.889999
2010-08-16,,,28.992899,34.040886,,,31.870001
2010-08-17,,,29.403799,34.009941,,,31.889999
2010-08-18,,,29.445585,33.824265,,,31.850000
2010-08-19,,,28.992899,34.009941,,,31.850000
2010-08-20,,,28.811825,34.009941,,,31.879999
2010-08-23,,,28.693430,34.226559,,,31.879999
2010-08-24,,,28.247709,34.009941,,,31.910000
2010-08-25,,,28.296471,33.391010,,,31.980000
2010-08-26,,,28.171095,33.174393,,,32.009998
2010-08-27,,,28.735209,33.329113,,,31.980000
2010-08-30,,,28.310377,33.483856,,,31.950001
2010-08-31,,,28.345190,32.988705,,,32.009998
2010-09-01,,,29.257542,33.236282,,,32.000000
2010-09-02,,,29.445585,33.421963,,,31.990000
2010-09-03,,,29.779875,33.762367,,,31.990000
2010-09-06,,,,34.009941,,,31.860001
2010-09-07,,,29.438612,33.948032,,,31.840000
2010-09-08,,,29.668446,33.886154,,,31.959999
2010-09-09,,,29.863436,33.886154,,,31.889999
2010-09-10,,,29.988810,34.195614,,,31.830000
2010-09-13,,,30.455412,35.154949,,,31.790001
2010-09-14,,,30.545963,35.278732,,,31.670000
2010-09-15,,,30.573822,35.433460,,,31.700001
2010-09-16,,,30.497221,35.062111,,,31.740000
2010-09-17,,,30.413628,35.464409,,,31.665001
2010-09-20,,,30.880266,35.433460,,,31.715000
2010-09-21,,,30.859354,35.495361,,,31.650000
2010-09-22,,,30.824558,,,,31.559999
2010-09-23,,,30.504177,35.495361,,,31.520000
2010-09-24,,,31.228472,35.278732,,,31.490000
2010-09-27,,,31.110086,35.588196,,,31.370001
2010-09-28,,,31.305086,35.526299,,,31.305000
2010-09-29,,,31.277231,35.773876,,,31.415001
2010-09-30,,,31.193657,35.711975,,,31.180000
2010-10-01,,,31.451332,35.742928,,,31.150000
2010-10-04,,,31.165802,35.742928,,,31.290001
2010-10-05,,,31.897062,35.526299,,,31.000000
2010-10-06,,,31.966715,35.742928,,,30.959999
2010-10-07,,,31.890095,35.866714,,,30.830000
2010-10-08,,,32.078136,35.650097,,,30.730000
2010-10-11,,,32.050282,35.247787,,,30.840000
2010-10-12,,,32.092060,34.783600,,,30.850000
2010-10-13,,,32.440292,35.000217,,,30.950001
2010-10-14,,,32.454216,35.557251,,,30.900000
2010-10-15,,,32.426357,35.495361,,,30.660000
2010-10-18,,,32.502975,34.783600,,,30.650000
2010-10-19,,,31.813492,34.690762,,,30.809999
2010-10-20,,,32.342781,35.093052,,,30.900000
2010-10-21,,,32.301006,35.124004,,,30.809999
2010-10-22,,,32.370625,35.340626,,,30.830000
2010-10-25,,,32.516891,34.721703,,,30.790001
2010-10-26,,,32.384556,34.876438,,,30.600000
2010-10-27,,,32.133858,34.690762,,,30.650000
2010-10-28,,,32.342781,34.969280,,,30.700001
2010-10-29,,,32.377602,34.659805,,,30.700001
2010-11-01,,,32.356712,35.154949,,,30.842501
2010-11-02,,,32.746727,35.154949,,,30.480000
2010-11-03,,,32.920830,35.093052,,,30.450001
2010-11-04,,,33.617275,35.309685,,,30.400999
2010-11-05,,,33.610310,35.681038,,,30.170000
2010-11-08,,,33.498867,35.619137,,,30.549999
2010-11-09,,,33.199394,35.711975,,,30.180000
2010-11-10,,,33.276009,35.681038,,,30.135000
2010-11-11,,,33.129761,35.588196,,,30.150000
2010-11-12,,,32.691017,34.876438,,,30.090000
2010-11-15,,,32.663147,34.752644,,,30.180000
2010-11-16,,,32.001530,35.124004,,,30.190001
2010-11-17,,,32.092060,34.969280,,,30.245001
2010-11-18,,,32.746727,35.031158,,,30.410000
2010-11-19,,,32.746727,35.062111,,,30.375000
2010-11-22,,,32.628326,35.495361,,,30.315001
2010-11-23,,,31.855280,35.216846,,,30.350000
2010-11-24,,,32.349754,35.185894,,,30.520000
2010-11-25,,,,35.340626,,,30.430000
2010-11-26,,,31.987593,35.154949,,,30.360001
2010-11-29,,,31.813492,35.216846,,,30.455000
2010-11-30,,,31.520973,35.340626,,,30.500000
2010-12-01,,,32.328854,35.897648,,,30.469999
2010-12-02,,,32.920830,36.176178,,,30.430000
2010-12-03,,,33.081017,36.516590,,,30.309999
2010-12-06,,,32.990479,36.609425,,,30.219999
2010-12-07,,,32.955643,36.578472,,,30.110001
2010-12-08,,,33.011364,36.578472,,,30.100000
2010-12-09,,,33.101906,36.949837,,,30.150000
2010-12-10,,,33.241199,36.702263,,,30.040001
2010-12-13,,,33.457092,36.795109,,,30.150000
2010-12-14,,,33.498867,36.702263,,,30.000000
2010-12-15,,,33.178509,36.887936,,,29.879999
2010-12-16,,,33.366539,36.949837,,,29.780001
2010-12-17,,,33.269054,37.259293,,,29.865000
2010-12-20,,,33.310822,37.073612,,,29.870001
2010-12-21,,,33.596378,37.166458,,,29.924999
2010-12-22,,,33.687244,37.166458,,,29.820000
2010-12-23,,,33.623363,37.414032,,,29.875000
2010-12-24,,,,37.259293,,,29.820000
2010-12-27,,,33.644665,37.414032,,,29.650000
2010-12-28,,,33.623363,37.352127,,,29.450001
2010-12-29,,,33.857651,37.444977,,,29.450001
2010-12-30,,,33.829247,37.630650,,,29.375000
2010-12-31,,,33.935738,38.002010,,,29.040001
2011-01-03,,,34.241013,38.032955,,,29.165001
2011-01-04,,,34.184219,37.940113,,,29.049999
2011-01-05,,,34.198406,37.321190,,,29.170000
2011-01-06,,,33.957020,37.259293,,,29.165001
2011-01-07,,,33.843430,36.918884,,,29.254999
2011-01-10,,,33.701450,37.042671,,,29.355000
2011-01-11,,,33.999641,37.661591,,,29.240000
2011-01-12,,,34.517902,37.816330,,,29.129999
2011-01-13,,,34.496593,37.785381,,,28.910000
2011-01-14,,,34.702484,37.754436,,,29.165001
2011-01-17,,,,37.661591,,,29.160000
2011-01-18,,,34.808975,37.971058,,,29.035000
2011-01-19,,,34.503696,38.404308,,,29.025000
2011-01-20,,,34.319103,38.156734,,,28.980000
2011-01-21,,,34.404312,37.754436,,,29.245001
2011-01-24,,,34.631496,37.723484,,,29.080000
2011-01-25,,,34.532093,38.032955,,,29.049999
2011-01-26,,,34.745090,38.373360,,,29.020000
2011-01-27,,,34.851578,38.651882,,,29.055000
2011-01-28,,,34.091927,38.992294,,31.095016,28.990000
2011-01-31,,,34.411415,,,31.441696,28.959999
2011-02-01,,,35.078762,,,32.116177,29.030001
2011-02-02,,,35.000664,,,31.952269,29.030001
2011-02-03,,,35.043259,,,32.009007,29.020000
2011-02-04,,,35.085857,,,31.990105,29.020000
2011-02-07,,,35.178150,,,32.078342,29.025000
2011-02-08,,,35.355656,38.744717,,32.128773,29.025000
2011-02-09,,,35.128448,38.373360,,31.933363,28.879999
2011-02-10,,,34.936760,37.661591,,31.637096,28.790001
2011-02-11,,,35.142651,36.454700,,31.756870,28.900000
2011-02-14,,,35.227859,36.764156,,31.832502,29.299999
2011-02-15,,,35.149757,36.980782,,31.731663,29.309999
2011-02-16,,,35.412437,37.042671,,32.128773,29.379999
2011-02-17,,,35.611233,36.918884,,32.261147,29.360001
2011-02-18,,,35.724815,37.537811,,32.317883,29.415001
2011-02-21,,,,37.537811,,,29.395000
2011-02-22,,,34.816082,37.042671,,31.511024,29.309999
2011-02-23,,,34.716686,36.516590,,31.479517,29.525000
2011-02-24,,,34.766388,36.516590,,31.523626,29.570000
2011-02-25,,,35.135555,36.826050,,31.882936,29.795000
2011-02-28,,,35.419529,,,32.172894,29.795000
2011-03-01,,,34.943882,37.104557,,31.807299,29.745001
2011-03-02,,,35.135555,36.795109,,32.040516,29.535000
2011-03-03,,,35.668011,37.259293,,32.412426,29.629999
2011-03-04,,,35.398247,37.537811,,32.198112,29.445000
2011-03-07,,,35.149757,37.259293,,31.983793,29.379999
2011-03-08,,,35.341446,37.290237,,32.097252,29.344999
2011-03-09,,,35.284645,37.259293,,32.059429,29.415001
2011-03-10,,,34.482395,36.826050,,31.265192,29.344999
2011-03-11,,,34.610184,36.423744,,31.378653,29.450001
2011-03-14,,,34.312019,36.392803,,30.924814,29.520000
2011-03-15,,,33.687244,35.588196,,30.382713,29.475000
2011-03-16,,,32.906303,35.464409,,29.538042,29.540001
2011-03-17,,,33.637547,35.464409,,30.294479,29.530001
2011-03-18,,,33.907330,35.742928,,30.760908,29.549999
2011-03-21,,,34.581795,35.959557,,31.422775,29.549999
2011-03-22,,,34.510803,36.145222,,31.347141,29.520000
2011-03-23,,,34.560493,36.207123,,31.485826,29.540001
2011-03-24,,,35.007759,36.361855,,31.800995,29.575001
2011-03-25,,,34.943882,36.733204,,31.599281,29.514999
2011-03-28,,,34.844479,36.609425,,31.454300,29.430000
2011-03-29,,,35.092953,36.671310,,31.706440,29.469999
2011-03-30,,,35.440830,36.887936,,32.128773,29.469999
2011-03-31,,,35.398247,36.856991,,32.090946,29.480000
2011-04-01,,,35.689323,37.042671,,32.374619,29.400000
2011-04-04,,,35.746113,,,32.544796,29.245001
2011-04-05,,,35.746113,,,32.418724,29.245001
2011-04-06,,,35.923607,37.847279,,32.658257,29.315001
2011-04-07,,,35.802914,37.940113,,32.494381,28.940001
2011-04-08,,,35.838406,37.816330,,32.740200,28.910000
2011-04-11,,,35.731926,37.816330,,32.538498,28.920000
2011-04-12,,,35.369846,37.166458,,32.229630,28.910000
2011-04-13,,,35.426655,37.383076,,32.361996,29.080000
2011-04-14,,,35.547325,37.352127,,32.437634,29.030001
2011-04-15,,,35.561527,36.918884,,32.418724,
2011-04-18,,,34.943882,36.856991,,31.838814,28.969999
2011-04-19,,,35.256248,36.640369,,32.128773,29.080000
2011-04-20,,,35.930706,37.321190,,32.885181,29.049999
2011-04-21,,,36.179199,38.187691,,33.023869,28.950001
2011-04-22,,,,38.125793,,,28.850000
2011-04-25,,,36.143684,38.032955,,32.998653,28.850000
2011-04-26,,,36.392170,37.878212,,33.257092,28.889999
2011-04-27,,,36.697456,38.466202,,33.540752,29.010000
2011-04-28,,,36.782650,38.466202,,33.603771,28.855000
2011-04-29,,,36.938820,38.373360,,33.755062,28.674999
2011-05-02,,,36.832344,,,33.698345,28.674999
2011-05-03,,,36.555477,38.466202,,33.357948,28.670000
2011-05-04,,,36.200489,38.249577,,33.004967,28.590000
2011-05-05,,,35.689323,38.528095,,32.418724,28.565001
2011-05-06,,,35.852596,38.342415,,32.544796,28.540001
2011-05-09,,,36.044308,38.559036,,32.727581,28.600000
2011-05-10,,,36.434772,38.559036,,33.030167,28.610001
2011-05-11,,,35.795807,38.404308,,32.431339,28.580000
2011-05-12,,,35.824200,38.528095,,32.551094,28.500000
2011-05-13,,,35.405338,38.404308,,32.009007,28.559999
2011-05-16,,,35.284645,37.940113,,31.920761,28.635000
2011-05-17,,,35.391144,37.909164,,31.983793,28.799999
2011-05-18,,,35.696407,38.125793,,32.317883,28.844999
2011-05-19,,,35.774525,37.785381,,32.368294,28.850000
2011-05-20,,,35.398247,37.816330,,32.021610,28.815001
2011-05-23,,,34.787678,37.352127,,31.422775,28.809999
2011-05-24,,,34.901264,37.414032,,31.586679,28.980000
2011-05-25,,,35.100063,37.290237,,31.744261,28.879999
2011-05-26,,,35.355656,37.661591,,32.021610,28.940001
2011-05-27,,,35.589928,37.506870,,32.261147,28.885000
2011-05-30,,,,37.444977,,,28.795000
2011-05-31,,,36.101086,38.373360,,32.740200,28.719999
2011-06-01,,,35.341446,38.589985,,32.116177,28.639999
2011-06-02,,,35.384048,38.311466,,32.280060,28.575001
2011-06-03,,,35.270454,38.497135,,32.217022,28.680000
2011-06-06,,,34.787678,,,31.813602,28.680000
2011-06-07,,,34.943882,38.497135,,32.078342,28.620001
2011-06-08,,,34.730877,38.373360,,31.750559,28.660000
2011-06-09,,,35.014862,38.373360,,32.034218,28.629999
2011-06-10,,,34.312019,37.475918,,31.309324,28.715000
2011-06-13,,,34.383011,36.980782,,31.328234,28.775000
2011-06-14,,,34.908375,37.599709,,31.819910,28.790001
2011-06-15,,,34.035130,37.444977,,30.981539,28.790001
2011-06-16,,,33.914444,36.764156,,30.798742,28.790001
2011-06-17,,,34.127434,36.640369,,31.019356,28.870001
2011-06-20,,,34.155815,36.269016,,30.950022,28.930000
2011-06-21,,,34.773468,36.547535,,31.586679,28.945000
2011-06-22,,,34.539192,36.640369,,31.158030,28.855000
2011-06-23,,,34.354614,36.299961,,30.987846,28.780001
2011-06-24,,,34.006737,36.021446,,30.754618,28.820000
2011-06-27,,,34.283623,35.773876,,31.000454,28.879999
2011-06-28,,,34.752182,35.681038,,31.366053,28.889999
2011-06-29,,,35.199440,36.299961,,31.826210,28.900000
2011-06-30,,,35.618332,36.423744,,32.343086,28.840000
2011-07-01,,,36.023006,36.949837,,32.664562,28.795000
2011-07-04,,,,37.166458,,,28.745001
2011-07-05,,,35.944904,37.104557,,32.488056,28.660000
2011-07-06,,,35.845501,37.506870,,32.317883,28.750000
2011-07-07,,,36.186302,37.352127,,32.620434,28.825001
2011-07-08,,,35.831299,37.166458,,32.292652,28.809999
2011-07-11,,,34.993568,36.918884,,31.429094,28.719999
2011-07-12,,,34.730877,36.330906,,31.202171,28.822001
2011-07-13,,,35.078762,36.330906,,31.668621,28.905001
2011-07-14,,,34.816082,36.454700,,31.466913,28.790001
2011-07-15,,,35.029060,36.640369,,31.586679,28.809999
2011-07-18,,,34.588902,36.516590,,31.202171,28.268000
2011-07-19,,,35.163952,36.454700,,31.611883,28.879999
2011-07-20,,,35.384048,37.414032,,31.876637,28.879999
2011-07-21,,,35.959106,37.506870,,32.450245,28.809999
2011-07-22,,,35.966202,37.754436,,32.506969,28.799999
2011-07-25,,,35.689323,37.383076,,32.330486,28.809999
2011-07-26,,,35.746113,37.878212,,32.443935,28.790001
2011-07-27,,,34.972275,37.971058,,31.851412,28.820000
2011-07-28,,,34.915462,37.661591,,31.681234,28.770000
2011-07-29,,,34.851578,37.073612,,31.775782,28.790001
2011-08-01,,,34.588902,37.352127,,31.536245,28.870001
2011-08-02,,,33.722748,36.856991,,30.697878,28.770000
2011-08-03,,,33.857651,36.269016,,30.735687,28.790001
2011-08-04,,,31.855558,35.804810,,28.756413,28.820000
2011-08-05,,,31.990475,33.700478,,28.964432,28.900000
2011-08-08,,,29.633427,33.112495,,26.903202,28.969999
2011-08-09,,,31.301821,32.803028,,28.340382,28.959999
2011-08-10,,,29.775414,33.483856,,27.104906,28.950001
2011-08-11,,,31.216612,33.483856,,28.277365,28.910000
2011-08-12,,,31.500595,33.143444,,28.548410,29.000000
2011-08-15,,,32.203442,33.793316,,29.229166,28.277000
2011-08-16,,,31.869785,33.638580,,28.901409,27.962999
2011-08-17,,,32.011761,33.391010,,28.964432,28.195000
2011-08-18,,,30.584757,32.772095,,27.678520,28.860001
2011-08-19,,,30.123287,31.627077,,27.237286,28.275000
2011-08-22,,,30.144604,31.874638,,27.388557,28.143000
2011-08-23,,,31.188215,32.988705,,28.195400,28.950001
2011-08-24,,,31.330208,32.555466,,28.163891,28.965000
2011-08-25,,,30.662855,32.400742,,27.596577,28.930000
2011-08-26,,,31.145620,32.833981,,27.974792,29.000000
2011-08-29,,,31.990475,33.298168,,28.649265,28.236000
2011-08-30,,,32.025959,33.545742,,28.705990,29.020000
2011-08-31,,,32.324146,33.762367,,29.090492,29.010000
2011-09-01,,,32.096954,34.133713,,28.901409,28.940001
2011-09-02,,,31.316015,34.133713,,28.176497,28.930000
2011-09-05,,,,33.174393,,,28.406000
2011-09-06,,,30.748026,32.524517,,27.375959,28.990000
2011-09-07,,,31.599989,33.143444,,28.289972,29.110001
2011-09-08,,,31.103024,33.236282,,27.760464,29.049999
2011-09-09,,,30.201397,33.514793,,26.859077,29.030001
2011-09-12,,,30.165897,,,26.644749,28.813999
2011-09-13,,,30.449881,32.586414,,26.903202,28.551001
2011-09-14,,,30.790642,31.936531,,27.111210,29.469999
2011-09-15,,,31.308918,32.710190,,27.634399,29.610001
2011-09-16,,,31.379900,33.483856,,27.565062,29.530001
2011-09-19,,,30.776443,32.926815,,26.941023,29.540001
2011-09-20,,,30.769352,33.050613,,26.997742,29.700001
2011-09-21,,,29.825109,33.174393,,26.203512,29.879999
2011-09-22,,,28.582697,32.246002,,25.024759,29.910000
2011-09-23,,,28.845388,31.162874,,25.232775,30.410000
2011-09-26,,,29.455940,30.525383,,25.592072,30.430000
2011-09-27,,,30.023907,31.627077,,26.285448,30.440001
2011-09-28,,,29.370741,31.658016,,25.768572,30.270000
2011-09-29,,,29.782526,31.936531,,26.304373,30.280001
2011-09-30,,,28.859570,31.967495,,25.409273,30.500000
2011-10-03,,,28.135429,31.131933,,24.646561,30.450001
2011-10-04,,,28.689198,31.410452,,24.930218,30.530001
2011-10-05,,,29.221642,31.100994,,25.358843,29.546000
2011-10-06,,,29.931599,31.719917,,26.165688,30.620001
2011-10-07,,,29.676014,31.905596,,25.951361,30.530001
2011-10-10,,,30.776443,,,26.903202,29.580000
2011-10-11,,,30.655767,32.803028,,26.777126,29.752001
2011-10-12,,,31.259224,32.710190,,27.464209,29.509001
2011-10-13,,,31.088835,32.679241,,27.375959,30.260000
2011-10-14,,,31.614193,32.462627,,27.779383,30.270000
2011-10-17,,,30.847452,32.864925,,26.972530,29.421000
2011-10-18,,,31.450901,32.524517,,27.533535,30.120001
2011-10-19,,,30.982334,32.400742,,26.985151,30.160000
2011-10-20,,,30.939743,32.029385,,26.978838,30.020000
2011-10-21,,,31.678095,32.153156,,27.628105,30.090000
2011-10-24,,,32.160870,33.174393,,28.201700,29.254000
2011-10-25,,,31.585802,33.174393,,27.710035,1.801500
2011-10-26,,,32.033047,32.276939,,28.081944,30.110001
2011-10-27,,,33.445866,32.338837,,29.468706,30.090000
2011-10-28,,,33.339386,32.431686,,29.235483,30.040001
2011-10-31,,,32.111164,32.307896,,28.012609,29.820000
2011-11-01,,,31.188215,32.524517,,27.067087,29.216000
2011-11-02,,,31.741980,32.431686,,27.602884,30.080000
2011-11-03,,,32.388042,31.843695,,28.245840,29.375000
2011-11-04,,,32.118263,32.369778,,27.861326,29.457001
2011-11-07,,,32.267361,32.431686,,28.088247,29.382000
2011-11-08,,,32.664925,32.276939,,28.352995,30.094999
2011-11-09,,,31.159811,32.307896,,26.865374,30.010000
2011-11-10,,,31.486404,31.286676,,27.205774,30.070000
2011-11-11,,,32.182148,31.503290,,27.861326,30.230000
2011-11-14,,,31.699387,32.276939,,27.438986,29.200001
2011-11-15,,,31.713587,32.091274,,27.520939,30.120001
2011-11-16,,,31.230825,31.688969,,26.814949,30.200001
2011-11-17,,,30.719658,31.781807,,26.424126,29.466999
2011-11-18,,,30.748026,31.131933,,26.493464,29.506001
2011-11-21,,,30.045189,30.469685,,25.913551,29.667000
2011-11-22,,,30.002605,30.339716,,25.655113,30.290001
2011-11-23,,,29.214556,29.615568,,25.005856,30.260000
2011-11-24,,,,29.621758,,,29.649000
2011-11-25,,,29.122255,29.361809,,24.860868,29.698999
2011-11-28,,,30.215572,29.887899,,25.989197,29.680000
2011-11-29,,,30.322077,30.154036,,26.052235,30.330000
2011-11-30,,,31.713587,29.757919,,27.420071,30.340000
2011-12-01,,,31.571590,31.131933,,27.155338,30.309999
2011-12-02,,,31.557402,30.834852,,27.218367,30.059999
2011-12-05,,,31.933674,30.735821,,27.502037,29.662001
2011-12-06,,,31.855558,30.135473,,27.363348,30.129999
2011-12-07,,,31.962072,30.451117,,27.527235,30.150000
2011-12-08,,,31.095932,30.240686,,26.562807,30.150000
2011-12-09,,,31.678095,29.856953,,27.180546,30.155001
2011-12-12,,,30.939743,30.203548,,26.398918,29.549999
2011-12-13,,,30.613157,30.048819,,25.957685,29.632999
2011-12-14,,,30.236872,30.073580,,25.737062,30.200001
2011-12-15,,,30.350470,29.398939,,25.818995,30.280001
2011-12-16,,,30.400162,29.522728,,25.818995,30.309999
2011-12-19,,,30.030996,28.928566,,25.510136,29.549000
2011-12-20,,,30.996529,29.089485,,26.316978,30.350000
2011-12-21,,,30.922398,30.500628,,26.272093,30.299999
2011-12-22,,,31.278553,30.426369,,26.525778,29.513000
2011-12-23,,,31.467564,30.946259,,26.681881,30.250000
2011-12-26,,,,30.915319,,,29.559000
2011-12-27,,,31.423952,30.853411,,26.623341,30.250000
2011-12-28,,,30.951458,30.680122,,26.083452,30.299999
2011-12-29,,,31.314919,30.704878,,26.480240,30.299999
2011-12-30,,,31.387623,30.828667,,26.603834,30.250000
2012-01-02,,,,30.364471,,,29.462000
2012-01-03,,,31.976395,30.760578,,27.377878,29.544001
2012-01-04,,,31.976395,30.946259,,27.254293,30.240000
2012-01-05,,,31.809198,31.039095,,26.955080,30.299999
2012-01-06,,,31.569330,30.946259,,26.603834,30.240000
2012-01-09,,,31.678362,30.828667,,26.766439,29.639999
2012-01-10,,,32.165390,31.379509,,27.182734,30.129999
2012-01-11,,,32.121773,31.348553,,27.124191,30.025000
2012-01-12,,,32.223545,31.410452,,27.234766,29.959999
2012-01-13,,,31.940048,31.472345,,26.974592,29.889999
2012-01-16,,,,30.977201,,,29.431999
2012-01-17,,,32.209007,31.286676,,27.280310,29.254999
2012-01-18,,,32.637886,31.193825,,27.833200,29.930000
2012-01-19,,,32.928635,,,28.132412,29.950001
2012-01-20,,,33.001312,,,28.269018,29.011999
2012-01-23,,,33.037670,,,28.438129,29.083000
2012-01-24,,,32.914097,,,28.275513,29.950001
2012-01-25,,,33.313889,,,28.633274,29.920000
2012-01-26,,,33.190323,,,28.607250,29.870001
2012-01-27,,,33.233932,,,28.678799,30.350000
2012-01-30,,,33.030407,32.060318,,28.379585,28.951000
2012-01-31,,,33.103115,32.153156,,28.555204,29.770000
2012-02-01,,,33.561035,32.369778,,28.977999,29.510000
2012-02-02,,,33.691879,32.741146,,29.075577,29.559999
2012-02-03,,,34.164371,32.833981,,29.498373,29.469999
2012-02-06,,,34.077148,32.926815,,29.335768,29.469999
2012-02-07,,,34.193443,32.988705,,29.465847,29.610001
2012-02-08,,,34.324287,33.700478,,29.595945,29.530001
2012-02-09,,,34.367908,33.669525,,29.589451,29.480000
2012-02-10,,,33.909962,33.391010,,29.069071,29.420000
2012-02-13,,,34.207985,33.545742,,29.394293,29.559999
2012-02-14,,,34.069866,33.421963,,29.192665,29.440001
2012-02-15,,,34.004456,33.979000,,29.309740,29.549999
2012-02-16,,,34.469662,33.576698,,29.595945,29.490000
2012-02-17,,,34.564159,33.886154,,29.778065,29.559999
2012-02-20,,,,33.855202,,,29.530001
2012-02-21,,,34.578697,33.731419,,29.778065,29.510000
2012-02-22,,,34.476925,33.948032,,29.713030,29.510000
2012-02-23,,,34.600517,33.793316,,29.895161,29.540001
2012-02-24,,18.821648,34.796776,33.886154,,30.090317,29.540001
2012-02-27,,18.821648,34.709557,,,29.817097,29.520000
2012-02-28,,18.821648,34.905800,,,30.181358,29.570000
2012-02-29,,18.821648,34.680466,34.659805,,29.856129,29.549999
2012-03-01,,18.821648,35.014839,34.597916,,30.259422,29.340000
2012-03-02,,18.821648,34.760418,34.412239,,29.934185,29.360001
2012-03-05,,18.821648,34.542362,33.948032,,29.700016,29.440001
2012-03-06,,18.821648,33.691879,33.793316,,28.821899,29.480000
2012-03-07,,18.882318,34.062603,33.669525,,29.166655,29.540001
2012-03-08,,18.897467,34.629578,33.855202,,29.810600,29.510000
2012-03-09,,18.874723,34.600517,34.009941,,29.732536,29.490000
2012-03-12,,18.874723,34.542362,33.638580,,29.589451,29.400000
2012-03-13,,18.874723,35.152962,34.102783,,30.096807,29.490000
2012-03-14,,18.692722,35.022106,34.597916,,29.778065,29.490000
2012-03-15,,18.616896,35.232910,34.443188,,30.031742,29.480000
2012-03-16,,18.639654,35.349216,34.288452,,30.168346,29.520000
2012-03-19,,18.533485,35.450981,34.195614,,30.233398,29.500000
2012-03-20,,18.578964,35.174759,33.948032,,29.856129,29.490000
2012-03-21,,18.609301,35.109344,33.948032,,29.784580,29.530001
2012-03-22,,18.632063,34.695007,34.412239,,29.439838,29.530001
2012-03-23,,18.662394,34.963951,34.319401,,29.634977,29.549999
2012-03-26,,18.662394,35.480068,33.762367,,30.083801,29.540001
2012-03-27,,18.654810,35.269260,34.195614,,29.908163,29.610001
2012-03-28,,18.685137,35.007576,34.319401,,29.660992,29.530001
2012-03-29,,18.730646,34.949425,33.855202,,29.485376,29.510000
2012-03-30,,18.677551,35.087547,33.979000,,29.693531,29.540001
2012-04-02,,18.711693,35.450981,33.855202,,30.090317,29.490000
2012-04-03,,18.620642,35.116623,33.576698,,29.641474,29.459999
2012-04-04,,18.666176,34.578697,,,28.997534,29.450001
2012-04-05,,18.726885,34.506012,33.205334,,28.965000,29.459999
2012-04-06,,,,33.267235,,,29.469999
2012-04-09,,18.840700,34.207985,32.864925,,28.717817,29.510000
2012-04-10,,18.871058,33.524693,32.864925,,28.190962,29.510000
2012-04-11,,18.855869,33.909962,32.988705,,28.548700,29.520000
2012-04-12,,18.833118,34.498734,33.019653,,29.101595,29.510000
2012-04-13,,18.893826,33.931770,33.391010,,28.581221,29.490000
2012-04-16,,18.871058,34.048069,33.298168,,28.698320,29.490000
2012-04-17,,18.893826,34.571434,32.741146,,29.114595,29.480000
2012-04-18,,18.878635,34.360622,32.803028,,28.925966,29.480000
2012-04-19,,18.886227,34.207985,32.833981,,28.847923,29.469999
2012-04-20,,18.886227,34.317013,32.400742,,28.991022,29.469999
2012-04-23,,18.939346,33.873592,32.369778,,28.522680,29.469999
2012-04-24,,18.886227,33.997189,32.431686,,28.678799,29.469999
2012-04-25,,18.886227,34.455139,32.617359,,29.062565,29.459999
2012-04-26,,18.931753,34.745892,32.369778,,29.134123,29.430000
2012-04-27,,18.939346,34.818584,32.307896,,29.225187,29.309999
2012-04-30,,18.916573,34.673187,32.215054,,29.075577,29.209999
2012-05-01,,18.893793,34.847641,,,29.238184,29.129999
2012-05-02,,18.916569,34.716805,33.019653,,29.004030,29.110001
2012-05-03,,18.939356,34.426044,32.864925,,28.730833,29.200001
2012-05-04,,18.984926,33.815456,32.926815,,28.347059,29.209999
2012-05-07,,18.992514,33.960835,32.215054,,28.490150,29.209999
2012-05-08,,18.977325,33.619190,32.215054,,28.099886,29.309999
2012-05-09,,19.022890,33.299358,31.998434,,27.735628,29.299999
2012-05-10,,18.984926,33.386593,31.998434,,27.865719,29.330000
2012-05-11,,19.045675,33.277550,31.658016,,27.696592,29.330000
2012-05-14,,19.098841,32.732361,31.688969,,27.124191,29.370001
2012-05-15,,19.076052,32.456146,31.688969,,26.805473,29.459999
2012-05-16,,19.114016,32.201729,31.070042,,26.532274,29.559999
2012-05-17,,19.167189,31.758324,31.441397,,26.200542,29.580000
2012-05-18,,19.167189,31.489363,30.742016,,25.992399,29.510000
2012-05-21,,19.129208,32.078163,30.915319,,26.493252,29.540001
2012-05-22,,19.083643,32.020004,31.193825,,26.415192,29.480000
2012-05-23,,19.114016,31.910975,30.630608,,26.207048,29.500000
2012-05-24,,19.121597,31.816473,30.562521,,26.089966,29.530001
2012-05-25,,19.129208,31.751070,30.333521,,25.966377,29.549999
2012-05-28,,,,30.618227,,,29.590000
2012-05-29,,19.129208,32.187202,31.379509,,26.369663,29.590000
2012-05-30,,19.205151,31.554789,31.008158,,25.836273,29.600000
2012-05-31,,19.296270,31.576603,31.039095,,25.927357,29.719999
2012-06-01,,19.394318,30.856962,30.420168,,25.302914,29.830000
2012-06-04,,19.303104,30.936928,29.510351,,25.485029,29.889999
2012-06-05,,19.265108,31.096842,29.894091,,25.654146,29.980000
2012-06-06,,19.189127,31.947317,30.098331,,26.389183,29.950001
2012-06-07,,19.189127,31.947317,30.166414,,26.389183,29.820000
2012-06-08,,19.189127,31.990938,29.708405,,26.213552,29.799999
2012-06-11,,19.211926,31.576603,30.321150,,25.992399,29.940001
2012-06-12,,19.151125,32.041813,30.085951,,26.447718,29.889999
2012-06-13,,19.242313,31.780136,30.147846,,26.239573,29.930000
2012-06-14,,19.189127,32.005486,30.191170,,26.402178,29.930000
2012-06-15,,19.265108,32.405262,30.574898,,26.779440,29.959999
2012-06-18,,19.242313,32.434338,31.070042,,26.766439,29.870001
2012-06-19,,19.227114,32.899574,30.890553,,27.247782,29.879999
2012-06-20,,19.181534,32.950447,31.224779,,27.267296,29.830000
2012-06-21,,19.242313,32.092693,31.039095,,26.512756,29.830000
2012-06-22,,19.158724,32.397987,30.673927,,26.798962,29.830000
2012-06-25,,19.249931,31.758324,30.451117,,26.089966,29.910000
2012-06-26,,19.234720,31.940048,30.321150,,26.324137,29.930000
2012-06-27,,19.219524,32.252617,30.605858,,26.506262,29.930000
2012-06-28,,19.257526,32.158112,30.655363,,26.473742,29.889999
2012-06-29,,19.196712,33.197578,31.070042,,27.475452,29.910000
2012-07-02,,19.272791,33.321163,31.317612,,27.625057,29.809999
2012-07-03,,19.234747,33.677345,31.688969,,27.859211,29.840000
2012-07-04,,,,31.812761,,,29.840000
2012-07-05,,19.265173,33.357513,31.750853,,27.527479,29.809999
2012-07-06,,19.303202,32.994061,31.565186,,27.228270,29.840000
2012-07-09,,19.310804,32.906837,31.534225,,27.124191,29.879999
2012-07-10,,19.333633,32.645149,31.193825,,26.948572,29.920000
2012-07-11,,19.341236,32.710575,31.286676,,27.046141,29.920000
2012-07-12,,19.348831,32.383461,30.729633,,26.701399,29.920000
2012-07-13,,19.364046,32.899574,30.636797,,27.137218,30.000000
2012-07-16,,19.394466,32.892292,30.636797,,27.098185,29.959999
2012-07-17,,19.364046,33.095825,30.853411,,27.286818,29.950001
2012-07-18,,19.356445,33.270283,30.451117,,27.371368,29.930000
2012-07-19,,19.341236,33.473808,31.070042,,27.631557,29.950001
2012-07-20,,19.417280,32.994061,31.039095,,27.124191,29.940001
2012-07-23,,19.417280,32.528854,30.482069,,26.584318,29.969999
2012-07-24,,19.440104,32.165390,30.401604,,26.350153,30.059999
2012-07-25,,19.447718,32.274437,30.240686,,26.460728,30.100000
2012-07-26,,19.424887,32.972237,30.290199,,27.150215,30.120001
2012-07-27,,19.348831,33.640999,30.896740,,27.781153,30.070000
2012-07-30,,19.394466,33.561035,31.100994,,27.703104,30.020000
2012-07-31,,19.386864,33.437469,31.627077,,27.560001,30.020000
2012-08-01,,19.372404,33.335705,31.688969,,27.540487,29.940001
2012-08-02,,19.387621,33.001312,31.688969,,27.228270,29.930000
2012-08-03,,19.334333,33.829994,31.503290,,28.034834,29.940001
2012-08-06,,19.341946,33.997189,31.905596,,28.216969,29.860001
2012-08-07,,19.273443,34.237061,31.936531,,28.431627,29.920000
2012-08-08,,19.258223,34.207985,32.029385,,28.392607,29.930000
2012-08-09,,19.250618,34.280655,32.710190,,28.438129,29.940001
2012-08-10,,19.281063,34.346088,32.679241,,28.535688,29.900000
2012-08-13,,19.281063,34.266129,32.803028,,28.386087,29.930000
2012-08-14,,19.204941,34.280655,32.957775,,28.470661,29.969999
2012-08-15,,19.144035,34.302475,32.833981,,28.438129,29.940001
2012-08-16,,19.113602,34.644115,32.926815,,28.737335,29.959999
2012-08-17,,19.136436,34.673187,32.772095,,28.750349,29.969999
2012-08-20,,19.144035,34.629578,32.679241,,28.698320,29.969999
2012-08-21,,19.136436,34.636860,33.050613,,28.821899,29.969999
2012-08-22,,19.242990,34.607788,33.019653,,28.821899,29.021999
2012-08-23,,19.242990,34.375175,32.988705,,28.633274,29.930000
2012-08-24,,19.235386,34.433315,32.864925,,28.620274,29.930000
2012-08-27,,19.265842,34.418789,32.926815,,28.581221,29.930000
2012-08-28,,19.273443,34.426044,32.493561,,28.412106,29.930000
2012-08-29,,19.281063,34.367908,32.617359,,28.301519,29.930000
2012-08-30,,19.288668,34.026257,32.524517,,27.982801,29.910000
2012-08-31,,19.364782,34.266129,32.648296,,28.275513,29.920000
2012-09-03,,,,32.895874,,,29.870001
2012-09-04,,19.364784,34.229790,32.833981,,28.080381,29.840000
2012-09-05,,19.349550,34.178917,32.400742,,28.008821,29.820000
2012-09-06,,19.258137,34.963951,32.276939,,28.678799,29.830000
2012-09-07,,19.273376,35.298336,32.772095,,29.127619,29.750000
2012-09-10,,19.280993,35.043926,33.019653,,28.899960,29.730000
2012-09-11,,19.258137,35.261993,32.988705,,29.140621,29.660000
2012-09-12,,19.212423,35.407368,33.452900,,29.309740,29.600000
2012-09-13,,19.220053,36.025242,33.514793,,29.888651,29.580000
2012-09-14,,19.121019,36.301460,34.350353,,30.233398,29.600000
2012-09-17,,19.143866,36.119732,34.412239,,29.992731,29.330000
2012-09-18,,19.151478,36.003433,34.288452,,29.869131,29.280001
2012-09-19,,19.189585,36.076118,34.443188,,29.979727,29.320000
2012-09-20,,19.181942,35.894398,34.195614,,29.765064,29.330000
2012-09-21,,19.197197,35.894398,34.319401,,29.843122,29.350000
2012-09-24,,19.242895,35.809059,34.350353,,29.748543,29.290001
2012-09-25,,19.273376,35.514828,34.226559,,29.497211,29.350000
2012-09-26,,19.303835,35.242645,33.979000,,29.232676,29.309999
2012-09-27,,19.303835,35.684017,34.102783,,29.662558,29.379999
2012-09-28,,19.288605,35.330898,34.133713,,29.239286,29.320000
2012-10-01,,19.325970,35.507469,34.040886,,29.437698,29.290001
2012-10-02,,19.325970,35.647232,34.195614,,29.569971,29.290001
2012-10-03,,19.310722,35.603107,34.040886,,29.444315,29.270000
2012-10-04,,19.264971,35.919415,34.071835,,29.741930,29.299999
2012-10-05,,19.203991,35.934132,34.102783,,29.794834,29.270000
2012-10-08,,19.264971,35.772274,33.824265,,29.543522,29.219999
2012-10-09,,19.249741,35.367710,33.669525,,29.192984,29.280001
2012-10-10,,19.257351,35.183807,,,29.073940,29.280001
2012-10-11,,19.287851,35.352985,32.988705,,29.265753,29.299999
2012-10-12,,19.295469,35.205868,32.895874,,29.226051,29.260000
2012-10-15,,19.295469,35.522175,32.957775,,29.530289,29.200001
2012-10-16,,19.234491,35.978264,33.112495,,29.940355,29.219999
2012-10-17,,19.150623,36.191586,33.050613,,30.178442,29.170000
2012-10-18,,19.143011,36.118023,33.205334,,30.125525,29.160000
2012-10-19,,19.181108,35.558960,32.957775,,29.669184,29.200001
2012-10-22,,19.165859,35.706074,32.741146,,29.920496,29.209999
2012-10-23,,19.219234,35.080822,32.741146,,29.292204,29.230000
2012-10-24,,19.188745,35.044025,31.565186,,29.371567,29.299999
2012-10-25,,19.158251,35.264717,31.255722,,29.583199,29.260000
2012-10-26,,19.219234,35.154381,30.890553,,29.464161,29.219999
2012-10-29,,,,30.946259,,,29.209999
2012-10-30,,,,31.224779,,,29.240000
2012-10-31,,19.264971,35.117603,31.193825,,29.477383,29.180000
2012-11-01,,19.219234,35.639870,31.162874,,29.814686,29.209999
2012-11-02,,19.219234,35.264717,31.379509,,29.596437,29.209999
2012-11-05,,19.242109,35.316216,31.255722,,29.589815,29.180000
2012-11-06,,19.196348,35.610455,31.503290,,29.808075,29.219999
2012-11-07,,19.264971,34.948429,31.658016,,29.364956,29.219999
2012-11-08,,19.341215,34.595322,31.410452,,29.073940,29.090000
2012-11-09,,19.348835,34.610023,31.627077,,29.120249,29.110001
2012-11-12,,19.333588,34.639458,31.503290,,29.120249,28.959999
2012-11-13,,19.348835,34.426132,30.977201,,28.941671,28.990000
2012-11-14,,19.364079,34.021538,31.039095,,28.630838,28.969999
2012-11-15,,19.356457,33.970066,30.946259,,28.690348,29.000000
2012-11-16,,19.356457,34.080391,30.909119,,28.690348,29.059999
2012-11-19,,19.348835,34.801285,31.100994,,29.285585,29.120001
2012-11-20,,19.303083,34.757160,31.162874,,29.245895,29.139999
2012-11-21,,19.295469,34.874859,30.927700,,29.325270,29.100000
2012-11-22,,,,31.070042,,,29.110001
2012-11-23,,19.287851,35.433907,31.998434,,29.894039,29.100000
2012-11-26,,19.310722,35.345627,32.307896,,29.808075,29.100000
2012-11-27,,19.325970,35.132317,32.431686,,29.609653,29.059999
2012-11-28,,19.333588,35.433907,32.462627,,29.801458,29.090000
2012-11-29,,19.333588,35.625156,32.864925,,30.072624,29.110001
2012-11-30,,19.325970,35.654594,33.143444,,30.085842,29.059999
2012-12-03,,19.343525,35.566326,33.112495,,30.066004,29.049999
2012-12-04,,19.358793,35.610455,33.081554,,30.158607,29.040001
2012-12-05,,19.366417,35.713428,33.267235,,30.304100,29.059999
2012-12-06,,19.351154,35.853210,33.174393,,30.376839,29.059999
2012-12-07,,19.328245,35.926750,33.360065,,30.409920,29.049999
2012-12-10,,19.358793,35.941460,33.236282,,30.495903,29.030001
2012-12-11,,19.328245,36.221008,33.205334,,30.608330,29.080000
2012-12-12,,19.282448,36.287205,33.483856,,30.753841,29.049999
2012-12-13,,19.244291,36.059166,33.855202,,30.661243,29.020000
2012-12-14,,19.282448,36.081234,33.545742,,30.760448,29.040001
2012-12-17,,19.236658,36.382832,33.112495,,30.912579,29.030001
2012-12-18,,19.167959,36.743267,33.143444,,31.150654,29.030001
2012-12-19,,19.183220,36.669724,33.236282,,31.210182,29.020000
2012-12-20,,19.198486,36.904049,32.833981,,31.415318,29.030001
2012-12-21,,19.221382,36.591602,32.679241,,31.133749,29.020000
2012-12-24,,19.229031,36.532101,32.617359,,31.033194,29.030001
2012-12-25,,,,33.174393,,,29.020000
2012-12-26,,19.241249,36.472595,33.112495,,31.066704,29.030001
2012-12-27,,19.271795,36.509781,33.081554,,31.227613,29.020000
2012-12-28,,19.294714,36.286606,33.298168,,31.006369,29.030001
2012-12-31,,19.218319,36.762680,,,31.556101,29.020000
2013-01-01,,,,,,,29.020000
2013-01-02,,19.187775,37.566090,33.669525,,32.038807,29.040001
2013-01-03,,19.134302,37.357822,33.948032,,31.770641,28.990000
2013-01-04,,19.141937,37.536335,33.731419,,31.871195,28.959999
2013-01-07,,19.126657,37.342918,33.576698,,31.737116,29.020000
2013-01-08,,19.172495,37.201595,33.360065,,31.549412,28.980000
2013-01-09,,19.157209,37.365238,33.483856,,31.730415,29.010000
2013-01-10,,19.141937,37.759495,33.731419,,32.125957,28.969999
2013-01-11,,19.172495,37.737194,33.700478,,32.119251,28.950001
2013-01-14,,19.187775,37.759495,33.731419,,32.139378,28.920000
2013-01-15,,19.210691,37.722305,33.421963,,32.038807,28.940001
2013-01-16,,19.203049,37.647923,33.236282,,31.891314,28.950001
2013-01-17,,19.157209,37.893414,32.988705,,32.172894,28.959999
2013-01-18,,19.195408,37.930599,33.391010,,32.186287,28.959999
2013-01-21,,,,33.360065,,,28.910000
2013-01-22,,19.195408,38.079369,33.452900,,32.179600,28.950001
2013-01-23,,19.210691,38.049614,33.421963,,32.085739,28.990000
2013-01-24,,19.195408,38.124008,33.236282,,32.206413,28.990000
2013-01-25,,19.111399,38.332294,33.112495,,32.373997,29.080000
2013-01-28,,19.088469,38.183529,33.267235,,32.119251,29.190001
2013-01-29,,19.065557,38.391800,33.731419,,32.434330,29.510000
2013-01-30,,19.073193,38.339733,33.793316,,32.387405,29.440001
2013-01-31,,19.103750,38.235596,33.793316,,32.313660,29.510000
2013-02-01,,19.049475,38.592648,33.917103,,32.628754,29.520000
2013-02-04,,19.118273,38.049614,34.164673,,32.079037,29.590000
2013-02-05,,19.087696,38.309982,34.040886,,32.199703,29.570000
2013-02-06,,19.102978,38.347176,34.288452,,32.273453,29.520000
2013-02-07,,19.102978,38.146317,,,31.998577,29.590000
2013-02-08,,19.118273,38.376934,,,32.152779,29.600000
2013-02-11,,19.110622,38.324867,,,32.139378,29.719999
2013-02-12,,19.095345,38.443874,,,32.253330,29.719999
2013-02-13,,19.057117,38.518265,,,32.373997,29.680000
2013-02-14,,19.102978,38.458755,,,32.226524,29.670000
2013-02-15,,19.087696,38.362061,,,32.159477,29.600000
2013-02-18,,,,34.412239,,,29.650000
2013-02-19,,19.072411,38.696800,34.443188,,32.441051,29.629999
2013-02-20,,19.102978,38.257908,34.721703,,32.233215,29.500000
2013-02-21,,19.110622,37.863651,34.474133,,31.683475,29.559999
2013-02-22,,19.118273,38.250465,34.350353,,32.045517,29.670000
2013-02-25,,19.217644,37.536335,34.474133,,31.408623,29.590000
2013-02-26,,19.202366,37.774387,34.102783,,31.663382,29.639999
2013-02-27,,19.179430,38.190956,34.164673,,32.018692,29.680000
2013-02-28,,19.194721,38.116566,,,31.944942,29.600000
2013-03-01,,19.215374,38.213264,34.288452,,31.918114,29.639999
2013-03-04,,19.200077,38.302532,33.886154,,31.951654,29.610001
2013-03-05,,19.184774,38.659615,34.164673,,32.260040,29.680000
2013-03-06,,19.146526,38.719120,34.319401,,32.347172,29.639999
2013-03-07,,19.115919,38.860455,34.288452,,32.441051,29.610001
2013-03-08,,19.062384,39.016663,34.536022,,32.528202,29.639999
2013-03-11,,19.062384,39.128250,34.597916,,32.568436,29.660000
2013-03-12,,19.100628,38.927406,34.381298,,32.400822,29.680000
2013-03-13,,19.092978,38.905083,34.443188,,32.293560,29.670000
2013-03-14,,19.085329,39.180332,34.412239,,32.548313,29.680000
2013-03-15,,19.123575,39.068741,34.164673,,32.508080,29.709999
2013-03-18,,19.146526,38.815819,33.731419,,32.213112,29.700001
2013-03-19,,19.192425,38.548027,33.793316,,32.072327,28.959999
2013-03-20,,19.138884,38.882759,33.576698,,32.327084,29.148001
2013-03-21,,19.161821,38.577782,33.607632,,32.032108,28.940001
2013-03-22,,19.169472,38.841946,33.514793,,32.264008,29.080000
2013-03-25,,19.184774,38.610603,33.762367,,31.981678,29.000000
2013-03-26,,19.177126,38.901642,33.762367,,32.176609,29.360001
2013-03-27,,19.215374,38.856865,33.855202,,32.109402,29.049999
2013-03-28,,19.230665,39.013569,33.762367,,32.243835,29.110001
2013-03-29,,,,34.102783,,,29.100000
2013-04-01,,19.223015,38.677784,34.040886,,31.948067,29.080000
2013-04-02,,19.215361,38.909115,33.948032,,32.089226,29.879999
2013-04-03,,19.261278,38.483757,34.040886,,31.874138,29.850000
2013-04-04,,19.299555,38.700165,,,32.069061,29.809999
2013-04-05,,19.353157,38.573296,,,31.907751,28.902000
2013-04-08,,19.337852,38.759861,33.329113,,31.941355,29.900000
2013-04-09,,19.337852,38.879257,33.236282,,32.136284,29.920000
2013-04-10,,19.276606,39.409096,33.298168,,32.586636,29.980000
2013-04-11,,19.291908,39.603107,33.638580,,32.727791,29.950001
2013-04-12,,19.330194,39.431473,33.638580,,32.566467,29.930000
2013-04-15,,19.368471,38.453896,33.360065,,31.780033,29.084000
2013-04-16,,19.345507,39.080750,33.421963,,32.371536,29.150000
2013-04-17,,19.353157,38.386745,33.360065,,31.652330,28.940001
2013-04-18,,19.368471,38.207653,33.329113,,31.632166,29.360001
2013-04-19,,19.345507,38.632996,34.319401,,31.968245,29.129999
2013-04-22,,19.360821,38.759861,34.288452,,32.042187,29.110001
2013-04-23,,19.345507,39.192684,34.102783,,32.405148,29.000000
2013-04-24,,19.353157,39.356850,34.381298,,32.640423,29.000000
2013-04-25,,19.360821,39.580730,34.443188,,32.815174,29.010000
2013-04-26,,19.399092,39.476246,34.566967,,32.835342,29.020000
2013-04-29,,19.391436,39.864300,34.536022,,33.184868,28.806000
2013-04-30,,19.383781,40.058319,34.907379,,33.373085,28.690001
2013-05-01,,19.434357,39.670284,,,33.110931,28.600000
2013-05-02,,19.419022,39.976231,35.000217,,33.272240,28.799999
2013-05-03,,19.334738,40.409061,35.062111,,33.588173,29.024000
2013-05-06,,19.311735,40.453835,35.216846,,33.554550,29.500000
2013-05-07,,19.304089,40.625469,35.340626,,33.682278,28.841000
2013-05-08,,19.311735,40.909039,35.804810,,34.065403,29.510000
2013-05-09,,19.311735,40.707554,36.021446,,33.702438,28.521999
2013-05-10,,19.250448,40.722481,35.835777,,33.756210,29.400000
2013-05-13,,19.219774,40.692646,35.742928,,33.675556,28.931999
2013-05-14,,19.189127,40.953812,35.835777,,33.756210,29.100000
2013-05-15,,19.196795,41.110527,35.866714,,33.816696,29.177000
2013-05-16,,19.258102,40.894123,36.330906,,33.574726,29.184999
2013-05-17,,19.212124,41.229939,36.145222,,33.762928,29.191999
2013-05-20,,19.204451,41.274704,36.083336,,34.025070,29.183001
2013-05-21,,19.219774,41.334404,36.083336,,34.045235,29.100000
2013-05-22,,19.158478,40.916496,36.052395,,33.688980,29.027000
2013-05-23,,19.173805,40.729946,35.278732,,33.332745,29.870001
2013-05-24,,19.181467,40.483677,35.185894,,33.036987,29.056000
2013-05-27,,,,35.495361,,,29.311001
2013-05-28,,19.058849,40.640388,35.371574,,33.077316,29.157000
2013-05-29,,19.097170,40.334435,35.681038,,32.835342,29.431999
2013-05-30,,19.097170,40.528454,35.247787,,32.969776,29.231001
2013-05-31,,19.051180,39.834457,35.247787,,32.270714,29.201000
2013-06-03,,19.071123,40.080711,35.093052,,32.586636,29.188999
2013-06-04,,19.063456,39.931461,35.031158,,32.479088,29.159000
2013-06-05,,19.109478,39.259834,35.031158,,31.887575,29.158001
2013-06-06,,19.117125,39.588207,34.597916,,32.082512,28.934000
2013-06-07,,19.017448,39.946384,34.690762,,32.277443,28.771000
2013-06-10,,19.009775,39.968773,34.969280,,32.250557,28.771000
2013-06-11,,19.048113,39.438946,34.876438,,31.800198,28.771000
2013-06-12,,18.994442,39.222534,,,31.746435,28.771000
2013-06-13,,19.063456,39.804600,34.040886,,32.230389,28.987000
2013-06-14,,19.086462,39.461334,33.917103,,31.833807,29.021999
2013-06-17,,19.063456,39.871769,34.133713,,32.257278,29.148001
2013-06-18,,19.040453,40.170258,34.288452,,32.425327,29.045000
2013-06-19,,18.963770,39.461334,34.226559,,31.793493,29.124001
2013-06-20,,18.894768,38.259884,33.576698,,30.744904,29.299000
2013-06-21,,18.787394,38.334499,33.174393,,30.812122,29.351999
2013-06-24,,18.764385,37.731609,33.050613,,30.198469,29.533001
2013-06-25,,18.749063,38.235889,32.803028,,30.593494,29.389000
2013-06-26,,18.779728,38.529442,33.236282,,30.791002,29.389999
2013-06-27,,18.833405,38.928360,33.638580,,31.145157,29.419001
2013-06-28,,18.848738,38.770309,34.102783,,31.111103,29.207001
2013-07-01,,18.852577,39.093952,34.412239,,31.356289,29.475000
2013-07-02,,18.860239,38.875679,34.350353,,31.179218,29.191999
2013-07-03,,18.814211,38.935886,33.948032,,31.104300,29.343000
2013-07-04,,,,34.009941,,,29.160999
2013-07-05,,18.676104,39.214371,34.690762,,31.226892,29.464001
2013-07-08,,18.714478,39.364910,34.040886,,31.363098,29.362000
2013-07-09,,18.745167,39.628345,34.443188,,31.574236,29.291000
2013-07-10,,18.722136,39.681026,34.536022,,31.587845,29.504000
2013-07-11,,18.814211,40.554153,35.402523,,32.541340,28.872000
2013-07-12,,18.798874,40.456295,35.495361,,32.330227,29.028000
2013-07-15,,18.821896,40.667042,35.588196,,32.527725,29.079000
2013-07-16,,18.837225,40.546616,35.588196,,32.541340,29.920000
2013-07-17,,18.867918,40.712200,35.650097,,32.691181,29.870001
2013-07-18,,18.829557,40.922951,35.402523,,32.806961,29.889999
2013-07-19,,18.875608,40.922951,34.628868,,32.786518,30.010000
2013-07-22,,18.875608,41.111118,34.752644,,32.977234,29.950001
2013-07-23,,18.867918,41.133717,35.309685,,33.127056,29.900000
2013-07-24,,18.814211,40.998230,35.216846,,32.990864,29.910000
2013-07-25,,18.821896,41.081017,35.278732,,33.058952,29.920000
2013-07-26,,18.844894,40.975636,35.216846,,32.902317,29.950001
2013-07-29,,18.821896,40.757359,34.969280,,32.602634,29.936001
2013-07-30,,18.814211,40.727257,35.247787,,32.534534,29.945000
2013-07-31,,18.806541,40.772411,35.031158,,32.548153,29.982000
2013-08-01,,18.735903,41.314346,34.783600,,32.963608,30.108999
2013-08-02,,18.812683,41.434765,35.000217,,33.127056,30.110001
2013-08-05,,18.781971,41.344452,35.093052,,33.024895,30.113001
2013-08-06,,18.789654,41.148750,34.597916,,32.936371,29.941999
2013-08-07,,18.828033,40.915421,34.102783,,32.704792,29.987000
2013-08-08,,18.835724,41.284237,33.979000,,33.140690,30.013000
2013-08-09,,18.851086,41.254131,33.948032,,33.201973,29.943001
2013-08-12,,18.820362,41.231548,34.040886,,33.195175,29.940001
2013-08-13,,18.735903,41.427238,34.381298,,33.406300,29.962000
2013-08-14,,18.735903,41.336929,34.288452,,33.392670,29.986000
2013-08-15,,18.689835,40.855209,34.040886,,33.167927,30.014999
2013-08-16,,18.674477,40.802521,34.195614,,33.140690,30.016001
2013-08-19,,18.620720,40.471348,34.102783,,32.847832,29.992001
2013-08-20,,18.674477,40.599308,33.793316,,32.786518,30.014000
2013-08-21,,18.620720,40.177811,,,32.316597,30.070000
2013-08-22,,18.613033,40.539104,33.514793,,32.745659,30.070000
2013-08-23,,18.659105,40.802521,33.948032,,32.943176,30.112000
2013-08-26,,18.689835,40.614349,34.102783,,32.745659,30.037001
2013-08-27,,18.743572,39.899303,33.793316,,32.173565,30.003000
2013-08-28,,18.705177,39.959518,33.886154,,32.153133,30.042999
2013-08-29,,18.705177,39.982113,34.350353,,32.159954,29.249001
2013-08-30,,18.712864,39.771362,34.566967,,31.914768,29.996000
2013-09-02,,,,34.845486,,,29.290001
2013-09-03,,18.649080,40.132629,35.062111,,32.432384,29.884001
2013-09-04,,18.633707,40.546616,35.000217,,32.745659,29.909000
2013-09-05,,18.549200,40.629398,35.216846,,32.806961,29.862000
2013-09-06,,18.572252,40.734783,35.278732,,33.011276,29.959999
2013-09-09,,18.595301,41.291756,35.402523,,33.596992,28.851999
2013-09-10,,18.572252,41.690678,35.495361,,33.903477,28.771999
2013-09-11,,18.618353,41.811096,35.588196,,33.985218,28.893999
2013-09-12,,18.618353,41.592838,35.619137,,33.753658,28.813999
2013-09-13,,18.633707,41.728302,35.340626,,33.903477,28.937000
2013-09-16,,18.641403,42.021866,35.773876,,34.216774,28.773001
2013-09-17,,18.672140,42.119713,35.742928,,34.216774,28.882999
2013-09-18,,18.787394,42.947647,35.619137,,35.197498,28.895000
2013-09-19,,18.764336,42.812172,,,34.938702,28.539000
2013-09-20,,18.779716,42.428314,,,34.604965,28.759001
2013-09-23,,18.802767,42.364048,35.897648,,34.632336,28.830999
2013-09-24,,18.818123,42.288456,35.928604,,34.598133,28.875000
2013-09-25,,18.825817,42.250652,35.773876,,34.563923,28.896999
2013-09-26,,18.841183,42.386726,35.433460,,34.707596,28.812000
2013-09-27,,18.856550,42.250652,35.526299,,34.584465,28.854000
2013-09-30,,18.864233,41.993610,35.371574,,34.310791,28.790001
2013-10-01,,18.824247,42.326263,35.371574,,34.550247,28.774000
2013-10-02,,18.870365,42.265774,35.495361,,34.598133,28.811001
2013-10-03,,18.862705,42.016300,36.238060,,34.433929,28.612000
2013-10-04,,18.816570,42.190163,36.176178,,34.522881,28.584999
2013-10-07,,18.847319,41.850002,35.835777,,34.221840,28.676001
2013-10-08,,18.824247,41.403976,36.114292,,33.941330,
2013-10-09,,18.831947,41.487129,36.021446,,34.187634,28.589001
2013-10-10,,18.801174,42.341362,,,34.762325,28.655001
2013-10-11,,18.808882,42.636196,36.176178,,34.892330,28.643000
2013-10-14,,18.739672,42.742023,35.897648,,35.035999,28.608000
2013-10-15,,18.801174,42.447197,36.207123,,34.830757,28.638000
2013-10-16,,18.831947,42.915901,36.052395,,35.131783,28.541000
2013-10-17,,18.901150,43.339245,36.238060,,35.494396,28.707001
2013-10-18,,18.908838,43.596249,36.547535,,35.679115,28.569000
2013-10-21,,18.878080,43.641605,36.516590,,35.726997,28.681999
2013-10-22,,18.954979,43.951565,36.516590,,36.089615,28.681999
2013-10-23,,18.954979,43.566032,36.330906,,35.624393,28.417999
2013-10-24,,18.962658,43.800373,36.457600,,35.802261,28.613001
2013-10-25,,18.970366,43.845718,36.172531,,35.761219,28.671000
2013-10-28,,18.970366,43.838181,36.425930,,35.747532,28.662001
2013-10-29,,18.954979,43.944012,36.584305,,35.836475,28.716999
2013-10-30,,18.939590,43.777702,36.679329,,35.713322,28.729000
2013-10-31,,18.924221,43.550919,36.679329,,35.569645,28.730000
2013-11-01,,18.917292,43.528240,36.489277,,35.350708,28.792999
2013-11-04,,18.894205,43.777702,36.330906,,35.514912,28.719000
2013-11-05,,18.871122,43.452633,35.982479,,35.152313,28.658001
2013-11-06,,18.894205,43.656742,35.982479,,35.480701,28.693001
2013-11-07,,18.924997,43.044407,35.887463,,34.871799,28.674000
2013-11-08,,18.824940,43.422386,35.760757,,35.063366,28.889999
2013-11-11,,18.832630,43.452633,35.665737,,35.042831,28.844000
2013-11-12,,18.755682,43.331673,35.792431,,34.878658,28.794001
2013-11-13,,18.832630,43.573593,35.317318,,35.015480,28.729000
2013-11-14,,18.878820,43.777702,35.412338,,35.213882,28.684999
2013-11-15,,18.894205,44.095203,35.570709,,35.583324,28.837000
2013-11-18,,18.917292,44.072517,35.760757,,35.651752,28.740999
2013-11-19,,18.886484,43.928886,35.982479,,35.521759,29.469999
2013-11-20,,18.840315,43.717213,35.760757,,35.248077,29.469999
2013-11-21,,18.840315,44.012035,35.127266,,35.419128,29.549999
2013-11-22,,18.871122,44.178364,35.158947,,35.521759,29.549999
2013-11-25,,18.878820,44.012035,35.634064,,35.412289,28.783001
2013-11-26,,18.901892,44.027164,35.919132,,35.330193,29.600000
2013-11-27,,18.886484,44.193466,36.109180,,35.501232,29.650000
2013-11-28,,,,36.330906,,,29.650000
2013-11-29,,18.886484,44.223709,36.457600,,35.617535,28.899000
2013-12-02,,18.847986,43.921318,36.394253,,35.295986,28.898001
2013-12-03,,18.847986,43.686985,36.425930,,35.063366,29.600000
2013-12-04,,18.832588,43.528240,36.394253,,34.878658,29.540001
2013-12-05,,18.786356,43.369473,36.172531,,34.714443,29.565001
2013-12-06,,18.794081,43.891090,36.204212,,35.200195,29.650000
2013-12-09,,18.809483,43.928886,36.520962,,35.200195,28.808001
2013-12-10,,18.832588,43.860844,36.615971,,35.124943,29.580000
2013-12-11,,18.817183,43.354347,36.647655,,34.803394,29.590000
2013-12-12,,18.778664,43.150253,36.362572,,34.516041,29.580000
2013-12-13,,18.786356,43.135128,36.330906,,34.543404,29.600000
2013-12-16,,18.794081,43.460182,36.045834,,34.782852,28.850000
2013-12-17,,18.809483,43.286327,36.235878,,34.632336,29.629999
2013-12-18,,18.786356,43.883518,36.109180,,35.131783,29.620001
2013-12-19,,18.763268,43.891090,36.330906,,35.008617,29.680000
2013-12-20,,18.778664,44.137611,36.394253,,35.131508,29.809999
2013-12-23,,18.763268,44.487614,36.647655,,35.414555,29.193001
2013-12-24,,18.724758,44.594120,36.615971,,35.497391,29.950001
2013-12-25,,,,36.647655,,,29.950001
2013-12-26,,18.718573,44.753914,36.647655,,35.621658,29.950001
2013-12-27,,18.710876,44.890862,36.932720,,35.828762,29.271999
2013-12-30,,18.726294,45.012589,37.249477,,36.008247,29.502001
2013-12-31,,18.733999,45.195210,37.186127,,36.160133,30.000000
2014-01-01,,,,,,,29.775000
2014-01-02,,18.733999,44.525646,9.272776,,35.525013,29.143999
2014-01-03,,18.718573,44.571304,9.161914,,35.511196,29.900000
2014-01-06,,18.757137,44.449566,9.138155,,35.407646,29.316000
2014-01-07,,18.741720,44.654999,9.138155,,35.580231,30.045000
2014-01-08,,18.718573,44.662613,9.153993,,35.559528,30.100000
2014-01-09,,18.741720,44.654999,9.114400,,35.455986,30.100000
2014-01-10,,18.826513,44.959347,9.114400,,35.821850,30.080000
2014-01-13,,18.857355,44.457161,9.169832,,35.545712,29.167000
2014-01-14,,18.818810,44.860416,9.153993,,35.828762,29.982000
2014-01-15,,18.795673,44.997395,9.249018,,35.904694,29.982000
2014-01-16,,18.834229,45.012589,9.272776,,35.911598,30.110001
2014-01-17,,18.841940,44.845203,9.288612,,35.780441,30.070000
2014-01-20,,,,9.312369,,,29.490000
2014-01-21,,18.841940,44.966942,9.272776,,35.911598,29.375999
2014-01-22,,18.811106,45.081070,9.288612,,36.022068,30.219999
2014-01-23,,18.895895,44.670204,9.264857,,35.642357,30.230000
2014-01-24,,18.911327,43.513691,9.288612,,34.717304,30.200001
2014-01-27,,18.903618,43.285439,9.122319,,34.503292,29.632000
2014-01-28,,18.903618,43.643036,,,34.855377,30.305000
2014-01-29,,18.942154,43.201756,,,34.434284,30.350000
2014-01-30,,18.949863,43.635437,,,34.634460,30.280001
2014-01-31,,18.965282,43.186527,,,34.206459,30.350000
2014-02-03,,19.044769,42.326744,,,33.578239,29.761999
2014-02-04,,19.006191,42.676743,,,33.881996,30.340000
2014-02-05,,18.975319,42.646313,8.837247,,33.957935,30.290001
2014-02-06,,18.936728,43.308266,8.868923,,34.572342,30.350000
2014-02-07,,18.959890,43.795231,8.963945,,34.938217,30.275000
2014-02-10,,18.975319,43.764790,8.963945,,34.813950,29.410999
2014-02-11,,18.929018,44.343044,9.019378,,35.345516,30.320000
2014-02-12,,18.913572,44.426731,9.114400,,35.373135,30.320000
2014-02-13,,18.952171,44.586510,9.090643,,35.462875,30.230000
2014-02-14,,18.952171,44.807156,9.177752,,35.690697,30.315001
2014-02-17,,,,9.177752,,,29.562000
2014-02-18,,18.975319,45.004997,9.209427,,35.842564,29.533001
2014-02-19,,18.944447,44.715858,9.209427,,35.614758,30.280001
2014-02-20,,18.921297,44.966942,9.130240,,35.732121,30.280001
2014-02-21,,18.944447,44.974556,9.217345,,35.856369,30.309999
2014-02-24,,18.929018,45.256077,9.169832,,36.097996,29.542999
2014-02-25,,18.975319,45.141933,9.209427,,36.049664,30.350000
2014-02-26,,18.990744,45.149540,9.249018,,35.870167,30.340000
2014-02-27,,19.029337,45.316936,9.233180,,36.042763,30.290001
2014-02-28,,19.021606,45.438690,,,36.118702,30.350000
2014-03-03,,19.053282,44.822384,9.177752,,35.414555,29.570000
2014-03-04,,18.976057,45.583233,9.138155,,36.049664,30.290001
2014-03-05,,18.991497,45.606068,9.233180,,36.049664,30.330000
2014-03-06,,18.945158,45.811489,9.367800,,36.450062,30.299999
2014-03-07,,18.898817,45.666943,9.407393,,36.167038,30.299999
2014-03-10,,18.921978,45.461514,9.351961,,35.911598,29.549999
2014-03-11,,18.937431,45.225636,9.399474,,35.725201,30.290001
2014-03-12,,18.968330,45.179989,9.312369,,35.635456,30.290001
2014-03-13,,19.006939,44.571304,9.462823,,35.055573,30.325001
2014-03-14,,19.030123,44.525646,9.367800,,35.027954,30.309999
2014-03-17,,18.983774,44.906078,9.351961,,35.428364,29.566999
2014-03-18,,19.014675,45.248470,9.407393,,35.676884,30.305000
2014-03-19,,18.921978,44.807156,9.383636,,35.214348,30.430000
2014-03-20,,18.914257,44.890862,9.264857,,35.145340,30.430000
2014-03-21,,18.937431,44.814770,9.264857,,35.138416,30.635000
2014-03-24,,18.937431,44.776733,9.288612,,35.248886,29.844000
2014-03-25,,18.929707,45.055260,9.367800,,35.587509,30.559999
2014-03-26,,18.983774,44.871613,9.454906,,35.594448,30.500000
2014-03-27,,18.976057,44.986389,9.470740,,35.851730,30.500000
2014-03-28,,18.960596,45.269520,9.486578,,36.067295,30.490000
2014-03-31,,18.945158,45.659779,9.518253,,36.296749,29.702999
2014-04-01,,18.940510,45.996464,9.597441,,36.547085,30.490000
2014-04-02,,18.901863,46.065334,9.629115,,36.616608,30.290001
2014-04-03,,18.901863,45.965858,9.605359,,36.512306,29.667999
2014-04-04,,18.963713,45.567951,,,36.428867,30.280001
2014-04-07,,18.994642,45.254230,9.581603,,36.303703,29.559999
2014-04-08,,19.002367,45.422562,9.629115,,36.401051,30.250000
2014-04-09,,19.017830,45.958206,9.660790,,36.825203,30.110001
2014-04-10,,19.064217,45.108837,9.692463,,36.199398,29.990000
2014-04-11,,19.087408,44.756832,9.684546,,36.067295,29.309999
2014-04-14,,19.095137,45.001698,9.668708,,36.220253,29.447001
2014-04-15,,19.087408,44.994041,9.716222,,35.983845,30.160000
2014-04-16,,19.056471,45.468479,9.708304,,36.352356,30.219999
2014-04-17,,19.095137,45.652122,9.684546,,36.547085,30.129999
2014-04-18,,,,9.747895,,,30.150000
2014-04-21,,18.994642,45.720993,9.747895,,36.644421,29.507000
2014-04-22,,18.994642,45.889332,9.779571,,36.672230,30.190001
2014-04-23,,19.041033,45.797512,9.763735,,36.560978,30.190001
2014-04-24,,19.048759,45.820469,9.779571,,36.588791,30.190001
2014-04-25,,19.056471,45.460823,9.613279,,36.366268,30.285000
2014-04-28,,19.025555,45.598568,9.700381,,36.477531,29.563999
2014-04-29,,19.048759,45.828133,9.716222,,36.623543,30.285000
2014-04-30,,19.087408,45.996464,9.660790,,36.755669,29.450001
2014-05-01,,19.099020,46.088284,,,36.811287,30.150000
2014-05-02,,19.114498,46.103592,9.708304,,36.859970,30.150000
2014-05-05,,19.145449,46.111240,9.692463,,36.825203,30.170000
2014-05-06,,19.137697,45.904652,9.747895,,36.797386,29.365999
2014-05-07,,19.106754,46.095940,9.724139,,36.894737,30.110001
2014-05-08,,19.168661,46.027073,9.795408,,36.901695,30.110001
2014-05-09,,19.129972,46.042377,9.732059,,36.825203,30.110001
2014-05-12,,19.114498,46.447929,9.684546,,37.145058,30.110001
2014-05-13,,19.137697,46.424976,9.732059,,37.179832,30.200001
2014-05-14,,19.222832,46.310204,9.787489,,37.200684,30.200001
2014-05-15,,19.207354,45.981163,9.779571,,36.971218,30.190001
2014-05-16,,19.222832,46.187767,9.795408,,37.089436,30.190001
2014-05-19,,19.176399,46.233681,9.795408,,37.068577,29.413000
2014-05-20,,19.215096,45.927605,9.834999,,36.818268,30.129999
2014-05-21,,19.184139,46.241341,9.787489,,37.089436,30.150000
2014-05-22,,19.215096,46.424976,9.922106,,37.200684,30.158001
2014-05-23,,19.199619,46.623951,9.937945,,37.304996,30.125000
2014-05-26,,,,9.985457,,,30.080000
2014-05-27,,19.238319,46.838184,9.993373,,37.444057,29.372000
2014-05-28,,19.277006,46.754021,10.088399,,37.367561,29.431000
2014-05-29,,19.269268,47.037144,10.040886,,37.569214,30.090000
2014-05-30,,19.238319,46.937672,9.993373,,37.464928,29.975000
2014-06-02,,19.225142,47.121319,,,37.631794,30.011000
2014-06-03,,19.132200,47.052444,10.001293,,37.569214,30.059999
2014-06-04,,19.139938,47.098358,10.040886,,37.562267,30.065001
2014-06-05,,19.139938,47.450359,10.040886,,37.812580,30.046000
2014-06-06,,19.139938,47.710529,10.064642,,38.042042,29.201000
2014-06-09,,19.116705,47.764088,10.104236,,38.069862,29.275000
2014-06-10,,19.093456,47.725830,10.167585,,38.042042,29.990000
2014-06-11,,19.108946,47.557472,10.159667,,37.902977,29.989000
2014-06-12,,19.155418,47.373825,10.135909,,37.889088,30.020000
2014-06-13,,19.124451,47.503914,10.112155,,37.937759,29.989000
2014-06-16,,19.132200,47.473309,10.120074,,37.902977,29.990000
2014-06-17,,19.085718,47.565140,10.191339,,37.854305,30.010000
2014-06-18,,19.124451,47.840622,10.215096,,38.208935,30.040001
2014-06-19,,19.101208,47.924786,10.286366,,38.299320,29.990000
2014-06-20,,19.116705,48.001312,10.254693,,38.271507,29.969999
2014-06-23,,19.108946,47.924786,10.246773,,38.195023,29.261999
2014-06-24,,19.155418,47.688122,10.262610,,37.972847,29.238001
2014-06-25,,19.163172,47.772919,10.238854,,37.986912,29.950001
2014-06-26,,19.194157,47.765217,10.349717,,38.029102,29.955000
2014-06-27,,19.186411,47.927094,10.349717,,38.127537,29.905001
2014-06-30,,19.201910,47.973339,10.444739,,38.169716,29.860001
2014-07-01,,19.182512,48.381927,10.539763,,38.500156,29.865000
2014-07-02,,19.128248,48.420479,10.626867,,38.556408,29.191000
2014-07-03,,19.104986,48.636322,10.721894,,38.704044,29.143000
2014-07-04,,,,10.721894,,,29.905001
2014-07-07,,19.112728,48.327957,10.706057,,38.443905,29.156000
2014-07-08,,19.167011,47.942520,10.729812,,38.134571,29.900000
2014-07-09,,19.182512,48.142952,10.745650,,38.275166,29.879999
2014-07-10,,19.198027,47.826881,10.824838,,37.874428,29.098000
2014-07-11,,19.221294,47.842293,10.816917,,37.923630,29.926001
2014-07-14,,19.198027,48.127537,10.880265,,38.176739,29.959999
2014-07-15,,19.182512,47.981071,10.919861,,38.057205,29.940001
2014-07-16,,19.190287,48.189194,10.824838,,38.289238,29.940001
2014-07-17,,19.244545,47.595619,10.690218,,37.768963,29.969999
2014-07-18,,19.244545,48.096703,10.690218,,38.141590,30.030001
2014-07-21,,19.236801,47.988777,10.690218,,38.078323,29.233000
2014-07-22,,19.244545,48.227749,10.785241,,38.303291,29.969999
2014-07-23,,19.252302,48.351105,10.785241,,38.380646,29.289000
2014-07-24,,19.205793,48.389637,10.832757,,38.429848,29.937000
2014-07-25,,19.236801,48.189194,10.713974,,38.296272,29.945000
2014-07-28,,19.244545,48.189194,10.690218,,38.380646,29.959999
2014-07-29,,19.252302,47.973339,10.682300,,38.232986,29.959999
2014-07-30,,19.182512,47.996479,10.745650,,38.204872,29.950001
2014-07-31,,19.182512,47.133064,10.571439,,37.508835,29.993000
2014-08-01,,19.248499,46.971176,10.492253,,37.382267,30.059000
2014-08-04,,19.240740,47.271843,10.547682,,37.614281,29.990000
2014-08-05,,19.240740,46.793865,10.333879,,37.079956,29.988001
2014-08-06,,19.248499,46.739910,10.405149,,37.037785,29.267000
2014-08-07,,19.310577,46.454674,10.405149,,36.728413,29.999001
2014-08-08,,19.295065,46.801571,10.405149,,36.946369,29.999001
2014-08-11,,19.295065,47.025139,10.460579,,37.171364,29.990000
2014-08-12,,19.271776,46.971176,10.468495,,37.136200,29.990000
2014-08-13,,19.302822,47.248707,10.571439,,37.382267,30.020000
2014-08-14,,19.349400,47.472263,10.626867,,37.522888,30.020000
2014-08-15,,19.388199,47.449142,10.626867,,37.487728,29.965000
2014-08-18,,19.318352,47.857716,10.595193,,37.754910,29.179001
2014-08-19,,19.326118,47.981071,10.729812,,37.832230,29.218000
2014-08-20,,19.287291,48.019596,10.769404,,37.775986,29.246000
2014-08-21,,19.318352,48.119812,10.753571,,37.839275,29.232000
2014-08-22,,19.333872,48.073574,10.888186,,37.691620,29.278000
2014-08-25,,19.333872,48.297134,10.872349,,37.979885,29.216000
2014-08-26,,19.333872,48.343384,10.864429,,38.015041,29.243999
2014-08-27,,19.364916,48.428185,10.967372,,38.148632,29.191999
2014-08-28,,19.380463,48.266296,10.983211,,37.930679,29.121000
2014-08-29,,19.411482,48.381927,10.959453,,37.944721,29.118999
2014-09-01,,,,11.054477,,,29.233000
2014-09-02,,19.322147,48.459019,10.888186,,37.944721,29.117001
2014-09-03,,19.322147,48.559238,10.967372,,38.282196,29.146000
2014-09-04,,19.283298,48.405045,10.927777,,38.050186,29.146000
2014-09-05,,19.291069,48.512981,10.927777,,38.134571,29.563999
2014-09-08,,19.275524,48.220043,,,37.754910,29.166000
2014-09-09,,19.259993,47.965645,10.967372,,37.558033,29.969999
2014-09-10,,19.236673,48.127537,10.872349,,37.684589,29.055000
2014-09-11,,19.221140,48.027313,10.832757,,37.494762,29.292999
2014-09-12,,19.174532,47.788342,10.729812,,37.304939,29.982000
2014-09-15,,19.197834,47.688122,10.729812,,37.234623,29.157000
2014-09-16,,19.197834,48.004192,10.642706,,37.473663,29.316000
2014-09-17,,19.166752,47.826881,10.721894,,37.199463,29.344000
2014-09-18,,19.174532,48.065865,10.745650,,37.417419,29.648001
2014-09-19,,19.205610,47.873135,10.769404,,37.199463,29.368999
2014-09-22,,19.236673,47.518517,10.603113,,36.960430,29.513000
2014-09-23,,19.259993,47.194748,10.579357,,36.707321,29.455999
2014-09-24,,19.228905,47.573505,10.539763,,36.915127,29.539000
2014-09-25,,19.283298,46.798939,10.444739,,36.314369,29.573000
2014-09-26,,19.267750,47.070015,10.389308,,36.519321,29.459000
2014-09-29,,19.298832,46.837669,10.357635,,36.123528,29.632000
2014-09-30,,19.283298,46.767952,10.341796,,36.045773,29.676001
2014-10-01,,19.363394,46.070858,10.373471,,35.607578,29.573000
2014-10-02,,19.347839,45.931438,10.373471,,35.360199,29.611000
2014-10-03,,19.394485,46.264484,10.563519,,35.409672,30.405001
2014-10-06,,19.363394,46.310970,10.555602,,35.678265,29.900999
2014-10-07,,19.410053,45.660339,10.468495,,35.169369,29.389999
2014-10-08,,19.464481,46.372925,10.405149,,35.664120,29.473000
2014-10-09,,19.448927,45.311771,10.452659,,34.815983,29.625000
2014-10-10,,19.487810,44.661148,,,34.236423,29.742001
2014-10-13,,19.550026,44.351330,10.135909,,34.278828,29.700001
2014-10-14,,19.573351,44.413300,10.223017,,34.342438,29.476999
2014-10-15,,19.651115,44.118965,10.151749,,34.045578,29.648001
2014-10-16,,19.612234,44.064743,10.135909,,33.854767,29.170000
2014-10-17,,19.581141,44.614677,10.032969,,34.321236,29.503000
2014-10-20,,19.596693,45.001965,10.230934,,34.561539,30.375000
2014-10-21,,19.573351,45.652596,10.183422,,34.914925,30.400000
2014-10-22,,19.550026,45.249802,10.341796,,34.653419,29.687000
2014-10-23,,19.518925,45.730049,10.302204,,34.929066,30.365999
2014-10-24,,19.526699,45.970161,11.037451,,35.126965,29.660000
2014-10-27,,19.542250,45.908195,11.072461,,34.907867,29.568001
2014-10-28,,19.511139,46.504608,11.265025,,35.466213,29.556000
2014-10-29,,19.456703,46.341938,11.378817,,35.232986,29.523001
2014-10-30,,19.480040,46.597542,11.343803,,35.459152,29.813999
2014-10-31,,19.480040,47.209446,11.431331,,36.017521,29.653000
2014-11-03,,19.454348,47.039043,11.483849,,35.692387,29.791000
2014-11-04,,19.454348,46.868641,11.492601,,35.508629,30.468000
2014-11-05,,19.446558,46.977089,11.466344,,35.543953,29.618000
2014-11-06,,19.423214,47.008072,11.396320,,35.296600,29.775000
2014-11-07,,19.477701,47.039043,11.413825,,35.367264,30.114000
2014-11-10,,19.430988,47.178467,11.580132,,35.459152,29.677000
2014-11-11,,19.438786,47.302399,11.545119,,35.628769,29.899000
2014-11-12,,19.430988,47.186207,11.378817,,35.430874,29.636999
2014-11-13,,19.462130,47.170727,11.492601,,35.501560,29.844999
2014-11-14,,19.477701,47.294647,11.501356,,35.621708,29.775000
2014-11-17,,19.454348,47.209446,11.396320,,35.430874,29.749001
2014-11-18,,19.485489,47.519276,11.361308,,35.770145,29.990999
2014-11-19,,19.462130,47.472805,11.527614,,35.699451,30.725000
2014-11-20,,19.469919,47.410851,11.658907,,35.579308,30.850000
2014-11-21,,19.501060,47.813614,11.667661,,36.010448,30.087000
2014-11-24,,19.508848,47.906563,11.693918,,36.010448,30.870001
2014-11-25,,19.571119,47.953033,11.702671,,36.088188,30.103001
2014-11-26,,19.578911,48.076969,11.702671,,36.271935,30.051001
2014-11-27,,,,11.816460,,,29.990999
2014-11-28,,19.648960,47.805862,11.816460,,35.833744,30.115999
2014-12-01,,19.584280,47.449570,11.693918,,35.671185,30.215000
2014-12-02,,19.529737,47.619968,11.518862,,35.748940,31.020000
2014-12-03,,19.545321,47.805862,11.702671,,35.798412,30.399000
2014-12-04,,19.553101,47.681934,11.746435,,35.692387,30.278999
2014-12-05,,19.506350,47.751644,11.702671,,35.720661,31.100000
2014-12-08,,19.521944,47.348873,11.615142,,35.296600,31.225000
2014-12-09,,19.576492,47.201721,11.588883,,35.098698,31.122999
2014-12-10,,19.631046,46.520100,11.431331,,34.625153,31.197001
2014-12-11,,19.631046,46.527843,11.422581,,34.540344,31.181999
2014-12-12,,19.708981,45.753288,11.431331,,33.911282,30.402000
2014-12-15,,19.662218,45.257557,11.396320,,33.409489,31.295000
2014-12-16,,19.732349,45.180103,11.300038,,33.572052,31.319000
2014-12-17,,19.677797,46.047604,11.124978,,34.024387,31.291000
2014-12-18,,19.584280,46.853157,11.151239,,34.589817,31.284000
2014-12-19,,19.615456,47.008072,11.413825,,34.625153,31.450001
2014-12-22,,19.662218,47.279312,11.553872,,34.803310,31.510000
2014-12-23,,19.521944,47.255928,11.518862,,34.689285,31.570000
2014-12-24,,19.550032,47.388424,11.606389,,34.796177,30.934000
2014-12-25,,,,11.606389,,,30.934000
2014-12-26,,19.596828,47.598873,11.632650,,35.066952,30.934000
2014-12-29,,19.604628,47.474159,11.763943,,34.838940,31.719999
2014-12-30,,19.635838,47.224751,11.702671,,34.553879,30.958000
2014-12-31,,19.620241,46.858418,11.702671,,34.447002,3.670000
2015-01-01,,,,,,,31.625000
2015-01-02,,19.729452,46.733711,,,34.354366,31.625000
2015-01-05,,19.760651,45.829594,11.650156,,33.599010,31.625000
2015-01-06,,19.854269,45.369743,11.361308,,33.342484,31.985001
2015-01-07,,19.854269,45.954288,11.378817,,33.734406,31.990000
2015-01-08,,19.807463,46.647980,11.641402,,34.161972,31.995001
2015-01-09,,19.862076,46.336216,11.580132,,34.019444,32.000000
2015-01-12,,19.916689,46.094608,11.510110,,33.884037,31.927999
2015-01-13,,19.916689,46.125763,11.545119,,34.062199,31.850000
2015-01-14,,19.979090,45.915337,11.483849,,33.919674,31.850000
2015-01-15,,20.096117,45.767246,11.518862,,34.161972,31.825001
2015-01-16,,19.979090,46.328426,11.466344,,34.496872,31.780001
2015-01-19,,,,11.597639,,,31.639000
2015-01-20,,20.018103,46.414158,11.685166,,34.539654,31.545000
2015-01-21,,19.971300,46.757092,11.772697,,34.867428,31.690001
2015-01-22,,19.940092,47.294888,11.833968,,35.102612,31.545000
2015-01-23,,20.025894,46.944168,12.026529,,34.860313,31.502001
2015-01-26,,20.002497,47.263718,12.026529,,35.230858,31.424999
2015-01-27,,19.994690,46.967537,12.105309,,35.195236,31.332001
2015-01-28,,20.080511,46.375191,12.105309,,34.739159,31.318001
2015-01-29,,20.064911,46.764885,11.956510,,35.074085,31.320999
2015-01-30,,20.197531,46.094608,11.903989,,34.539654,31.502001
2015-02-02,,20.149881,46.710335,11.930248,,35.052704,31.546000
2015-02-03,,20.024929,47.388424,12.017779,,35.594288,31.676001
2015-02-04,,20.063976,47.177982,12.149071,,35.309242,31.618000
2015-02-05,,20.009317,47.739155,12.096554,,35.715424,31.466000
2015-02-06,,19.845293,47.294888,12.035282,,35.230858,31.528000
2015-02-09,,19.860922,47.170208,11.991520,,35.152470,31.482000
2015-02-10,,19.806242,47.567684,11.947755,,35.330616,31.555000
2015-02-11,,19.806242,47.458572,12.079049,,35.159603,31.497999
2015-02-12,,19.829685,48.058720,12.079049,,35.729675,31.559000
2015-02-13,,19.782822,48.362690,12.157825,,35.964844,31.249001
2015-02-16,,,,,,,31.469999
2015-02-17,,19.689106,48.417252,,,36.078854,31.591999
2015-02-18,,19.743769,48.573151,,,36.221371,31.629999
2015-02-19,,19.735947,48.510780,,,36.178608,31.629999
2015-02-20,,19.720339,48.900482,,,36.449398,31.629999
2015-02-23,,19.775003,48.775787,,,36.299767,31.629999
2015-02-24,,19.845293,48.947250,12.297873,,36.527790,31.629999
2015-02-25,,19.860922,48.939449,12.394157,,36.606171,31.680000
2015-02-26,,19.798449,48.861515,12.306625,,36.542046,31.525999
2015-02-27,,19.845293,48.838135,,,36.534912,31.497999
2015-03-02,,19.738197,49.009605,12.254106,,36.534912,31.497999
2015-03-03,,19.730389,48.752415,12.236603,,36.349636,31.562000
2015-03-04,,19.738197,48.471817,12.245353,,36.171490,31.502001
2015-03-05,,19.753830,48.541958,12.201589,,36.192867,31.472000
2015-03-06,,19.620949,47.941803,12.219095,,35.694050,31.500999
2015-03-09,,19.667841,48.035343,12.096554,,35.715424,31.445000
2015-03-10,,19.730389,47.162392,12.070296,,34.967201,31.511999
2015-03-11,,19.753830,47.185776,12.087802,,35.059830,31.549999
2015-03-12,,19.761662,47.762531,12.192839,,35.444637,31.650999
2015-03-13,,19.761662,47.458572,12.157825,,35.202351,31.658001
2015-03-16,,19.792917,48.035343,12.061546,,35.572910,31.701000
2015-03-17,,19.800728,47.957394,12.105309,,35.558666,31.700001
2015-03-18,,19.964901,48.760193,12.236603,,36.314026,31.652000
2015-03-19,,19.902369,48.386066,12.367894,,35.872196,31.636000
2015-03-20,,19.933643,49.056366,12.350390,,36.577679,31.485001
2015-03-23,,19.964901,49.110935,12.385405,,36.748688,31.535000
2015-03-24,,20.011806,48.955051,12.341636,,36.762959,31.490000
2015-03-25,,19.964901,48.315857,12.297873,,36.396980,31.371000
2015-03-26,,19.871094,48.104347,12.149071,,36.189682,31.389999
2015-03-27,,19.949261,48.253185,12.035282,,36.218266,31.396000
2015-03-30,,19.925804,48.590015,12.044038,,36.368378,31.362000
2015-03-31,,19.964901,48.245354,12.087802,,35.989540,31.371000
2015-04-01,,20.031414,48.276691,12.017779,,36.275455,31.392000
2015-04-02,,19.992287,48.597866,12.166579,,36.604267,31.351000
2015-04-03,,,,,,,30.066000
2015-04-06,,19.984459,49.020851,,,37.018837,30.889000
2015-04-07,,20.015762,48.926846,12.184086,,36.997410,31.292000
2015-04-08,,20.007927,49.208847,12.079049,,37.269028,31.138000
2015-04-09,,19.945320,49.334179,12.096554,,37.411976,31.212999
2015-04-10,,19.937506,49.569183,12.192839,,37.454861,31.218000
2015-04-13,,19.945320,49.318516,12.227848,,37.247574,31.228001
2015-04-14,,20.007927,49.530022,12.166579,,37.533485,31.330999
2015-04-15,,20.000111,49.812012,12.017779,,37.755074,31.299999
2015-04-16,,20.007927,49.859013,12.201589,,37.898022,31.320000
2015-04-17,,20.039246,49.255848,12.087802,,37.390530,29.993999
2015-04-20,,20.007927,49.514351,12.070296,,37.411976,30.113001
2015-04-21,,19.992287,49.639687,12.070296,,37.690742,31.091999
2015-04-22,,19.906216,49.843349,12.192839,,37.797962,31.163000
2015-04-23,,19.945320,50.054840,12.516696,,37.990955,31.101000
2015-04-24,,19.984459,50.188015,12.639237,,38.155357,31.120001
2015-04-27,,19.976633,50.180183,12.735518,,38.355499,29.750000
2015-04-28,,19.890568,50.305511,12.709257,,38.398380,30.851000
2015-04-29,,19.859270,49.992176,12.569213,,38.105309,30.820000
2015-04-30,,19.843613,49.475178,12.507942,,37.719341,30.684999
2015-05-01,,19.780968,49.968670,,,38.012398,30.740999
2015-05-04,,19.765305,50.007858,12.534202,,38.083866,30.740999
2015-05-05,,19.741821,49.420330,12.464177,,37.562084,30.764999
2015-05-06,,19.671333,49.310688,12.481685,,37.540638,30.770000
2015-05-07,,19.718321,49.365513,12.332883,,37.390530,30.743000
2015-05-08,,19.749645,50.101837,12.341636,,38.126762,30.796000
2015-05-11,,19.655676,49.804176,12.402907,,37.819408,30.753000
2015-05-12,,19.663509,49.757179,12.376648,,37.790810,30.770000
2015-05-13,,19.647835,49.882515,12.446670,,37.998108,30.799999
2015-05-14,,19.679173,50.376015,12.271614,,38.448421,30.670000
2015-05-15,,19.765305,50.470016,12.254106,,38.555622,30.673000
2015-05-18,,19.671333,50.446510,12.297873,,38.369785,30.601000
2015-05-19,,19.632189,50.383850,12.481685,,38.262569,30.599001
2015-05-20,,19.655676,50.368168,12.394157,,38.312607,30.628000
2015-05-21,,19.718321,50.556168,12.280367,,38.469864,30.673000
2015-05-22,,19.702652,50.360352,12.376648,,38.291164,30.636999
2015-05-25,,,,12.376648,,,30.532000
2015-05-26,,19.757473,49.733696,12.429164,,37.640709,30.563000
2015-05-27,,19.765305,50.164509,12.455425,,37.926624,30.698999
2015-05-28,,19.773134,49.992176,12.516696,,37.747932,30.718000
2015-05-29,,19.780968,49.639687,12.446670,,37.376240,30.789000
2015-06-01,,19.726103,49.639687,12.341636,,37.261879,30.862000
2015-06-02,,19.663406,49.718010,12.324127,,37.469151,30.920000
2015-06-03,,19.585043,49.906013,12.245353,,37.590672,30.995001
2015-06-04,,19.632065,49.420330,12.009025,,37.147503,30.910000
2015-06-05,,19.553684,49.114849,11.982765,,36.825851,31.055000
2015-06-08,,19.553684,48.903358,12.061546,,36.747219,31.021999
2015-06-09,,19.514507,48.785854,11.965261,,36.575661,31.245001
2015-06-10,,19.483154,49.577015,12.017779,,37.254723,31.295000
2015-06-11,,19.577198,49.663177,12.052792,,37.304764,31.142000
2015-06-12,,19.569368,49.341999,12.044038,,37.061737,31.150000
2015-06-15,,19.577198,49.067848,12.017779,,36.811558,31.215000
2015-06-16,,19.616388,49.201027,11.939000,,36.818695,31.245001
2015-06-17,,19.655571,49.201027,11.991520,,36.790104,31.252001
2015-06-18,,19.616388,49.710182,11.974015,,37.126057,31.247999
2015-06-19,,19.679090,49.475178,,,36.954521,30.709000
2015-06-22,,19.585043,50.031342,12.140319,,37.590672,29.729000
2015-06-23,,19.553684,50.109684,12.175334,,37.740776,30.962000
2015-06-24,,19.585043,49.772850,12.192839,,37.447720,30.985001
2015-06-25,,19.561533,49.631847,12.332883,,37.404827,31.042999
2015-06-26,,19.514507,49.673660,12.332883,,37.373775,31.040001
2015-06-29,,19.639896,48.411304,12.044038,,36.340828,31.122999
2015-06-30,,19.608543,48.537537,12.149071,,36.355255,31.166000
2015-07-01,,19.550489,48.797909,12.262861,,36.535854,31.058001
2015-07-02,,19.597561,48.805801,12.271614,,36.622528,31.094999
2015-07-03,,,,12.271614,,,29.954000
2015-07-06,,19.683870,48.285076,12.131568,,35.849644,31.111000
2015-07-07,,19.730934,48.292957,12.184086,,35.741276,31.145000
2015-07-08,,19.778008,47.275188,11.816460,,34.795013,31.153999
2015-07-09,,19.668177,47.645996,11.746435,,35.336777,31.216000
2015-07-10,,19.597561,48.624332,11.746435,,36.311935,31.223000
2015-07-13,,19.558338,48.963593,11.921494,,36.470848,31.223000
2015-07-14,,19.597561,49.255505,11.921494,,36.716434,31.195000
2015-07-15,,19.636793,49.113495,11.947755,,36.499733,31.295000
2015-07-16,,19.652494,49.507980,12.009025,,36.774223,31.264999
2015-07-17,,19.660328,49.429081,11.991520,,36.701984,31.304001
2015-07-20,,19.628942,49.413303,11.903989,,36.738106,30.313000
2015-07-21,,19.644634,49.271294,12.017779,,36.673107,31.330999
2015-07-22,,19.676018,49.034595,11.868978,,36.348049,31.395000
2015-07-23,,19.730934,48.821571,11.755190,,36.218025,31.340000
2015-07-24,,19.746630,48.237728,11.685166,,35.762955,31.443001
2015-07-27,,19.778008,47.843239,11.518862,,35.466789,31.511999
2015-07-28,,19.762320,48.371861,11.527614,,35.878521,31.545000
2015-07-29,,19.730934,48.679550,11.448839,,36.015770,31.566000
2015-07-30,,19.754467,48.734787,11.641402,,35.957970,31.514000
2015-07-31,,19.817244,48.782135,11.580132,,36.153008,31.594999
2015-08-03,,19.862787,48.577000,11.422581,,35.957970,31.674999
2015-08-04,,19.792107,48.584888,11.431331,,35.979652,31.698000
2015-08-05,,19.744982,48.703220,11.501356,,36.189137,31.716999
2015-08-06,,19.799955,48.395531,11.378817,,36.001324,31.743999
2015-08-07,,19.847078,48.348190,11.326295,,35.972435,31.747999
2015-08-10,,19.792107,48.955700,11.300038,,36.434719,31.747999
2015-08-11,,19.886351,48.332413,11.300038,,35.813522,31.747999
2015-08-12,,19.878483,48.214066,11.107474,,35.582367,32.051998
2015-08-13,,19.847078,48.150948,11.124978,,35.488464,32.453999
2015-08-14,,19.831371,48.292957,11.081214,,35.524586,32.334000
2015-08-17,,19.862787,48.363972,11.011189,,35.459572,32.346001
2015-08-18,,19.831371,48.119389,10.949920,,35.185085,32.602001
2015-08-19,,19.902058,47.693336,10.783616,,34.831135,32.640999
2015-08-20,,19.925611,46.651901,10.748604,,34.051014,31.332001
2015-08-21,,19.980604,45.365879,10.468509,,33.234764,32.659000
2015-08-24,,19.972740,43.574917,10.065874,,32.028461,32.854000
2015-08-25,,19.925611,43.574917,10.503525,,32.274067,32.945000
2015-08-26,,19.815670,44.853046,10.564791,,33.119198,32.863998
2015-08-27,,19.839224,45.839256,10.529779,,33.740410,32.751999
2015-08-28,,19.807810,45.839256,10.818626,,33.711521,32.757000
2015-08-31,,19.799955,45.547352,10.906157,,33.465923,32.759998
2015-09-01,,19.837702,44.119312,10.809873,,32.346298,32.798000
2015-09-02,,19.814112,44.860943,10.871145,,32.823040,32.665001
2015-09-03,,19.845556,44.924046,10.879898,,32.859158,32.750000
2015-09-04,,19.869144,44.056179,10.739849,,32.064587,31.893000
2015-09-07,,,,10.722343,,,32.824001
2015-09-08,,19.798384,45.239643,10.757359,,33.003620,32.918999
2015-09-09,,19.829834,44.813583,11.230013,,32.866383,32.991001
2015-09-10,,19.806244,45.097633,11.107474,,33.075848,32.763000
2015-09-11,,19.829834,45.192299,11.116225,,33.061413,32.842999
2015-09-14,,19.853424,44.971397,11.142484,,32.895267,32.696999
2015-09-15,,19.727617,45.436878,11.054955,,33.111969,32.705002
2015-09-16,,19.727617,46.012844,11.186249,,33.668175,32.775002
2015-09-17,,19.821972,46.012844,11.378817,,33.697067,32.750999
2015-09-18,,19.900587,45.121288,11.352555,,32.909718,32.648998
2015-09-21,,19.821972,45.176529,11.107474,,32.938610,32.650002
2015-09-22,,19.877012,44.395451,11.168743,,32.165699,32.924999
2015-09-23,,19.892736,44.198200,10.914908,,31.970675,32.958000
2015-09-24,,19.908459,44.064068,10.853637,,31.876766,33.237000
2015-09-25,,19.869144,44.095001,10.897403,,32.090221,33.247002
2015-09-28,,19.939911,43.072102,,,31.407763,33.279999
2015-09-29,,19.994949,43.103828,10.897403,,31.473110,33.279999
2015-09-30,,19.979229,43.857124,10.923663,,32.177349,33.279999
2015-10-01,,20.009142,44.047424,11.133732,,32.249950,33.115002
2015-10-02,,20.064241,44.776928,11.072461,,32.896103,33.068001
2015-10-05,,20.001266,45.672939,11.098720,,33.571308,32.679001
2015-10-06,,20.017008,45.609493,11.186249,,33.564060,32.991001
2015-10-07,,19.993399,46.180412,11.352555,,34.123089,31.608999
2015-10-08,,19.961908,46.576878,11.326295,,34.362679,32.860001
2015-10-09,,19.938301,46.648239,,,34.457054,32.838001
2015-10-12,,19.993399,46.568951,11.475098,,34.224731,31.291000
2015-10-13,,20.017008,46.101105,11.431331,,33.745552,32.550999
2015-10-14,,20.087852,46.077328,11.387567,,33.934315,32.730999
2015-10-15,,20.040628,46.806828,11.553872,,34.536919,32.733002
2015-10-16,,20.032763,46.870262,11.510110,,34.522408,32.450001
2015-10-19,,20.024895,46.759266,11.545119,,34.290066,32.495998
2015-10-20,,19.977665,46.703751,11.545119,,34.268299,32.410999
2015-10-21,,20.024895,46.418278,11.466344,,34.108566,32.500999
2015-10-22,,20.032763,47.044716,11.466344,,34.616783,32.549999
2015-10-23,,19.977665,47.480824,11.536367,,34.870899,32.651001
2015-10-26,,20.001266,47.338104,11.653720,,34.682133,32.500999
2015-10-27,,20.032763,47.044716,11.590528,,34.362679,32.701000
2015-10-28,,19.969778,47.441177,11.509285,,34.544182,32.667999
2015-10-29,,19.898941,47.219154,11.428044,,34.239254,32.676998
2015-10-30,,19.922543,47.052639,11.409990,,34.188435,32.540001
2015-11-02,,19.866600,47.647339,11.428044,,34.558697,32.400002
2015-11-03,,19.842955,47.805923,11.608582,,34.682133,32.712002
2015-11-04,,19.819313,47.583904,11.834253,,34.478848,32.617001
2015-11-05,,19.803560,47.520466,11.807176,,34.340893,32.588001
2015-11-06,,19.701105,47.361877,11.572474,,34.137611,32.709000
2015-11-09,,19.693232,46.909904,11.491232,,33.774582,32.723000
2015-11-10,,19.716877,46.886124,11.355828,,33.687477,31.954000
2015-11-11,,19.677469,46.854404,11.220427,,33.796379,32.842999
2015-11-12,,19.724743,46.299351,11.238482,,33.426094,31.688000
2015-11-13,,19.772036,45.783947,11.121129,,33.099396,31.556999
2015-11-16,,19.779913,46.386574,11.039888,,33.556786,32.900002
2015-11-17,,19.787796,46.370716,11.256532,,33.629395,33.014000
2015-11-18,,19.779913,46.973358,11.085025,,33.941593,31.899000
2015-11-19,,19.811440,47.131931,11.247509,,34.115826,33.000999
2015-11-20,,19.787796,47.219154,11.247509,,34.115826,32.494999
2015-11-23,,19.803560,47.028847,11.301668,,33.803646,31.702999
2015-11-24,,19.819313,47.139854,11.184316,,33.868988,32.770000
2015-11-25,,19.827202,47.155712,11.184316,,33.868988,31.659000
2015-11-26,,,,11.337776,,,31.462000
2015-11-27,,19.803560,47.124008,11.184316,,33.723774,32.695000
2015-11-30,,19.842955,47.012989,11.048912,,33.738289,31.709000
2015-12-01,,19.896614,47.512543,11.265562,,34.086792,32.821999
2015-12-02,,19.888721,47.005066,11.247509,20.000000,33.716518,31.639999
2015-12-03,,19.746704,46.473797,11.265562,20.000000,33.564060,31.778000
2015-12-04,,19.778280,47.155712,11.148211,20.000000,33.839943,30.747999
2015-12-07,,19.825609,46.743393,11.283613,20.010000,33.491447,31.871000
2015-12-08,,19.849266,46.267632,11.103075,20.030001,32.990490,31.861000
2015-12-09,,19.833494,46.029751,10.967676,20.059999,32.896103,31.945000
2015-12-10,,19.833494,45.974247,10.931563,20.030001,32.845291,31.719000
2015-12-11,,19.943947,45.046524,10.805188,19.620001,32.155556,33.000000
2015-12-14,,19.841385,45.189243,10.723948,19.610001,32.271725,31.857000
2015-12-15,,19.794046,45.657085,10.732975,19.629999,32.525829,31.927000
2015-12-16,,19.770382,46.378643,10.895458,19.889999,33.186531,32.016998
2015-12-17,,19.833494,45.728432,11.021833,20.049999,32.714611,31.921000
2015-12-18,,19.880825,45.117882,10.967676,19.850000,32.475033,32.049999
2015-12-21,,19.880825,45.467445,10.949619,19.639999,32.699650,32.778999
2015-12-22,,19.841385,45.866482,10.976700,19.719999,32.919163,31.860001
2015-12-23,,19.809824,46.504978,10.994753,19.799999,33.475246,31.879999
2015-12-24,,19.831940,46.409210,11.048912,19.990000,33.416718,31.997999
2015-12-25,,,,11.121129,19.990000,,31.823999
2015-12-28,,19.847740,46.305450,11.094050,19.969999,33.292328,31.787001
2015-12-29,,19.760859,46.728436,11.012807,19.980000,33.585011,31.919001
2015-12-30,,19.768751,46.385246,10.931563,20.100000,33.314281,32.118000
2015-12-31,,19.792452,45.986206,10.967676,20.059999,33.006962,31.988001
2016-01-01,,,,,,,32.067001
2016-01-04,,19.839840,45.212048,10.751025,19.790001,32.436237,32.058998
2016-01-05,,19.816143,45.220039,10.660759,19.740000,32.377708,32.464001
2016-01-06,,19.895128,44.549629,10.552436,19.620001,31.828934,32.245998
2016-01-07,,19.934614,43.512123,10.353845,19.430000,31.170399,33.442001
2016-01-08,,19.958305,43.001331,10.371898,19.320000,30.804550,32.234001
2016-01-11,,19.926718,43.025269,10.209414,19.010000,30.870386,32.201000
2016-01-12,,19.989893,43.264706,10.200387,18.990000,30.943565,32.558998
2016-01-13,,20.045193,42.299015,10.317738,19.320000,30.519184,33.650002
2016-01-14,,20.013590,42.985371,10.236494,18.809999,30.928940,33.612999
2016-01-15,,20.076782,41.780258,10.236494,18.969999,29.736273,33.728001
2016-01-18,,,,10.308708,18.780001,,32.674999
2016-01-19,,20.068878,41.907940,10.335789,18.900000,30.087475,32.645000
2016-01-20,,20.139963,41.237534,10.092063,18.490000,29.348475,32.444000
2016-01-21,,20.108370,41.476978,10.074010,18.580000,29.597244,32.916000
2016-01-22,,20.084677,42.514492,10.209414,18.770000,30.482605,32.945999
2016-01-25,,20.108370,41.852085,10.389950,18.969999,29.970417,32.641998
2016-01-26,,20.124161,42.554398,10.290657,18.680000,30.548466,32.478001
2016-01-27,,20.116274,42.171333,10.335789,18.900000,30.402117,32.451000
2016-01-28,,20.155754,42.314968,10.389950,18.830000,30.599676,32.595001
2016-01-29,,20.218948,43.288654,10.651731,18.959999,31.206980,32.605999
2016-02-01,,20.171497,43.344517,10.751025,19.170000,31.075272,32.799000
2016-02-02,,20.298008,42.314968,10.714920,19.030001,30.365534,32.430000
2016-02-03,,20.266388,42.698059,10.642703,18.830000,30.753325,32.571999
2016-02-04,,20.305925,42.785843,,,30.899672,32.167000
2016-02-05,,20.313828,42.051601,,,30.482605,33.063000
2016-02-08,,20.416626,41.373219,,,29.941145,33.507000
2016-02-09,,20.416626,41.077930,,,29.531380,33.507000
2016-02-10,,20.471973,41.101860,,,29.524067,32.192001
2016-02-11,,20.527321,40.551182,,,29.070425,32.953999
2016-02-12,,20.416626,41.269463,,,29.553343,32.136002
2016-02-15,,,,10.651731,18.500000,,32.188000
2016-02-16,,20.369175,42.027664,10.877403,18.660000,30.167963,33.398998
2016-02-17,,20.337553,42.849709,10.823243,18.650000,30.753325,33.439999
2016-02-18,,20.400818,42.666142,10.994753,19.020000,30.621620,33.490002
2016-02-19,,20.400818,42.610275,10.985726,18.940001,30.511868,32.308998
2016-02-22,,20.384996,43.256721,10.976700,18.990000,30.855762,32.307999
2016-02-23,,20.416626,42.650162,10.985726,19.059999,30.394787,32.338001
2016-02-24,,20.400818,42.682114,10.886431,18.889999,30.321621,33.472000
2016-02-25,,20.440348,43.144993,11.030861,19.049999,30.636257,32.301998
2016-02-26,,20.369175,43.089123,11.057940,19.209999,30.548466,32.311001
2016-02-29,,20.408707,42.809792,,,30.438698,32.583000
2016-03-01,,20.266388,43.895191,11.166264,18.990000,31.302103,32.390999
2016-03-02,,20.258486,44.182518,11.256532,19.410000,31.602098,32.221001
2016-03-03,,20.258486,44.549629,11.364858,19.469999,31.938677,33.356998
2016-03-04,,20.234758,44.852901,11.391937,19.440001,32.275272,31.791000
2016-03-07,,20.195229,44.852901,11.391937,19.370001,32.231361,31.768000
2016-03-08,,20.290113,44.270313,11.382909,19.350000,31.785017,32.994999
2016-03-09,,20.234758,44.509735,11.391937,19.340000,32.011856,31.908001
2016-03-10,,20.195229,44.461834,11.419017,19.450001,31.953320,33.208000
2016-03-11,,20.147766,45.419567,11.473180,19.490000,32.772812,33.071999
2016-03-14,,20.147766,45.315804,11.554420,19.600000,32.597202,31.686001
2016-03-15,,20.155676,44.972885,11.382909,19.570000,32.239731,31.799000
2016-03-16,,20.234758,45.445602,11.482206,19.590000,32.680161,32.910000
2016-03-17,,20.250572,45.862244,11.608582,19.639999,33.032505,31.601000
2016-03-18,,20.282196,45.942364,11.680796,19.629999,32.981129,32.698002
2016-03-21,,20.234758,45.942364,11.662743,19.610001,33.017826,31.486000
2016-03-22,,20.211033,45.862244,11.626637,19.690001,32.951763,32.535999
2016-03-23,,20.290113,45.405548,11.617608,19.660000,32.526016,32.518002
2016-03-24,,20.274282,45.309395,11.617608,19.629999,32.349823,32.612999
2016-03-25,,,,11.563449,19.700001,,32.715000
2016-03-28,,20.274282,45.469654,11.572474,19.740000,32.562706,32.757000
2016-03-29,,20.377085,45.966412,11.491232,19.680000,32.900379,32.709000
2016-03-30,,20.345459,46.246838,11.680796,19.740000,33.230709,32.682999
2016-03-31,,20.400818,46.222797,11.671770,19.709999,32.973770,32.411999
2016-04-01,,20.377085,46.142673,11.536367,19.690001,32.643448,32.271000
2016-04-04,,20.384996,45.958393,,,32.503983,32.365002
2016-04-05,,20.464067,45.349457,,,31.938753,32.365002
2016-04-06,,20.432446,45.878277,11.265562,19.740000,32.430576,32.365002
2016-04-07,,20.487783,45.197231,11.220427,19.820000,31.931425,32.411999
2016-04-08,,20.471973,45.621880,11.328749,19.709999,32.584736,31.511000
2016-04-11,,20.456161,45.669956,11.373882,19.690001,32.643448,32.439999
2016-04-12,,20.416626,46.214794,11.364858,19.600000,33.186661,32.380001
2016-04-13,,20.400818,46.847767,11.563449,19.770000,33.678486,32.370998
2016-04-14,,20.384996,46.807693,11.599557,19.940001,33.641766,32.341999
2016-04-15,,20.424538,46.743595,11.599557,19.940001,33.561028,32.426998
2016-04-18,,20.400818,47.056068,11.527340,19.840000,33.817944,32.340000
2016-04-19,,20.392906,47.544815,11.482206,20.010000,34.434547,32.389999
2016-04-20,,20.329638,47.560837,11.310694,19.990000,34.361145,32.259998
2016-04-21,,20.274282,47.288429,11.364858,20.120001,34.140926,32.233002
2016-04-22,,20.282196,47.264381,11.409990,20.030001,34.118904,31.441999
2016-04-25,,20.250572,47.112160,11.419017,20.010000,33.950077,32.321999
2016-04-26,,20.226849,47.280418,11.464149,19.990000,34.089550,32.352001
2016-04-27,,20.298008,47.336502,11.446098,19.969999,34.192314,32.354000
2016-04-28,,20.345459,46.975960,11.265562,19.959999,33.795914,32.338001
2016-04-29,,20.329638,46.687523,11.121129,19.900000,33.685818,32.271999
2016-05-02,,20.297966,47.016003,,,33.906036,31.260000
2016-05-03,,20.377140,46.407082,10.967676,19.840000,33.223358,32.273998
2016-05-04,,20.416735,46.006462,10.850325,19.740000,32.841652,32.195999
2016-05-05,,20.440474,45.998455,10.868378,19.719999,32.797611,32.335999
2016-05-06,,20.400890,46.150692,10.778109,19.629999,32.885689,32.369999
2016-05-09,,20.448399,45.974426,10.778109,19.740000,32.709530,32.402000
2016-05-10,,20.448399,46.639435,10.832272,19.900000,33.245384,32.408001
2016-05-11,,20.464230,46.310936,10.805188,20.000000,33.025173,32.526001
2016-05-12,,20.432549,46.230808,10.796162,19.940001,33.025173,32.519001
2016-05-13,,20.487976,45.782120,10.678812,19.870001,32.577396,32.530998
2016-05-16,,20.432549,46.294903,10.760055,19.799999,33.054535,32.616001
2016-05-17,,20.416735,45.910316,10.841296,19.959999,32.804939,32.695000
2016-05-18,,20.305887,45.886284,10.823243,19.809999,32.753555,32.608002
2016-05-19,,20.329647,45.637905,10.769082,19.850000,32.503983,32.695000
2016-05-20,,20.345474,46.022495,10.832272,19.879999,32.768242,32.790001
2016-05-23,,20.337563,45.878277,11.193345,19.860001,32.650810,32.734001
2016-05-24,,20.305887,46.543293,11.075996,19.850000,33.091232,32.650002
2016-05-25,,20.290062,46.895824,11.193345,20.110001,33.436241,32.691002
2016-05-26,,20.353392,46.951908,11.220427,20.129999,33.516979,32.634998
2016-05-27,,20.321718,47.024029,11.301668,20.150000,33.443581,32.567001
2016-05-30,,,,11.400962,20.330000,,32.520000
2016-05-31,,20.353392,46.991978,11.400962,20.340000,33.355488,32.650002
2016-06-01,,20.339127,47.080109,11.500261,20.260000,33.362831,32.619999
2016-06-02,,20.394611,47.192295,11.500261,20.230000,33.428890,32.608002
2016-06-03,,20.521433,47.328487,11.527340,20.299999,33.729866,32.602001
2016-06-06,,20.481812,47.600925,11.563449,20.110001,33.979446,32.243000
2016-06-07,,20.497652,47.897366,11.716906,20.200001,34.265720,32.389999
2016-06-08,,20.521433,48.025558,11.780094,20.150000,34.390503,32.330002
2016-06-09,,20.545202,47.713081,,,33.935410,32.220001
2016-06-10,,20.600689,46.823723,,,33.025173,32.220001
2016-06-13,,20.632408,46.367020,11.509285,20.049999,32.555367,32.220001
2016-06-14,,20.624477,46.032616,11.581500,19.980000,32.166752,32.416000
2016-06-15,,20.664112,46.234562,11.599557,19.959999,32.419392,32.415001
2016-06-16,,20.679964,46.258789,11.437072,19.850000,32.389671,32.430000
2016-06-17,,20.656189,46.347652,11.563449,19.980000,32.634876,32.381001
2016-06-20,,20.584837,46.985729,11.644691,20.020000,33.385365,31.268000
2016-06-21,,20.553143,47.187664,11.689826,20.000000,33.608265,32.251999
2016-06-22,,20.576914,47.106903,11.725931,19.969999,33.600834,32.250000
2016-06-23,,20.505581,48.051937,11.698851,19.990000,34.485065,32.216999
2016-06-24,,20.695812,45.499519,11.391937,19.309999,31.817514,32.176998
2016-06-27,,20.830563,44.522160,11.509285,19.590000,31.245358,32.450001
2016-06-28,,20.822624,45.491432,11.554420,19.450001,32.025562,32.509998
2016-06-29,,20.783001,46.315323,11.680796,19.610001,32.657173,32.410999
2016-06-30,,20.798855,46.904964,11.816199,19.809999,33.050995,32.333000
2016-07-01,,20.870277,47.123055,11.960632,19.959999,33.140156,32.276001
2016-07-04,,,,11.969659,20.100000,,31.214001
2016-07-05,,20.957569,46.484943,11.933552,20.040001,32.568005,32.195999
2016-07-06,,20.957569,46.606113,11.716906,19.930000,32.501125,32.257999
2016-07-07,,20.933758,46.468796,11.861335,20.110001,32.367393,32.383999
2016-07-08,,20.973444,47.211906,11.861335,,32.924675,32.290001
2016-07-11,,20.909958,47.640007,12.096034,20.360001,33.325920,31.422001
2016-07-12,,20.814730,48.076172,12.204358,20.360001,33.786591,32.207001
2016-07-13,,20.862347,48.051937,12.213385,20.430000,33.779182,32.201000
2016-07-14,,20.790918,48.415424,12.222409,20.420000,34.068966,32.180000
2016-07-15,,20.735374,48.310421,12.366840,20.459999,33.927792,32.056000
2016-07-18,,20.735374,48.423496,12.484190,20.480000,34.046673,31.319000
2016-07-19,,20.767113,48.165035,12.502244,20.490000,33.734596,31.992001
2016-07-20,,20.719500,48.431576,12.493217,20.469999,34.002090,31.980000
2016-07-21,,20.759182,48.270039,12.556407,20.500000,33.972370,32.040001
2016-07-22,,20.743328,48.455807,12.511271,20.420000,34.024384,32.049999
2016-07-25,,20.743328,48.310421,12.457108,20.559999,33.912930,32.056999
2016-07-26,,20.751247,48.504284,12.529325,20.590000,34.054104,32.137001
2016-07-27,,20.814730,48.520432,12.583485,20.580000,34.217583,32.097000
2016-07-28,,20.814730,48.568890,12.620037,20.520000,34.210136,32.063000
2016-07-29,,20.894089,48.851597,12.528658,20.420000,34.544525,31.941000
2016-08-01,,20.822575,48.665813,12.665731,20.350000,34.381042,30.841000
2016-08-02,,20.782854,48.358887,12.665731,20.379999,34.247303,31.620001
2016-08-03,,20.798750,48.463886,12.565210,20.200001,34.187855,31.676001
2016-08-04,,20.838470,48.544647,12.592626,20.260000,34.373619,31.738001
2016-08-05,,20.743141,48.924286,12.720560,20.250000,34.529655,31.688000
2016-08-08,,20.743141,48.988922,12.802808,20.379999,34.655983,31.549999
2016-08-09,,20.798750,49.182774,12.866775,20.360001,34.923473,31.504999
2016-08-10,,20.838470,49.158535,12.903326,20.230000,34.990356,31.443001
2016-08-11,,20.766972,49.522022,12.784530,20.230000,35.272713,31.205999
2016-08-12,,20.798750,49.417011,12.830220,20.219999,35.146393,31.318001
2016-08-15,,20.774918,49.651253,12.857633,20.340000,35.361881,31.386999
2016-08-16,,20.751087,49.457390,12.784530,20.280001,35.235558,31.351999
2016-08-17,,20.782854,49.441238,12.802808,20.270000,35.235558,31.240999
2016-08-18,,20.806690,49.643177,12.775389,20.330000,35.421314,31.396000
2016-08-19,,20.751087,49.465481,12.647454,20.430000,35.183548,31.412001
2016-08-22,,20.798750,49.392792,12.556071,20.500000,35.138962,31.601999
2016-08-23,,20.798750,49.546249,12.684011,20.549999,35.242992,31.791000
2016-08-24,,20.782854,49.279694,12.647454,20.549999,35.161251,31.806000
2016-08-25,,20.759027,49.263542,12.793667,20.480000,35.094379,31.750000
2016-08-26,,20.711355,49.029301,12.811944,20.430000,34.841732,31.659000
2016-08-29,,20.774918,49.312016,12.802808,20.420000,34.975491,31.745001
2016-08-30,,20.766972,49.215080,12.793667,20.500000,34.878887,31.686001
2016-08-31,,20.743141,49.021233,12.684011,20.500000,34.700577,31.715000
2016-09-01,,20.774166,49.190842,12.620037,20.500000,34.923473,31.714001
2016-09-02,,20.734392,49.635098,12.638319,20.400000,35.324726,31.718000
2016-09-05,,,,12.848501,20.440001,,31.667999
2016-09-06,,20.790070,49.942043,12.949020,20.370001,35.688828,31.481001
2016-09-07,,20.782110,50.014740,13.131787,20.290001,35.733398,31.120001
2016-09-08,,20.718485,49.804722,13.086096,20.280001,35.681393,31.221001
2016-09-09,,20.646900,48.593121,12.866775,20.309999,34.886326,31.289000
2016-09-12,,20.646900,49.166626,12.583485,19.930000,35.176128,31.628000
2016-09-13,,20.599190,48.241879,12.583485,20.240000,34.312141,31.665001
2016-09-14,,20.599190,48.225655,12.510380,20.080000,34.342049,31.771000
2016-09-15,,20.615093,48.785843,,,34.678368,31.677999
2016-09-16,,20.623043,48.388016,,,34.312141,31.679001
2016-09-19,,20.607138,48.558525,12.976436,20.160000,34.543827,31.683001
2016-09-20,,20.638954,48.680286,12.958158,20.040001,34.648468,31.400999
2016-09-21,,20.670763,49.410995,13.022124,20.010000,35.328587,31.334999
2016-09-22,,20.702578,49.743862,13.049542,20.090000,35.679848,31.146999
2016-09-23,,20.718485,49.378513,13.140925,20.200001,35.306164,31.372000
2016-09-26,,20.742331,48.931980,12.976436,20.100000,34.977318,31.327999
2016-09-27,,20.774166,49.240505,12.976436,,35.194057,31.426001
2016-09-28,,20.782110,49.565254,12.976436,,35.500469,31.391001
2016-09-29,,20.782110,49.061897,13.140925,20.209999,35.096893,31.367001
2016-09-30,,20.742331,49.402874,12.967298,20.000000,35.283737,31.378000
2016-10-03,,20.716858,49.321682,13.058680,20.049999,35.261326,31.306999
2016-10-04,,20.653166,49.126839,13.113509,19.980000,35.134270,31.312000
2016-10-05,,20.621326,49.435352,13.067816,19.950001,35.388374,31.483000
2016-10-06,,20.565590,49.289200,13.104372,20.030001,35.238892,31.405001
2016-10-07,,20.597433,49.102474,13.095233,20.100000,35.014679,31.386000
2016-10-10,,20.557615,49.313572,,,35.171635,31.455000
2016-10-11,,20.541698,48.566631,13.058680,20.190001,34.618565,31.471001
2016-10-12,,20.533747,48.631584,13.204892,20.120001,34.573730,31.594999
2016-10-13,,20.581509,48.396141,13.104372,19.990000,34.431725,31.608000
2016-10-14,,20.517815,48.428616,13.058680,20.049999,34.491520,31.740000
2016-10-17,,20.557615,48.282471,13.058680,20.010000,34.424259,31.702000
2016-10-18,,20.581509,48.704655,13.150064,20.020000,34.835308,31.771999
2016-10-19,,20.581509,48.915741,13.223173,20.000000,34.954895,31.662001
2016-10-20,,20.589476,48.891388,13.278000,20.049999,34.939953,31.472000
2016-10-21,,20.589476,48.785843,13.268859,20.040001,34.895096,31.521000
2016-10-24,,20.549660,48.948215,13.287138,20.100000,34.932468,31.742001
2016-10-25,,20.557615,48.818317,13.415074,20.170000,34.895096,31.673000
2016-10-26,,20.549660,48.607224,13.341968,20.040001,34.700768,31.545000
2016-10-27,,20.485968,48.517914,13.268859,20.030001,34.618565,31.558001
2016-10-28,,20.478006,48.371788,13.268859,20.030001,34.581196,31.671000
2016-10-31,,20.517815,48.428616,13.268859,19.980000,34.611095,31.610001
2016-11-01,,20.517015,48.136333,13.268859,19.969999,34.476570,31.551001
2016-11-02,,20.556873,47.803467,13.113509,19.719999,34.185089,31.556000
2016-11-03,,20.509047,47.673565,13.012989,19.620001,34.155193,31.542999
2016-11-04,,20.564840,47.421883,12.976436,19.590000,33.826347,31.461000
2016-11-07,,20.509047,48.371788,13.159200,19.799999,34.469097,31.452000
2016-11-08,,20.461224,48.582870,13.223173,20.000000,34.581196,31.511000
2016-11-09,,20.246006,48.680286,12.793667,19.180000,34.349503,31.473000
2016-11-10,,20.150349,48.542282,13.159200,20.260000,34.125305,31.441000
2016-11-11,,20.118479,48.274364,12.802808,20.320000,33.774033,31.686001
2016-11-14,,20.062683,48.258125,12.811944,20.450001,33.564770,31.997999
2016-11-15,,20.062683,48.712776,12.775389,20.490000,33.893608,31.936001
2016-11-16,,20.086592,48.452965,12.793667,20.510000,33.542339,31.848000
2016-11-17,,20.030796,48.720901,12.830220,20.600000,33.751617,31.827999
2016-11-18,,19.974995,48.477322,12.866775,20.600000,33.467606,31.844999
2016-11-21,,19.974995,48.923859,12.885050,20.700001,33.766552,32.013000
2016-11-22,,19.990948,49.037533,13.058680,20.799999,33.930984,31.992001
2016-11-23,,19.951082,48.996933,13.122650,20.809999,33.774033,31.929001
2016-11-24,,,,13.049542,20.860001,,31.863001
2016-11-25,,19.951082,49.175541,13.040401,20.850000,33.908562,31.920000
2016-11-28,,19.998913,48.980698,13.113509,20.850000,33.781509,31.827999
2016-11-29,,20.014860,49.078114,13.095233,20.719999,33.945930,31.764000
2016-11-30,,19.919207,49.005051,13.104372,20.750000,33.916046,31.813000
2016-12-01,,19.877710,48.785843,13.159200,20.850000,33.826347,31.871000
2016-12-02,,19.933558,48.891388,13.012989,20.570000,33.916046,31.882000
2016-12-05,,19.933558,49.248608,12.994712,20.680000,34.185089,31.902000
2016-12-06,,19.925583,49.492172,13.159200,20.830000,34.364456,31.972000
2016-12-07,,19.973465,50.174160,13.159200,20.930000,34.857735,31.938000
2016-12-08,,19.925583,50.312176,13.323691,21.379999,34.880154,31.893000
2016-12-09,,19.845783,50.458328,13.369383,21.219999,34.984787,31.747000
2016-12-12,,19.877710,50.304050,13.314555,21.480000,34.783001,31.816000
2016-12-13,,19.877710,50.709999,13.332828,21.400000,35.126785,31.851999
2016-12-14,,19.765985,50.052380,13.360246,21.590000,34.491520,31.778999
2016-12-15,,19.742043,50.141678,13.341968,21.500000,34.469097,31.794001
2016-12-16,,19.750034,50.092972,13.214032,21.559999,34.401840,31.914000
2016-12-19,,19.813875,50.133560,13.131787,21.580000,34.364456,32.029999
2016-12-20,,19.797911,50.327412,13.113509,21.610001,34.469978,31.964001
2016-12-21,,19.821846,50.245632,13.104372,21.730000,34.417217,31.987000
2016-12-22,,19.817068,50.049309,12.939882,21.600000,34.251381,32.000999
2016-12-23,,19.817068,50.131115,12.894192,21.629999,34.349400,32.011002
2016-12-26,,,,12.939882,21.510000,,32.160999
2016-12-27,,19.785107,50.229271,12.930742,21.600000,34.356918,32.216000
2016-12-28,,19.856997,49.934811,13.086096,21.600000,34.334320,32.271999
2016-12-29,,19.880960,49.992062,13.022124,21.520000,34.522755,32.296001
2016-12-30,,19.912907,49.893913,13.122650,21.600000,34.583073,32.270000
2017-01-02,,,,,,,32.439999
2017-01-03,,19.912907,50.302876,13.140925,21.559999,34.831802,32.264000
2017-01-04,,19.928888,50.760918,13.131787,21.650000,35.216225,32.227001
2017-01-05,,20.032726,50.924507,13.250584,21.629999,35.480049,32.229000
2017-01-06,,19.968824,50.932686,13.278000,21.520000,35.404671,31.943001
2017-01-09,,20.008749,50.793633,13.241444,21.700001,35.336826,32.041000
2017-01-10,,20.000772,50.842716,13.232306,21.570000,35.397129,32.002998
2017-01-11,,20.016739,51.120804,13.232306,21.530001,35.660942,31.929001
2017-01-12,,20.032726,51.022659,13.369383,21.580000,35.713715,31.914000
2017-01-13,,19.992783,51.194427,13.268859,21.490000,35.819233,31.705999
2017-01-16,,,,13.159200,21.299999,,31.582001
2017-01-17,,20.080631,51.039017,13.214032,21.340000,35.728786,31.681000
2017-01-18,,19.976809,50.981762,13.186616,21.299999,35.540344,31.351000
2017-01-19,,19.936880,50.859062,13.150064,21.370001,35.510193,31.579000
2017-01-20,,19.944853,51.030827,13.186616,21.320000,35.653412,31.613001
2017-01-23,,20.008749,51.030827,13.296276,21.270000,35.819233,31.523001
2017-01-24,,19.960827,51.382549,13.396799,21.290001,35.962463,31.412001
2017-01-25,,19.904921,51.840580,,,36.339348,31.372999
2017-01-26,,19.920887,51.734257,,,36.226273,31.320000
2017-01-27,,19.936880,51.668827,,,36.143364,31.333000
2017-01-30,,19.936880,51.300751,,,35.909706,31.520000
2017-01-31,,19.976809,51.390736,,,35.992611,31.377001
2017-02-01,,19.948826,51.464352,,,36.113209,31.337999
2017-02-02,,19.948826,51.562496,13.323691,21.250000,36.158436,31.281000
2017-02-03,,19.948826,51.824242,13.314555,21.150000,36.324272,31.080000
2017-02-06,,20.020784,51.644283,13.387660,21.250000,36.113209,30.851999
2017-02-07,,20.036764,51.611561,13.396799,21.240000,36.075523,30.922001
2017-02-08,,20.108740,51.676994,13.424864,21.180000,36.188576,31.030001
2017-02-09,,20.036764,51.938732,13.471642,21.170000,36.286583,31.111000
2017-02-10,,20.028772,52.200470,13.621325,21.330000,36.482559,31.040001
2017-02-13,,19.996794,52.462212,13.649390,21.450001,36.625771,30.952000
2017-02-14,,19.948826,52.568550,13.696166,21.250000,36.595634,31.010000
2017-02-15,,19.908854,52.871189,13.827141,21.360001,36.799141,30.754999
2017-02-16,,19.956831,52.887547,13.742943,21.389999,36.829292,30.747999
2017-02-17,,19.996794,52.863003,13.724233,21.440001,36.670998,30.780001
2017-02-20,,,,13.677461,21.459999,,30.900000
2017-02-21,,20.004786,53.141109,13.705523,21.510000,36.882061,30.783001
2017-02-22,,20.012785,53.132927,13.714881,21.600000,36.889595,30.788000
2017-02-23,,20.044777,53.132927,13.677461,21.549999,36.927288,30.768000
2017-02-24,,20.116734,53.018406,13.686813,21.510000,36.633312,30.719999
2017-02-27,,20.052771,52.977509,,,36.603161,30.653999
2017-02-28,,20.052771,52.773026,,,36.475021,30.652000
2017-03-01,,19.939114,53.419197,13.537131,21.570000,36.897148,30.639999
2017-03-02,,19.923092,53.026600,13.574550,22.000000,36.580559,30.757000
2017-03-03,,19.923092,53.222900,13.490350,22.049999,36.761452,30.785000
2017-03-06,,19.923092,53.075672,13.499706,21.950001,36.670998,30.906000
2017-03-07,,19.891087,52.903908,13.555837,21.910000,36.588085,30.968000
2017-03-08,,19.851053,52.748497,13.630682,21.750000,36.369499,30.841000
2017-03-09,,19.795034,52.773026,13.480994,21.830000,36.414722,30.870001
2017-03-10,,19.835037,53.067486,13.471642,21.950001,36.753922,31.016001
2017-03-13,,19.795034,53.271973,13.565193,21.930000,36.957436,31.028000
2017-03-14,,19.835037,52.985695,13.658747,21.870001,36.701149,30.924000
2017-03-15,,19.915087,53.631870,13.630682,21.799999,37.296638,30.948000
2017-03-16,,19.899076,53.713661,13.808433,21.820000,37.515236,30.504999
2017-03-17,,19.923092,53.730007,13.845853,21.750000,37.507679,30.653999
2017-03-20,,19.963118,53.656399,13.836496,21.610001,37.583069,30.518000
2017-03-21,,20.011145,53.124744,14.014248,21.600000,37.319244,30.507000
2017-03-22,,20.043165,53.206543,13.883271,21.309999,37.387081,30.436001
2017-03-23,,20.035158,53.173813,13.911338,21.400000,37.470005,30.490999
2017-03-24,,20.035158,53.271973,13.892627,21.430000,37.606117,30.461000
2017-03-27,,20.067173,53.329224,13.883271,21.040001,37.659054,30.325001
2017-03-28,,20.035158,53.631870,13.892627,21.129999,37.780056,30.230000
2017-03-29,,20.067173,53.708225,13.845853,21.360001,37.825424,30.163000
2017-03-30,,20.019144,53.683601,13.827141,21.450001,37.674175,30.263000
2017-03-31,,20.051159,53.552216,13.789720,21.590000,37.568314,30.298000
2017-04-03,,20.115267,53.502953,,,37.560741,30.318001
2017-04-04,,20.099251,53.535789,,,37.590996,30.370001
2017-04-05,,20.123291,53.330509,13.967472,21.420000,37.424637,30.462999
2017-04-06,,20.123291,53.412632,13.920693,21.250000,37.424637,30.375000
2017-04-07,,20.083225,53.346943,13.864563,21.250000,37.386810,30.551001
2017-04-10,,20.107260,53.371574,13.883271,21.389999,37.356556,30.596001
2017-04-11,,20.171381,53.420830,13.827141,21.400000,37.462444,30.629000
2017-04-12,,20.211437,53.297672,13.855208,21.379999,37.469994,30.627001
2017-04-13,,20.259529,52.961025,13.920693,21.129999,37.258259,30.371000
2017-04-14,,,,13.761657,21.129999,,30.308001
2017-04-17,,20.227476,53.412632,13.771010,21.000000,37.560741,30.384001
2017-04-18,,20.323641,53.125240,13.771010,21.180000,37.303650,30.330000
2017-04-19,,20.283575,53.018505,13.621325,21.120001,37.137276,30.382999
2017-04-20,,20.251518,53.461899,13.621325,21.250000,37.477573,30.400000
2017-04-21,,20.251518,53.379795,13.752298,21.219999,37.462444,30.389999
2017-04-24,,20.211437,54.217312,13.780365,21.350000,38.256458,30.341999
2017-04-25,,20.147335,54.545753,13.911338,21.400000,38.483322,30.253000
2017-04-26,,20.179398,54.512905,13.948760,21.360001,38.392578,30.128000
2017-04-27,,20.195412,54.537540,13.939404,21.500000,38.339638,30.111000
2017-04-28,,20.195412,54.422588,13.948760,21.520000,38.339638,30.146000
2017-05-01,,20.165731,54.537540,,,38.513565,30.188999
2017-05-02,,20.197824,54.751034,14.070377,21.469999,38.740425,30.195000
2017-05-03,,20.173750,54.562180,14.135867,21.450001,38.626995,30.038000
2017-05-04,,20.141659,54.685337,14.154578,21.500000,38.725300,30.042999
2017-05-05,,20.141659,55.079479,14.061023,21.450001,39.095848,30.118999
2017-05-08,,20.117582,54.882401,14.163933,21.540001,38.891674,30.160999
2017-05-09,,20.085478,54.923458,14.210710,21.530001,38.868980,30.146000
2017-05-10,,20.093502,55.021980,14.266842,21.530001,38.997536,30.232000
2017-05-11,,20.109552,54.939880,14.313617,21.540001,38.914356,30.243999
2017-05-12,,20.165731,54.907024,14.276198,21.420000,39.118530,30.190001
2017-05-15,,20.149675,55.276520,14.313617,21.440001,39.390766,30.139999
2017-05-16,,20.181787,55.383270,14.313617,21.469999,39.542023,30.040001
2017-05-17,,20.294117,54.529335,14.276198,21.420000,39.020218,30.098000
2017-05-18,,20.286093,54.562180,14.201350,21.299999,38.929482,30.115999
2017-05-19,,20.278076,55.112312,14.191999,21.280001,39.466381,30.198000
2017-05-22,,20.262014,55.334015,14.229419,21.360001,39.519314,29.995001
2017-05-23,,20.213867,55.325802,14.285549,21.400000,39.519314,30.034000
2017-05-24,,20.253992,55.432537,14.276198,21.549999,39.594944,30.134001
2017-05-25,,20.262014,55.621387,14.407172,21.600000,39.610065,30.157000
2017-05-26,,20.278076,55.563911,14.397816,21.610001,39.572258,30.061001
2017-05-29,,,,,,,30.099001
2017-05-30,,20.310165,55.506432,,,39.489063,30.093000
2017-05-31,,20.318188,55.481808,14.313617,21.600000,39.473942,30.098000
2017-06-01,,20.321407,55.892361,14.388458,21.580000,39.768871,30.080999
2017-06-02,,20.377655,56.229012,14.444591,21.690001,40.109161,30.091999
2017-06-05,,20.353556,56.105835,14.594275,21.650000,39.950352,30.093000
2017-06-06,,20.401766,55.982681,14.584920,21.559999,39.867172,30.068001
2017-06-07,,20.353556,55.982681,14.584920,21.600000,39.882305,30.073999
2017-06-08,,20.345512,55.966248,14.641056,21.639999,39.844486,30.165001
2017-06-09,,20.329435,55.867733,14.594275,21.700001,39.662998,30.086000
2017-06-12,,20.313372,55.785614,14.435234,21.559999,39.526875,30.173000
2017-06-13,,20.321407,56.146896,14.453949,21.799999,39.852051,30.155001
2017-06-14,,20.409794,56.007309,14.379104,21.840000,39.799126,30.205000
2017-06-15,,20.385685,55.662441,14.388458,21.870001,39.405891,30.198000
2017-06-16,,20.393728,55.908783,14.538145,22.000000,39.685692,30.229000
2017-06-19,,20.361595,56.261860,14.697184,22.000000,39.859615,30.322001
2017-06-20,,20.409794,55.769203,14.865582,22.200001,39.473942,30.356001
2017-06-21,,20.417826,55.769203,14.884291,22.160000,39.409763,30.469999
2017-06-22,,20.425867,55.793823,14.921713,22.129999,39.547329,30.441999
2017-06-23,,20.425867,55.892361,14.912355,22.230000,39.646687,30.427000
2017-06-26,,20.449976,56.064793,15.230438,22.100000,39.761337,30.243999
2017-06-27,,20.377655,55.769203,15.211726,22.100000,39.669628,30.313000
2017-06-28,,20.385685,56.237167,15.071398,21.959999,40.051792,30.379999
2017-06-29,,20.337479,55.699745,15.090109,22.059999,39.639053,30.416000
2017-06-30,,20.297310,55.832012,15.043335,21.950001,39.723122,30.353001
2017-07-03,,20.259495,55.922974,15.052685,21.980000,39.753693,30.417000
2017-07-04,,,,14.968489,22.020000,,30.417000
2017-07-05,,20.259495,55.922974,15.108819,22.049999,39.723122,30.511000
2017-07-06,,20.235355,55.451698,15.043335,22.049999,39.486172,30.485001
2017-07-07,,20.211214,55.699745,14.959134,21.940001,39.532040,30.577999
2017-07-10,,20.235355,55.823734,15.033974,22.120001,39.654331,30.587999
2017-07-11,,20.235355,55.873352,15.258503,22.070000,39.791916,
2017-07-12,,20.283615,56.361153,15.258503,22.030001,40.174084,30.570000
2017-07-13,,20.267544,56.526516,15.380118,22.110001,40.326946,30.465000
2017-07-14,,20.283615,56.865486,15.352057,22.120001,40.686207,30.361000
2017-07-17,,20.291677,56.824150,15.380118,22.200001,40.533340,30.344000
2017-07-18,,20.347988,56.873756,15.417545,22.200001,40.640339,30.396999
2017-07-19,,20.356039,57.179665,15.473670,22.250000,40.854366,30.351000
2017-07-20,,20.356039,57.278862,15.464322,22.440001,41.007236,30.377001
2017-07-21,,20.396267,57.179665,15.361415,22.469999,40.831425,30.423000
2017-07-24,,20.356039,57.179665,15.398834,22.389999,40.831425,30.431000
2017-07-25,,20.283615,57.295406,15.426901,22.309999,40.877285,30.339001
2017-07-26,,20.331898,57.469032,15.370769,22.440001,41.098942,30.343000
2017-07-27,,20.291677,57.328472,15.529806,22.360001,40.984295,30.247000
2017-07-28,,20.323851,57.303677,15.361415,22.219999,40.984295,30.232000
2017-07-31,,20.331898,57.311966,15.351973,22.280001,41.060726,30.242001
2017-08-01,,20.376211,57.559971,15.436898,22.260000,41.320621,30.200001
2017-08-02,,20.376211,57.510368,15.569003,22.350000,41.312969,30.236000
2017-08-03,,20.416502,57.435974,15.512383,22.340000,41.244175,30.232000
2017-08-04,,20.384274,57.543427,15.540691,22.260000,41.320621,30.204000
2017-08-07,,20.384274,57.684002,15.653919,22.280001,41.366478,30.202999
2017-08-08,,20.376211,57.502110,15.644485,22.280001,41.213608,30.214001
2017-08-09,,20.400387,57.369831,15.502949,22.250000,41.091309,30.181000
2017-08-10,,20.456791,56.493427,15.399153,22.260000,40.433968,30.202000
2017-08-11,,20.472891,56.518250,15.333107,22.070000,40.441616,30.290001
2017-08-14,,20.440666,57.039112,15.238750,22.190001,40.747356,30.332001
2017-08-15,,20.400387,56.981251,15.342542,22.299999,40.663269,30.282000
2017-08-16,,20.424559,57.262333,15.285926,22.320000,40.961365,30.284000
2017-08-17,,20.472891,56.452114,15.408593,22.309999,40.464539,30.343000
2017-08-18,,20.472891,56.518250,15.314232,21.959999,40.602116,30.294001
2017-08-21,,20.489004,56.567848,15.295360,21.959999,40.686207,30.309000
2017-08-22,,20.456791,57.022572,15.446336,22.000000,40.846706,30.308001
2017-08-23,,20.505142,56.956432,15.427464,22.070000,40.915508,30.280001
2017-08-24,,20.472891,56.865486,15.578439,22.059999,40.923145,30.271000
2017-08-25,,20.505142,57.088726,15.606738,22.059999,41.183018,30.243999
2017-08-28,,20.513186,57.080460,15.578439,21.950001,41.160099,30.106001
2017-08-29,,20.529299,57.030849,15.531261,21.889999,40.991943,30.141001
2017-08-30,,20.529299,57.196201,15.606738,22.020000,40.969002,30.181000
2017-08-31,,20.545418,57.551716,15.653919,22.059999,41.282394,30.136000
2017-09-01,,20.509104,57.725338,15.663359,22.170000,41.397045,30.181000
2017-09-04,,,,15.635049,22.129999,,30.128000
2017-09-05,,20.605915,57.336746,15.653919,22.070000,41.083656,30.073999
2017-09-06,,20.573654,57.551716,15.587870,22.059999,41.374111,30.049000
2017-09-07,,20.630123,57.774940,15.521818,22.080000,41.687500,30.076000
2017-09-08,,20.630123,57.708801,15.606738,22.030001,41.649281,30.037001
2017-09-11,,20.549442,58.262741,15.578439,22.129999,42.008518,29.988001
2017-09-12,,20.509104,58.419827,15.635049,22.299999,42.031460,30.004999
2017-09-13,,20.484901,58.271011,15.531261,22.309999,41.840363,30.009001
2017-09-14,,20.492962,58.287548,15.540691,22.400000,41.932087,30.037001
2017-09-15,,20.476835,58.395027,15.540691,22.389999,42.039093,30.087000
2017-09-18,,20.452627,58.593437,15.691661,22.440001,42.107887,30.054001
2017-09-19,,20.436489,58.684402,15.616177,22.450001,42.253124,30.091999
2017-09-20,,20.420361,58.684402,15.512383,22.469999,42.182415,30.114000
2017-09-21,,20.412289,58.527306,15.606738,22.549999,42.105568,30.121000
2017-09-22,,20.420361,58.568661,15.399153,22.540001,42.143986,30.188999
2017-09-25,,20.468767,58.312340,15.276488,22.500000,41.875011,30.163000
2017-09-26,,20.452627,58.254471,15.153829,22.440001,41.759743,30.204000
2017-09-27,,20.380020,58.365829,15.229313,22.480000,41.721317,30.197001
2017-09-28,,20.380020,58.440609,15.172697,22.709999,41.821228,30.284000
2017-09-29,,20.363880,58.764671,15.219873,22.730000,42.059456,30.365999
2017-10-02,,20.342880,58.897640,15.380283,22.900000,42.059456,30.313000
2017-10-03,,20.359032,59.155224,15.380283,23.000000,42.297688,30.441999
2017-10-04,,20.375195,59.180161,,,42.266949,30.427000
2017-10-05,,20.350958,59.354656,15.446336,23.020000,42.282322,30.426001
2017-10-06,,20.318638,59.279850,15.493514,23.160000,42.228535,30.332001
2017-10-09,,20.342880,59.196781,,,42.220844,30.358999
2017-10-10,,20.359032,59.520828,,,42.589714,30.372000
2017-10-11,,20.359032,59.687019,15.738845,23.000000,42.781830,30.357000
2017-10-12,,20.375195,59.653793,15.889816,23.070000,42.743408,30.212000
2017-10-13,,20.407515,59.819965,15.861507,23.030001,43.027763,30.191999
2017-10-16,,20.399422,59.844910,15.946429,23.020000,42.981640,30.143999
2017-10-17,,20.399422,59.819965,15.908689,23.059999,42.866386,30.142000
2017-10-18,,20.359032,59.861515,15.965302,23.110001,42.973972,30.181000
2017-10-19,,20.375195,59.786728,16.021914,23.160000,42.797207,30.198000
2017-10-20,,20.318638,59.928013,15.955870,23.219999,42.774147,30.209999
2017-10-23,,20.326715,59.695347,15.946429,23.350000,42.658863,30.222000
2017-10-24,,20.286325,59.795036,15.927559,23.250000,42.735725,30.246000
2017-10-25,,20.262081,59.554085,15.918119,23.180000,42.582031,30.257999
2017-10-26,,20.237850,59.570709,15.899247,23.160000,42.520554,30.247999
2017-10-27,,20.278238,59.886459,15.908689,23.160000,42.689606,30.212000
2017-10-30,,20.334799,59.811668,16.031351,23.320000,42.712677,30.136999
2017-10-31,,20.310562,60.002781,16.078533,23.209999,42.912479,30.183001
2017-11-01,,20.339678,60.135742,16.059658,23.230000,43.050808,30.167000
2017-11-02,,20.372049,60.202209,16.003044,23.209999,43.143021,30.128000
2017-11-03,,20.396309,60.252068,15.984172,23.299999,43.058487,30.179001
2017-11-06,,20.396309,60.409962,16.012480,23.320000,43.204502,30.155001
2017-11-07,,20.412495,60.285313,16.097401,23.330000,43.043121,30.198000
2017-11-08,,20.404411,60.418274,16.031351,23.320000,43.204502,30.172001
2017-11-09,,20.396309,60.085880,15.927559,23.350000,42.943222,30.169001
2017-11-10,,20.323507,60.036018,15.955870,23.270000,42.827950,30.179001
2017-11-13,,20.315409,59.944622,15.908689,23.280001,42.635830,30.108000
2017-11-14,,20.339678,59.853214,15.880381,23.219999,42.589714,30.150000
2017-11-15,,20.404411,59.504215,15.719974,23.120001,42.351479,30.174999
2017-11-16,,20.339678,60.077583,15.776587,23.070000,42.835632,
2017-11-17,,20.372049,59.994480,15.918119,23.250000,42.797207,30.128000
2017-11-20,,20.355860,60.085880,15.852068,23.150000,42.866386,30.070999
2017-11-21,,20.355860,60.559509,15.993607,23.200001,43.212185,30.077999
2017-11-22,,20.412495,60.642620,16.069096,23.240000,43.335140,29.997999
2017-11-23,,,,16.078533,23.299999,,29.993999
2017-11-24,,20.380140,60.866966,16.069096,23.260000,43.565689,30.004000
2017-11-27,,20.404411,60.625992,15.880381,23.260000,43.242935,29.976999
2017-11-28,,20.388224,61.091312,15.776587,23.360001,43.504215,29.986000
2017-11-29,,20.347780,60.900211,15.795458,23.510000,43.204502,29.980000
2017-11-30,,20.299232,61.141174,15.521818,23.520000,43.181446,29.971001
2017-12-01,,20.376205,61.008228,15.587870,23.750000,43.112293,29.983000
2017-12-04,,20.359993,60.900211,15.644485,23.900000,42.958591,29.992001
2017-12-05,,20.384304,60.709110,15.521818,23.680000,42.897110,30.032000
2017-12-06,,20.400509,60.517990,15.257618,23.580000,42.651196,29.973000
2017-12-07,,20.376205,60.709110,15.267056,23.670000,42.758781,29.992001
2017-12-08,,20.376205,61.066402,15.267056,23.719999,43.020065,30.009001
2017-12-11,,20.359993,61.215984,15.380283,23.840000,43.112293,30.003000
2017-12-12,,20.335688,61.232601,15.276488,23.950001,43.096909,30.007000
2017-12-13,,20.408613,61.365547,15.285926,23.860001,43.335140,30.000999
2017-12-14,,20.408613,61.099640,15.427464,23.900000,43.135338,30.023001
2017-12-15,,20.408613,61.382172,15.304797,23.879999,43.112293,30.004000
2017-12-18,,20.376205,61.955513,15.323671,24.110001,43.604118,29.961000
2017-12-19,,20.303280,61.739704,15.248186,24.200001,43.473476,29.992001
2017-12-20,,20.246565,61.697891,15.295360,24.059999,43.465790,29.985001
2017-12-21,,20.267668,61.873550,15.285926,24.049999,43.682255,29.978001
2017-12-22,,20.251438,61.982292,15.342542,24.100000,43.814163,29.966000
2017-12-25,,,,15.370850,24.049999,,29.879000
2017-12-26,,20.283884,61.990643,15.219873,23.969999,43.837437,29.900999
2017-12-27,,20.348799,62.032475,15.267056,24.049999,43.915039,29.934999
2017-12-28,,20.348799,62.216476,15.418026,23.980000,43.992622,29.934999
2017-12-29,,20.348799,62.116119,15.502949,23.889999,44.077969,29.809000
2018-01-01,,,,,,,29.650999
2018-01-02,,20.292002,62.659828,15.587870,23.690001,44.520222,29.773001
2018-01-03,,20.308231,63.086418,15.729402,23.799999,44.830578,29.622000
2018-01-04,,20.300114,63.462837,15.757711,24.010000,45.202999,29.593000
2018-01-05,,20.292002,63.830856,15.804891,24.120001,45.505592,29.570000
2018-01-08,,20.283884,63.897774,15.870946,24.209999,45.482315,29.466999
2018-01-09,,20.210865,64.006538,15.880381,24.240000,45.521103,29.503000
2018-01-10,,20.202761,63.797440,15.804891,24.320000,45.365932,29.518000
2018-01-11,,20.218981,64.265831,15.738845,24.330000,45.653011,29.596001
2018-01-12,,20.218981,64.776085,15.870946,24.490000,46.095264,29.587999
2018-01-15,,,,15.974734,24.620001,,29.583000
2018-01-16,,20.251438,64.625519,16.040787,24.639999,46.048710,29.523001
2018-01-17,,20.210865,65.135765,16.069096,24.490000,46.366825,29.549999
2018-01-18,,20.178400,65.001923,16.286118,24.780001,46.312500,29.556000
2018-01-19,,20.145966,65.344887,16.446526,24.580000,46.521996,29.542999
2018-01-22,,20.137846,65.821663,16.597496,24.549999,46.778046,29.364000
2018-01-23,,20.178400,66.005707,16.663548,24.850000,46.964249,29.261999
2018-01-24,,20.137846,66.114426,16.455957,24.799999,47.165985,29.268000
2018-01-25,,20.186525,66.014053,16.503139,24.790001,46.995289,29.087999
2018-01-26,,20.137846,66.691605,16.512573,24.770000,47.460819,29.063999
2018-01-29,,20.113510,66.139534,16.560972,25.000000,46.972015,29.098000
2018-01-30,,20.072941,65.461990,16.367393,24.799999,46.529755,29.131001
2018-01-31,,20.081049,65.520569,16.386742,24.750000,46.599598,29.219999
2018-02-01,,20.005486,65.470360,16.502895,24.820000,46.560795,29.142000
2018-02-02,,19.964848,64.039993,16.435143,24.700001,45.544392,29.187000
2018-02-05,,19.932346,61.580799,16.183483,24.200001,43.713299,29.346001
2018-02-06,,20.013607,62.868958,15.418834,23.600000,44.768505,29.301001
2018-02-07,,19.956732,62.065926,15.612415,23.420000,43.961582,29.375000
2018-02-08,,19.981102,60.100224,15.602737,23.639999,42.751213,29.264000
2018-02-09,,19.956732,60.735943,15.302685,22.850000,43.154671,29.368999
2018-02-12,,19.964848,61.639339,15.428514,23.100000,43.759850,29.306000
2018-02-13,,19.981102,61.681149,,,43.759850,29.396000
2018-02-14,,19.891718,62.659828,,,44.543495,29.339001
2018-02-15,,19.899851,63.354084,,,44.939194,29.136000
2018-02-16,,19.932346,63.404270,,,45.001263,28.941999
2018-02-19,,,,,,,29.061001
2018-02-20,,19.907970,62.927498,,,44.512451,29.021999
2018-02-21,,19.859209,62.693275,15.776960,23.690001,44.403831,29.319000
2018-02-22,,19.883598,62.802025,15.680168,23.690001,44.605564,29.218000
2018-02-23,,19.916101,63.646854,15.873753,23.780001,45.094364,29.281000
2018-02-26,,19.940481,64.240738,15.951190,24.120001,45.435768,28.479000
2018-02-27,,19.899851,63.345741,15.941505,24.299999,44.659870,29.202000
2018-02-28,,19.940481,62.609623,,,44.155560,29.274000
2018-03-01,,20.001509,61.865162,15.825359,23.879999,43.697781,29.333000
2018-03-02,,19.952684,62.157928,15.709208,23.549999,43.821934,29.289000
2018-03-05,,19.936403,62.659828,15.631778,23.580000,44.000374,29.268000
2018-03-06,,19.936403,63.027866,15.902792,23.799999,44.334003,29.257000
2018-03-07,,19.936403,62.952587,15.835035,23.660000,44.287449,29.198999
2018-03-08,,19.960815,63.195156,16.018942,23.920000,44.380558,29.257000
2018-03-09,,19.928263,63.989807,16.038296,24.049999,44.799538,29.329000
2018-03-12,,19.960815,64.056709,16.289953,24.570000,44.877117,29.247999
2018-03-13,,19.985229,63.613400,16.444818,24.540001,44.559006,29.256001
2018-03-14,,20.025923,63.546471,16.318995,24.340000,44.675388,29.257000
2018-03-15,,20.017782,63.446095,16.309311,24.240000,44.613327,29.173000
2018-03-16,,20.001509,63.454456,16.241560,24.209999,44.527973,29.128000
2018-03-19,,19.985229,62.785309,16.231878,24.129999,44.140038,29.113001
2018-03-20,,19.944534,62.935852,16.222204,23.920000,44.279694,29.157000
2018-03-21,,19.968960,62.986057,16.231878,23.940001,44.403831,29.145000
2018-03-22,,20.025923,61.513866,16.173809,23.870001,43.441746,29.072001
2018-03-23,,20.042192,60.476650,15.893111,23.299999,42.945164,29.177000
2018-03-26,,20.009644,61.901184,15.912467,23.299999,43.825737,29.177000
2018-03-27,,20.082874,61.078514,16.144770,23.450001,43.351223,29.075001
2018-03-28,,20.066599,61.053349,15.922147,22.959999,43.499027,29.177000
2018-03-29,,20.091009,61.808853,15.893111,23.290001,43.989086,29.136999
2018-03-30,,,,16.038296,23.260000,,29.101999
2018-04-02,,20.130136,60.583260,15.922147,23.230000,43.304550,28.974001
2018-04-03,,20.081236,61.221241,15.776960,22.799999,43.709049,29.142000
2018-04-04,,20.064936,61.708122,,,43.779064,29.122999
2018-04-05,,20.032335,62.035519,,,44.066887,29.212000
2018-04-06,,20.105694,61.036572,,,43.607941,29.238001
2018-04-09,,20.105694,61.405903,15.912467,23.090000,43.934639,29.309999
2018-04-10,,20.081236,62.312527,15.970547,23.290001,44.455822,29.242001
2018-04-11,,20.097536,62.027119,16.038296,23.250000,44.323574,29.190001
2018-04-12,,20.048645,62.396484,15.970547,23.299999,44.448048,29.186001
2018-04-13,,20.048645,62.228558,15.970547,23.500000,44.378040,29.284000
2018-04-16,,20.048645,62.547554,15.931826,23.540001,44.463593,29.309000
2018-04-17,,20.064936,63.051250,15.757607,23.680000,44.658066,29.346001
2018-04-18,,19.999746,63.294689,15.796320,23.850000,44.914764,29.374001
2018-04-19,,19.958992,62.883354,15.999578,23.950001,44.720299,29.280001
2018-04-20,,19.910089,62.472027,15.631778,23.809999,44.440258,29.382999
2018-04-23,,19.901939,62.396484,15.476909,23.760000,44.308022,29.468000
2018-04-24,,19.885637,61.884399,15.399476,23.850000,44.121330,29.598000
2018-04-25,,19.861195,61.859226,15.351079,23.500000,43.981316,29.612000
2018-04-26,,19.893799,62.379665,15.302685,23.600000,44.300247,29.677999
2018-04-27,,19.918230,62.488792,15.331719,23.790001,44.409145,29.632999
2018-04-30,,19.934528,62.069092,15.486586,23.850000,44.191338,29.540001
2018-05-01,,19.909224,62.035519,,,44.090214,29.625999
2018-05-02,,19.909224,61.800476,15.370439,23.740000,43.973526,29.697001
2018-05-03,,19.958220,61.775253,15.205894,23.620001,44.066887,29.773001
2018-05-04,,19.950054,62.304115,15.283324,23.500000,44.199120,29.667999
2018-05-07,,19.958220,62.396484,15.389796,23.900000,44.129112,29.674000
2018-05-08,,19.941887,62.404846,15.486586,23.910000,44.245796,29.813000
2018-05-09,,19.884750,62.782608,15.573696,24.020000,44.292454,29.804001
2018-05-10,,19.941887,63.361847,15.612415,24.340000,44.751415,29.884001
2018-05-11,,19.925566,63.496143,15.796320,24.410000,44.805866,29.702000
2018-05-14,,19.901070,63.588490,15.970547,24.510000,44.852528,29.667999
2018-05-15,,19.827610,63.017662,15.806000,24.420000,44.432484,29.794001
2018-05-16,,19.811283,63.336643,15.825359,24.389999,44.650288,29.885000
2018-05-17,,19.811283,63.319870,15.718884,24.540001,44.549164,29.809000
2018-05-18,,19.852095,63.109989,15.670493,24.500000,44.354694,29.895000
2018-05-21,,19.868431,63.470963,15.883431,24.610001,44.650288,29.926001
2018-05-22,,19.852095,63.412209,15.825359,24.660000,44.634724,29.919001
2018-05-23,,19.909224,63.227535,15.747920,24.500000,44.253563,29.833000
2018-05-24,,19.941887,63.118382,15.786643,24.590000,44.097980,29.914000
2018-05-25,,20.023518,62.908546,15.844715,24.610001,43.934639,29.912001
2018-05-28,,,,15.912467,24.600000,,29.945000
2018-05-29,,20.162283,61.934765,15.844715,24.510000,43.071198,29.893999
2018-05-30,,20.105145,62.740623,15.564021,24.360001,43.631268,30.059999
2018-05-31,,20.088820,62.421673,15.631778,24.540001,43.467911,29.896000
2018-06-01,,20.042210,63.026058,15.747920,24.400000,43.864628,29.969999
2018-06-04,,19.984968,63.345047,15.989901,24.540001,44.027988,29.804001
2018-06-05,,20.017677,63.328243,15.970547,24.600000,43.934639,29.643000
2018-06-06,,19.968613,63.882309,16.125410,24.680000,44.385807,29.799999
2018-06-07,,20.025860,63.664028,16.154446,24.870001,44.035763,29.677000
2018-06-08,,20.009495,63.806763,15.980229,24.850000,44.097980,29.757000
2018-06-11,,19.993155,63.966255,15.999578,24.900000,44.292454,29.836000
2018-06-12,,19.984968,63.899075,15.970547,25.010000,44.105766,29.816000
2018-06-13,,19.968613,63.706001,16.067333,25.049999,44.074654,29.801001
2018-06-14,,20.034035,63.773163,15.825359,24.950001,43.911304,29.806000
2018-06-15,,20.025860,63.504539,15.864073,25.100000,43.615711,29.879000
2018-06-18,,20.025860,63.202358,,,43.273438,30.132000
2018-06-19,,20.066732,62.774223,15.602737,24.950001,42.822266,30.159000
2018-06-20,,20.017677,62.992474,15.776960,25.170000,42.946732,30.176001
2018-06-21,,20.058556,62.472027,15.728567,25.280001,42.550011,30.162001
2018-06-22,,20.066732,62.844955,15.709208,25.120001,43.000626,30.319000
2018-06-25,,20.074907,61.948532,15.660814,25.080000,42.410816,30.298000
2018-06-26,25.176001,20.083090,62.016178,15.622096,24.910000,42.465858,30.341999
2018-06-27,25.040001,20.164867,61.432644,15.564021,24.940001,41.938976,30.407000
2018-06-28,24.972000,20.132160,61.745548,15.496270,24.940001,42.151302,30.493000
2018-06-29,25.049999,20.140335,62.050018,15.767280,25.010000,42.544506,30.569000
2018-07-02,24.820000,20.106754,61.830128,15.689849,24.850000,42.096252,30.464001
2018-07-03,25.080000,20.139524,61.762466,15.709208,25.110001,42.190620,30.535000
2018-07-04,,,,15.757607,24.920000,,30.511000
2018-07-05,25.160000,20.164089,62.252968,15.631778,24.959999,42.465858,30.507000
2018-07-06,25.114000,20.172279,62.650463,15.670493,25.190001,42.693928,30.509001
2018-07-09,25.180000,20.131323,63.276279,15.922147,25.299999,43.150043,30.427999
2018-07-10,25.120001,20.123121,63.386208,15.960859,25.469999,43.150043,30.309000
2018-07-11,24.860001,20.147701,62.684299,15.815678,25.459999,42.442280,30.400000
2018-07-12,24.940001,20.147701,63.174824,15.999578,25.520000,42.804024,30.645000
2018-07-13,24.820000,20.172279,63.250908,16.135086,25.709999,42.937714,30.479000
2018-07-16,24.840000,20.147701,63.166344,16.067333,25.700001,42.851208,30.566000
2018-07-17,24.580000,20.131323,63.411594,15.980229,25.719999,42.992764,30.469999
2018-07-18,24.540001,20.123121,63.453884,16.077015,25.879999,42.984901,30.485001
2018-07-19,24.440001,20.164089,63.217110,16.125410,25.959999,42.764709,30.559999
2018-07-20,24.600000,20.123121,63.335499,16.386742,25.830000,43.094994,30.670000
2018-07-23,24.500000,20.049425,63.335499,16.503870,25.719999,42.953449,30.570999
2018-07-24,24.480000,20.057615,63.614578,16.533142,25.930000,43.275848,30.570000
2018-07-25,24.639999,20.033031,64.274239,16.542906,25.900000,43.724121,30.618999
2018-07-26,24.459999,20.016659,64.003609,16.591703,26.080000,43.496052,30.398001
2018-07-27,24.459999,20.033031,63.809074,16.728342,26.080000,43.558971,30.603001
2018-07-30,24.440001,20.016659,63.589184,16.699062,25.850000,43.582554,30.555000
2018-07-31,24.500000,20.041235,63.834457,16.699062,25.860001,43.629742,30.572001
2018-08-01,24.330000,20.002676,63.606094,16.816175,25.950001,43.433151,30.570999
2018-08-02,24.180000,20.019079,63.614578,16.562426,25.900000,43.102852,30.621000
2018-08-03,24.280001,20.051897,63.834457,16.699062,26.100000,43.205082,30.667999
2018-08-06,24.139999,20.060108,63.834457,16.728342,26.100000,43.016354,30.573000
2018-08-07,24.200001,20.035490,64.079704,16.689299,26.219999,43.260136,30.572001
2018-08-08,24.260000,20.051897,64.037445,16.816175,26.299999,43.267998,30.466999
2018-08-09,24.240000,20.084719,63.893650,16.816175,26.320000,43.150043,30.573000
2018-08-10,24.219999,20.158554,63.174824,16.728342,26.219999,42.332184,30.591999
2018-08-13,23.879999,20.142149,62.836510,16.386749,26.129999,42.009747,30.731001
2018-08-14,23.879999,20.125742,63.132515,16.503870,26.160000,42.088387,30.848000
2018-08-15,23.480000,20.158554,62.430569,16.347708,26.299999,41.404221,30.809999
2018-08-16,23.472000,20.158554,62.904163,16.357470,26.240000,41.648010,30.826000
2018-08-17,23.660000,20.183186,63.183254,16.328188,26.330000,41.923244,30.743999
2018-08-20,23.792000,20.207783,63.428524,16.386749,26.420000,42.111988,30.655001
2018-08-21,23.860001,20.191376,63.682251,16.503870,26.440001,42.418674,30.705999
2018-08-22,23.920000,20.215998,63.851345,16.523380,26.430000,42.638878,30.631001
2018-08-23,23.700001,20.224188,63.555378,16.601461,26.450001,42.237816,30.667000
2018-08-24,24.120001,20.224188,64.012054,16.552664,26.500000,42.631008,30.813000
2018-08-27,24.200001,20.199585,64.688629,16.699062,26.730000,43.189350,30.660000
2018-08-28,24.020000,20.158554,64.637909,16.835699,27.030001,43.110710,30.677000
2018-08-29,24.120001,20.166758,64.942352,17.030893,26.889999,43.307316,30.589001
2018-08-30,24.020000,20.199585,64.401085,17.089458,26.940001,42.764709,30.612000
2018-08-31,24.000000,20.191376,64.384171,16.972334,26.910000,42.583824,30.683001
2018-09-03,,,,16.874737,26.910000,,30.669001
2018-09-04,23.860001,20.160969,63.978233,16.982096,26.959999,42.072666,30.730000
2018-09-05,23.910000,20.152756,63.555378,16.982096,26.879999,41.687321,30.714001
2018-09-06,23.980000,20.177402,63.420055,16.884495,26.799999,41.600830,30.728001
2018-09-07,23.920000,20.111656,63.132515,16.864981,26.680000,41.301991,30.784000
2018-09-10,23.898001,20.119884,63.284763,16.786900,26.650000,41.349159,30.805000
2018-09-11,23.920000,20.070560,63.411594,16.718580,26.809999,41.412083,30.782000
2018-09-12,24.114000,20.078775,63.530003,16.699062,26.850000,41.569370,30.742001
2018-09-13,24.000000,20.070560,63.927471,16.581942,26.809999,41.938976,30.718000
2018-09-14,23.879999,20.045908,63.969757,16.884495,26.980000,41.931110,30.697001
2018-09-17,24.020000,20.054119,63.741428,16.757622,26.980000,41.899666,30.757000
2018-09-18,23.959999,20.004822,64.189667,16.669783,26.780001,42.324303,30.799000
2018-09-19,24.059999,19.971933,64.350342,16.816175,26.940001,42.568108,30.719000
2018-09-20,24.139999,19.988373,64.950798,16.767380,27.000000,43.008476,30.670000
2018-09-21,23.959999,19.996597,64.933884,16.952816,27.219999,43.032085,30.711000
2018-09-24,23.959999,19.980156,64.646362,,,42.764709,30.615000
2018-09-25,24.020000,19.971933,64.730911,17.001614,27.059999,43.008476,30.667000
2018-09-26,23.900000,20.013021,64.622154,16.962576,27.049999,43.030613,30.591000
2018-09-27,23.680000,20.013021,64.673134,17.050413,26.860001,42.983192,30.591000
2018-09-28,23.820000,20.004822,64.435204,16.962576,26.870001,42.674988,30.521000
2018-10-01,23.799999,19.964468,64.639153,17.050413,27.010000,42.746109,30.447001
2018-10-02,24.059999,20.013865,64.333244,16.796658,27.000000,42.485313,30.549999
2018-10-03,23.980000,19.898603,64.333244,16.777138,26.990000,42.327271,30.642000
2018-10-04,24.000000,19.873899,63.627956,16.572184,27.100000,41.742462,30.731001
2018-10-05,24.059999,19.832737,63.245590,16.289146,27.000000,41.521187,30.809000
2018-10-08,23.780001,19.816273,63.109623,16.201307,26.900000,41.363132,30.900999
2018-10-09,23.799999,19.857441,62.956676,16.250111,26.950001,41.220879,30.952999
2018-10-10,23.840000,19.857441,61.172249,,,40.225136,30.941000
2018-10-11,24.440001,19.915071,60.101582,15.108210,25.860001,39.687740,31.069000
2018-10-12,24.340000,19.898603,60.781357,15.625484,25.799999,40.059170,30.943001
2018-10-15,24.480000,19.915071,60.526470,15.459560,25.709999,39.893208,30.892000
2018-10-16,24.480000,19.915071,61.724556,15.479081,25.709999,40.659790,30.825001
2018-10-17,24.480000,19.882139,61.478138,15.498602,26.160000,40.319962,30.768000
2018-10-18,24.500000,19.898603,60.526470,15.449806,26.160000,39.648224,30.802000
2018-10-19,24.520000,19.882139,60.585938,15.479081,25.959999,39.877399,30.947001
2018-10-22,24.459999,19.882139,60.415997,15.459560,25.900000,39.814182,30.885000
2018-10-23,24.600000,19.906837,59.999611,15.176529,25.830000,39.395336,30.844999
2018-10-24,24.639999,19.980938,58.164200,15.108210,25.580000,38.296852,30.938000
2018-10-25,24.580000,19.931547,59.132877,14.737336,24.969999,38.786823,30.905001
2018-10-26,24.680000,20.005630,58.410595,14.717814,24.969999,38.462807,30.881001
2018-10-29,24.580000,19.997404,58.011223,14.786134,24.889999,38.241528,30.962999
2018-10-30,24.440001,19.964468,58.860947,14.825178,24.969999,38.699894,30.896999
2018-10-31,24.320000,19.923315,59.396320,15.137486,25.170000,39.023907,30.858000
2018-11-01,24.660000,19.943098,60.331013,15.303406,25.420000,39.735149,30.931000
2018-11-02,24.639999,19.860624,60.203537,15.352206,25.540001,39.956436,30.620001
2018-11-05,24.600000,19.868872,60.365005,15.274126,25.540001,39.964348,30.591999
2018-11-06,24.520000,19.860624,60.670887,15.225328,25.540001,40.051266,30.695000
2018-11-07,24.520000,19.860624,61.716064,15.303406,25.730000,40.588654,30.681999
2018-11-08,24.459999,19.852373,61.223240,15.391242,26.120001,40.130291,30.569000
2018-11-09,24.180000,19.893618,60.738884,15.186288,26.049999,39.711445,30.614000
2018-11-12,24.000000,19.951340,59.668221,15.225328,25.950001,39.079220,30.774000
2018-11-13,24.020000,19.959595,59.761677,15.049652,25.500000,39.284683,30.889000
2018-11-14,24.219999,19.984329,59.557739,15.098448,25.450001,39.403244,30.766001
2018-11-15,24.240000,19.992584,60.084591,15.147251,25.200001,39.687740,30.764000
2018-11-16,24.420000,20.033831,60.203537,15.020374,25.389999,39.687740,30.788000
2018-11-19,24.459999,20.058567,59.379318,14.971571,25.480000,39.347919,30.770000
2018-11-20,24.440001,20.058567,58.291637,14.834934,25.049999,38.549736,30.879999
2018-11-21,24.500000,20.058567,58.835484,14.834934,24.770000,39.142448,30.941000
2018-11-22,,,,14.756855,24.799999,,30.848000
2018-11-23,24.440001,20.050325,58.461605,14.708055,24.680000,38.897457,30.796000
2018-11-26,24.440001,20.050325,59.311321,14.864217,24.730000,39.411144,30.905001
2018-11-27,24.280001,20.058567,59.319809,14.844693,24.930000,39.316311,30.851999
2018-11-28,24.400000,20.042078,60.458462,15.010609,25.100000,39.995945,30.896000
2018-11-29,24.459999,20.083315,60.305515,15.039889,25.430000,39.798378,30.722000
2018-11-30,24.440001,20.099806,60.424469,14.981333,25.469999,39.679832,30.642000
2018-12-03,24.580000,20.119642,61.248726,15.381487,26.049999,40.248829,30.832001
2018-12-04,24.760000,20.210522,59.447266,15.274126,25.730000,39.268890,30.561001
2018-12-05,,,,14.961810,25.240000,,30.750000
2018-12-06,24.760000,20.251835,59.141380,14.659259,24.920000,38.944866,30.708000
2018-12-07,24.940001,20.276627,58.053715,14.727576,25.190001,38.439102,30.820000
2018-12-10,24.879999,20.301409,57.926250,14.532377,24.370001,38.107193,30.920000
2018-12-11,24.860001,20.276627,57.951759,14.649497,24.590000,38.233624,30.867001
2018-12-12,24.900000,20.243576,58.580563,14.873974,24.730000,38.834236,30.754000
2018-12-13,24.840000,20.251835,58.470097,14.893493,24.850000,38.778927,30.674000
2018-12-14,24.740000,20.276627,57.552380,14.708055,24.559999,38.241528,30.716000
2018-12-17,24.920000,20.317938,56.600693,14.825178,24.360001,37.917519,30.825001
2018-12-18,24.959999,20.367584,56.677147,14.698297,23.850000,37.964939,30.724001
2018-12-19,24.840000,20.433807,55.946362,14.815412,23.889999,37.530289,30.670000
2018-12-20,25.200001,20.408974,55.351570,14.649497,23.299999,37.482868,30.816000
2018-12-21,25.100000,20.417263,54.391388,14.678776,23.059999,36.905975,30.711000
2018-12-24,25.400000,20.450365,53.371536,14.581178,22.740000,36.519363,30.795000
2018-12-25,,,,14.395743,22.469999,,30.790001
2018-12-26,25.299999,20.392429,55.358101,14.356702,22.190001,37.413975,30.799000
2018-12-27,25.480000,20.408974,55.666363,14.649497,23.059999,37.421967,30.806000
2018-12-28,25.580000,20.491741,55.726307,14.737336,23.230000,37.629639,30.767000
2018-12-31,25.639999,20.400711,56.051689,,,37.717503,30.552999
2019-01-01,,,,,,,30.565001
2019-01-02,25.660000,20.566231,55.983181,14.454299,23.110001,37.645607,30.500999
2019-01-03,25.879999,20.682089,55.109779,14.317662,23.030001,37.222267,30.759001
2019-01-04,25.680000,20.574511,56.899380,14.093185,22.900000,38.436390,30.863001
2019-01-07,25.780001,20.533121,57.250473,14.434783,23.570000,38.556202,30.783001
2019-01-08,25.700001,20.491741,57.712864,14.376222,23.860001,38.835777,30.802999
2019-01-09,25.860001,20.491741,58.252300,14.639740,24.030001,39.354969,30.816000
2019-01-10,25.719999,20.466917,58.517746,14.600700,23.950001,39.482773,30.711000
2019-01-11,25.740000,20.516573,58.295120,14.737336,23.990000,39.227165,30.778999
2019-01-14,25.820000,20.491741,57.978298,14.639740,23.850000,39.059437,30.785999
2019-01-15,25.740000,20.491741,58.500618,14.766614,24.059999,39.307037,30.834000
2019-01-16,25.840000,20.483458,58.697567,14.747097,24.270000,39.466797,30.827999
2019-01-17,25.799999,20.475185,59.031525,14.747097,24.290001,39.642529,30.764999
2019-01-18,25.580000,20.433807,59.673725,14.825178,24.530001,39.962029,30.827000
2019-01-21,,,,14.932532,24.719999,,30.853001
2019-01-22,25.660000,20.475185,58.826004,14.902343,24.629999,39.354969,30.875999
2019-01-23,25.620001,20.475185,58.963009,14.831909,24.510000,39.594601,30.877001
2019-01-24,25.600000,20.524845,59.142834,14.902343,24.510000,39.738373,30.858000
2019-01-25,25.980000,20.491741,59.742226,15.093530,24.610001,40.177681,30.874001
2019-01-28,26.059999,20.491741,59.356915,15.123719,24.600000,39.962029,30.708000
2019-01-29,26.200001,20.524845,59.391151,14.992908,24.459999,40.041904,30.788000
2019-01-30,26.340000,20.549675,60.230286,14.962719,24.500000,40.521152,30.781000
2019-01-31,26.370001,20.607599,60.530003,,,40.609016,30.723000
2019-02-01,26.320000,20.554548,60.538544,,,40.545120,30.686001
2019-02-04,26.219999,20.521374,60.855370,,,40.680904,30.763000
2019-02-05,26.260000,20.554548,61.274956,,,41.040356,30.777000
2019-02-06,26.100000,20.554548,61.018074,,,40.752804,30.729000
2019-02-07,26.160000,20.604296,60.427238,,,40.217625,30.787001
2019-02-08,26.240000,20.629164,60.315918,,,40.065861,30.808001
2019-02-11,26.120001,20.612589,60.315918,15.123719,25.070000,39.985992,30.820000
2019-02-12,26.200001,20.579409,61.052330,15.224340,25.299999,40.409340,30.877001
2019-02-13,26.100000,20.562832,61.078007,15.194156,25.530001,40.353416,30.792000
2019-02-14,26.219999,20.612589,61.069443,15.143843,25.629999,40.369392,30.851999
2019-02-15,26.389999,20.612589,61.737350,15.103593,25.440001,40.776760,30.820999
2019-02-18,,,,15.224340,25.790001,,30.812000
2019-02-19,26.788000,20.637457,61.891483,15.194156,25.830000,40.992428,30.818001
2019-02-20,26.760000,20.629164,62.122665,15.365212,25.750000,41.184120,30.778999
2019-02-21,26.440001,20.579409,61.891483,15.516150,25.930000,41.056320,30.792000
2019-02-22,26.540001,20.620878,62.285370,15.485963,25.799999,41.311924,30.799000
2019-02-25,26.520000,20.604296,62.448051,15.596644,25.959999,41.495651,30.747000
2019-02-26,26.540001,20.637457,62.516556,15.636896,25.860001,41.639420,30.735001
2019-02-27,26.379999,20.587709,62.439480,15.626835,25.879999,41.439739,30.753000
2019-02-28,26.240000,20.554548,62.233974,,,41.271984,30.777000
2019-03-01,25.780001,20.498072,62.550808,,,41.383831,30.825001
2019-03-04,25.719999,20.547894,62.362434,15.485963,26.080000,41.335899,30.837000
2019-03-05,25.740000,20.556196,62.448051,15.445711,25.940001,41.415771,30.837999
2019-03-06,25.700001,20.589428,62.071285,15.485963,25.930000,41.279980,30.830000
2019-03-07,25.700001,20.639263,61.411964,15.425589,25.830000,40.728840,30.829000
2019-03-08,25.959999,20.672480,61.249252,15.294778,25.639999,40.640972,30.907000
2019-03-11,25.840000,20.630953,62.071285,15.324966,25.610001,41.120228,30.891001
2019-03-12,26.000000,20.697397,62.225407,15.546335,26.059999,41.184120,30.912001
2019-03-13,26.180000,20.689096,62.585056,15.516150,26.070000,41.439739,30.886999
2019-03-14,25.900000,20.655872,62.507977,15.506084,26.219999,41.375839,30.896000
2019-03-15,26.020000,20.697397,62.996063,15.616772,26.290001,41.799183,30.913000
2019-03-18,26.040001,20.689096,63.278641,15.717398,26.290001,42.038803,30.889000
2019-03-19,26.100000,20.680780,63.287201,15.777769,26.340000,42.078739,30.764999
2019-03-20,26.260000,20.772142,63.184456,15.797892,26.320000,42.086727,30.790001
2019-03-21,26.139999,20.772142,63.561211,15.928706,26.309999,42.094715,30.745001
2019-03-22,26.219999,20.888416,62.268242,15.968955,26.590000,41.192123,30.792999
2019-03-25,26.400000,20.921654,62.251900,15.727457,26.040001,41.228985,30.868000
2019-03-26,26.280001,20.921654,62.621532,15.828083,26.180000,41.469383,30.816000
2019-03-27,26.160000,20.971483,62.389439,15.797892,26.330000,41.341167,30.839001
2019-03-28,25.780001,20.971483,62.561348,15.797892,26.160000,41.365208,30.882000
2019-03-29,25.820000,20.963179,62.896599,15.928706,26.320000,41.589581,30.851000
2019-04-01,25.719999,20.843349,63.704605,16.069578,26.559999,42.126472,30.839001
2019-04-02,25.799999,20.859995,63.696018,16.129953,26.719999,42.166550,30.816999
2019-04-03,25.760000,20.826706,63.962494,16.129953,26.780001,42.430992,30.829000
2019-04-04,25.840000,20.843349,64.048454,,,42.471050,30.788000
2019-04-05,25.799999,20.851671,64.306320,,,42.583248,30.792999
2019-04-08,25.920000,20.835028,64.383690,16.280886,26.930000,42.575233,30.789000
2019-04-09,26.059999,20.859995,64.039864,16.381514,26.920000,42.438995,30.808001
2019-04-10,26.120001,20.884962,64.306320,16.401636,26.900000,42.567215,30.816999
2019-04-11,25.799999,20.843349,64.194588,16.331200,26.889999,42.422970,30.837999
2019-04-12,25.770000,20.785107,64.650162,16.321138,26.930000,42.743511,30.851999
2019-04-15,25.740000,20.801756,64.547043,16.472071,27.129999,42.703449,30.830000
2019-04-16,25.480000,20.743509,64.693138,16.522385,27.129999,42.863728,30.854000
2019-04-17,25.459999,20.768469,64.615776,16.653194,27.120001,42.911793,30.863001
2019-04-18,25.480000,20.801756,64.667381,16.643127,27.000000,42.879726,30.761999
2019-04-19,,,,16.663258,27.120001,,30.820000
2019-04-22,25.480000,20.776793,64.607216,16.643127,27.080000,42.799603,30.806999
2019-04-23,25.400000,20.801756,65.019814,16.713570,27.150000,42.903778,30.840000
2019-04-24,25.480000,20.859995,64.667381,16.743757,27.410000,42.495094,30.854000
2019-04-25,25.500000,20.851671,64.624374,16.784006,27.389999,42.422970,30.924000
2019-04-26,25.660000,20.884962,64.933846,16.592817,27.360001,42.647350,30.923000
2019-04-29,25.580000,20.851671,65.019814,16.663258,27.490000,42.751526,30.902000
2019-04-30,25.639999,20.876638,65.079956,16.663258,27.469999,42.743511,30.892000
2019-05-01,25.480000,20.889141,64.658775,,,42.519146,30.886999
2019-05-02,25.379999,20.855804,64.564194,16.703506,27.340000,42.455029,30.907000
2019-05-03,25.540001,20.872461,65.183136,16.854441,27.290001,42.887760,30.889999
2019-05-06,25.580000,20.905811,64.727539,16.562635,27.040001,42.366886,30.895000
2019-05-07,25.639999,20.955828,63.653049,16.733694,27.209999,41.645672,30.910000
2019-05-08,25.580000,20.930819,63.644447,16.612946,27.020000,41.685741,30.937000
2019-05-09,25.660000,20.964165,63.274837,16.411699,26.889999,41.349174,30.945000
2019-05-10,25.700001,20.955828,63.584293,16.401636,26.820000,41.653690,31.002001
2019-05-13,25.959999,21.030844,61.985420,16.129953,26.809999,40.611950,30.937000
2019-05-14,25.900000,21.014174,62.630138,16.029325,26.610001,41.020634,31.105000
2019-05-15,25.900000,21.064198,62.922379,16.049456,26.719999,41.148853,31.139000
2019-05-16,25.700001,21.039179,63.386570,15.908580,26.770000,41.341167,31.077999
2019-05-17,25.540001,21.047523,62.879402,15.747584,27.160000,40.996597,31.186001
2019-05-20,25.540001,21.014174,62.526981,15.737525,27.230000,40.836330,31.365999
2019-05-21,25.440001,21.005842,63.077099,15.777769,27.110001,41.108784,31.379999
2019-05-22,25.420000,21.047523,62.793449,15.777769,27.309999,40.972561,
2019-05-23,25.620001,21.147551,62.088570,15.485963,27.129999,40.555851,31.452999
2019-05-24,25.660000,21.147551,62.372246,15.566458,26.990000,40.884407,31.514000
2019-05-27,,,,15.526213,26.870001,,31.471001
2019-05-28,25.559999,21.205906,61.882290,15.516150,26.990000,40.627972,31.452999
2019-05-29,25.559999,21.214235,61.572815,15.445711,26.680000,40.491745,31.547001
2019-05-30,25.740000,21.272591,61.787735,15.576522,26.639999,40.635990,31.615999
2019-05-31,26.080000,21.380949,61.194599,15.787830,26.510000,40.427650,31.577000
2019-06-03,26.459999,21.469458,61.289162,15.807957,26.120001,40.676060,31.521999
2019-06-04,26.480000,21.394302,62.337852,15.707335,26.200001,41.076721,31.375999
2019-06-05,26.540001,21.369255,62.552753,15.757648,26.690001,40.980560,31.326000
2019-06-06,26.620001,21.377611,62.845036,15.636896,26.850000,41.076721,31.299000
2019-06-07,26.780001,21.436064,63.481110,,,41.549515,31.270000
2019-06-10,26.540001,21.377611,63.747597,15.908580,27.420000,41.717800,31.354000
2019-06-11,26.480000,21.360909,63.928108,15.979018,27.549999,41.990257,31.386000
2019-06-12,26.600000,21.394302,63.618645,16.039391,27.490000,41.621632,31.363001
2019-06-13,26.780001,21.427717,63.799168,15.908580,27.410000,41.669712,31.427000
2019-06-14,26.780001,21.452766,63.498318,15.878391,27.580000,41.333141,31.468000
2019-06-17,26.760000,21.444403,63.585777,15.838142,27.719999,41.373219,31.493000
2019-06-18,26.860001,21.469458,64.365250,15.878391,27.600000,42.030319,31.476000
2019-06-19,27.040001,21.527924,64.668327,16.250704,27.879999,42.310787,31.264999
2019-06-20,27.760000,21.544617,65.300583,16.270824,27.790001,42.759529,31.110001
2019-06-21,27.940001,21.477800,65.066750,16.270824,27.700001,42.590107,30.875000
2019-06-24,28.340000,21.527924,65.040779,16.341263,27.840000,42.630653,30.945000
2019-06-25,28.400000,21.552961,64.477821,16.250704,27.709999,42.330727,30.836000
2019-06-26,28.139999,21.494516,64.512459,16.170200,27.549999,42.460415,30.969999
2019-06-27,28.120001,21.544617,64.798271,16.401636,27.629999,42.598232,30.924999
2019-06-28,28.180000,21.561327,65.092735,16.280886,27.690001,42.760353,30.889000
2019-07-01,27.620001,21.528700,65.655655,16.633068,27.940001,43.011654,30.879000
2019-07-02,28.240000,21.578884,65.750916,16.592817,27.900000,43.165668,30.952999
2019-07-03,28.299999,21.620710,66.175270,16.401636,28.030001,43.319679,30.968000
2019-07-04,,,,16.502258,28.360001,,31.056000
2019-07-05,27.980000,21.511965,65.915489,16.482138,28.400000,43.035961,31.013000
2019-07-08,27.799999,21.495239,65.603691,16.421759,28.190001,42.768452,31.169001
2019-07-09,27.889999,21.478516,65.499763,16.401636,28.090000,42.606342,31.160000
2019-07-10,28.299999,21.486879,65.820221,16.542507,28.160000,42.800880,31.129000
2019-07-11,28.080000,21.411612,65.854858,16.673317,28.330000,42.825211,31.035000
2019-07-12,28.240000,21.419964,66.080032,16.653194,28.299999,42.857624,30.961000
2019-07-15,28.240000,21.461794,66.097359,16.743757,28.400000,42.930580,31.052000
2019-07-16,28.040001,21.428335,65.872169,16.773941,28.360001,42.792778,30.982000
2019-07-17,28.469999,21.503607,65.560387,16.663258,28.320000,42.711712,31.003000
2019-07-18,28.860001,21.537066,65.828865,16.643127,28.090000,42.849525,31.000999
2019-07-19,28.459999,21.503607,65.569031,16.846096,28.250000,42.711712,30.900000
2019-07-22,28.440001,21.528700,65.638336,16.927284,28.030001,42.776566,31.032000
2019-07-23,28.280001,21.495239,66.062698,16.967880,28.120001,42.963009,31.044001
2019-07-24,28.420000,21.511965,66.279213,16.957729,28.260000,42.963009,31.010000
2019-07-25,28.240000,21.478516,65.802879,17.008472,28.450001,42.565800,31.091999
2019-07-26,28.299999,21.486879,66.132004,16.896837,28.379999,42.679295,31.011999
2019-07-29,28.480000,21.503607,66.071373,16.937435,28.490000,42.695507,31.082001
2019-07-30,28.559999,21.503607,65.690285,16.886688,28.530001,42.233448,31.027000
2019-07-31,28.195999,21.553797,65.092735,16.805506,28.459999,41.909195,31.023001
2019-08-01,28.860001,21.714642,64.573090,16.704027,28.150000,41.601162,31.146999
2019-08-02,28.760000,21.764902,63.975513,16.430019,27.950001,41.293121,31.306999
2019-08-05,29.180000,21.907320,62.191425,16.267645,27.809999,40.166359,31.450001
2019-08-06,29.400000,21.957584,62.884289,16.257498,27.250000,40.506813,31.694000
2019-08-07,29.840000,21.965969,63.066143,16.176313,27.340000,40.685154,31.427000
2019-08-08,30.000000,21.965969,64.044785,16.369129,27.580000,41.155327,31.421000
2019-08-09,29.900000,21.940842,63.551128,,,40.839165,31.235001
2019-08-12,30.160000,22.083244,62.884289,16.358980,27.770000,40.441967,31.365999
2019-08-13,30.000000,22.024614,63.681065,16.176313,27.580000,40.887806,31.427999
2019-08-14,30.240000,22.175411,61.819035,16.298090,27.780001,39.736725,31.094000
2019-08-15,30.400000,22.267567,62.044205,16.115429,27.270000,39.882648,31.358000
2019-08-16,30.219999,22.234045,62.901596,16.308241,27.320000,40.385223,31.228001
2019-08-19,29.860001,22.125139,63.438564,16.399574,27.629999,40.579781,31.301001
2019-08-20,30.100000,22.217302,63.092136,16.440168,27.900000,40.498714,31.350000
2019-08-21,30.000000,22.150286,63.620419,16.460464,27.719999,40.806747,31.312000
2019-08-22,29.920000,22.108385,63.490540,16.419872,27.840000,40.652729,31.282000
2019-08-23,30.520000,22.234045,62.182777,16.440168,27.940001,40.101517,31.302000
2019-08-26,30.500000,22.200537,62.789021,16.166162,27.070000,40.409546,31.419001
2019-08-27,30.780001,22.301073,62.589840,16.206757,27.480000,40.368999,31.374001
2019-08-28,30.719999,22.309448,62.910271,16.318388,27.469999,40.450069,31.327999
2019-08-29,30.520000,22.275936,63.611767,16.348835,27.549999,40.782436,31.403999
2019-08-30,30.400000,22.275936,63.724361,16.612686,27.799999,41.001297,31.271000
2019-09-02,,,,16.622835,27.790001,,31.333000
2019-09-03,30.860001,22.312017,63.386593,16.480757,27.709999,40.839165,31.361000
2019-09-04,31.020000,22.345585,64.166039,16.673576,27.830000,41.455246,31.351000
2019-09-05,30.320000,22.202934,64.893532,16.846096,28.110001,41.771385,31.167999
2019-09-06,30.040001,22.236496,65.006111,16.947577,28.270000,41.901089,31.170000
2019-09-09,29.940001,22.102247,65.058075,,,41.949734,31.181000
2019-09-10,29.660000,21.976379,65.084038,16.927284,28.209999,42.022675,31.174999
2019-09-11,29.860001,21.951204,65.543068,16.937435,28.280001,42.257763,31.084999
2019-09-12,29.920000,21.909252,65.837509,17.028769,28.350000,42.500957,31.035000
2019-09-13,29.680000,21.758200,65.967445,,,42.744133,30.754999
2019-09-16,29.920000,21.825336,65.724953,17.130249,28.080000,42.403679,30.915001
2019-09-17,30.000000,21.884071,65.854858,17.099802,28.139999,42.533382,30.886999
2019-09-18,29.780001,21.900858,65.802879,17.241882,28.200001,42.452305,30.849001
2019-09-19,29.920000,21.909252,65.846199,17.140394,28.219999,42.517155,30.962000
2019-09-20,30.260000,22.001547,65.629654,17.191137,28.270000,42.476631,30.865000
2019-09-23,30.420000,22.018335,65.612358,17.150541,28.240000,42.427994,30.987000
2019-09-24,30.600000,22.110634,65.181190,17.180984,28.240000,42.199707,30.940001
2019-09-25,30.040001,21.993153,65.320541,17.069361,27.990000,42.167103,30.924999
2019-09-26,30.040001,22.035118,65.346664,17.109955,28.010000,42.207878,30.947001
2019-09-27,29.879999,22.060289,64.937286,17.170843,28.049999,41.955120,30.930000
2019-09-30,29.400000,22.093849,65.172478,,,42.118191,31.033001
2019-10-01,29.540001,22.145121,64.475632,17.444845,28.129999,41.735004,31.034000
2019-10-02,29.900000,22.187141,63.412956,17.383953,27.830000,41.082756,31.024000
2019-10-03,30.040001,22.262783,63.900749,17.211437,27.370001,41.400715,31.055000
2019-10-04,30.040001,22.321604,64.580154,17.282473,27.480000,41.677917,30.915001
2019-10-07,29.799999,22.254368,64.371124,17.343361,27.600000,41.539322,30.848000
2019-10-08,30.040001,22.287987,63.526165,17.556473,27.650000,41.188740,30.785999
2019-10-09,30.080000,22.237562,64.057526,17.414396,27.250000,41.514866,30.740000
2019-10-10,29.820000,22.128305,64.501793,,,41.824677,30.658001
2019-10-11,29.639999,22.027449,65.364105,,,42.493217,30.500000
2019-10-14,29.780001,22.044258,65.198593,17.769590,27.719999,42.322014,30.625999
2019-10-15,29.540001,21.985439,65.878021,17.800032,27.660000,42.762257,30.594000
2019-10-16,29.740000,22.002245,65.843178,17.881220,27.799999,42.851955,30.481001
2019-10-17,29.760000,21.985439,66.026115,17.891367,27.760000,42.966084,30.510000
2019-10-18,29.760000,22.010654,65.825760,17.850777,27.820000,42.884552,30.607000
2019-10-21,29.600000,21.935017,66.287422,17.830479,27.799999,43.145451,30.537001
2019-10-22,29.700001,21.977030,66.104523,18.002993,27.969999,43.104691,30.518999
2019-10-23,29.780001,21.977030,66.296135,17.952257,27.820000,43.259598,30.459999
2019-10-24,29.959999,21.985439,66.435509,18.023293,27.900000,43.332981,30.573999
2019-10-25,30.020000,21.935017,66.688103,18.023293,27.969999,43.422653,30.493000
2019-10-28,29.799999,21.876179,67.045250,18.104481,28.110001,43.610176,30.562000
2019-10-29,29.700001,21.876179,66.984283,18.155222,28.200001,43.536789,30.527000
2019-10-30,29.860001,21.968630,67.193321,18.236406,28.120001,43.699860,30.399000
2019-10-31,30.180000,22.094690,66.993004,18.287148,28.120001,43.561275,30.215000
2019-11-01,30.180000,22.061865,67.654968,18.287148,28.139999,43.985210,30.483999
2019-11-04,30.080000,21.969275,67.977272,18.713375,28.330000,44.237946,30.434999
2019-11-05,29.620001,21.876690,67.985985,18.855450,28.440001,44.311325,30.327000
2019-11-06,29.760000,21.935606,67.977272,18.946783,28.270000,44.237946,30.309999
2019-11-07,29.280001,21.800932,68.195053,18.845303,28.330000,44.409164,30.371000
2019-11-08,29.100000,21.767254,68.247307,18.784420,28.340000,44.303177,30.247000
2019-11-11,29.020000,21.784092,68.073074,18.500265,28.389999,44.156422,30.381001
2019-11-12,29.100000,21.809341,68.125359,18.672783,28.430000,44.107502,30.412001
2019-11-13,29.219999,21.851419,68.003418,18.561148,28.500000,43.944443,30.379999
2019-11-14,29.340000,21.927179,68.020836,18.551004,28.629999,43.895523,30.459000
2019-11-15,29.280001,21.927179,68.499893,18.733675,28.790001,44.189041,30.431000
2019-11-18,29.379999,21.952444,68.526031,18.855450,28.900000,44.213497,30.490000
2019-11-19,29.360001,21.986115,68.543457,18.997524,29.020000,44.180885,30.438999
2019-11-20,29.400000,22.061865,68.203751,18.926491,28.940001,43.952595,30.434999
2019-11-21,29.240000,22.011364,68.125359,18.774267,28.900000,43.871071,30.448000
2019-11-22,29.180000,22.019781,68.273422,18.784420,28.900000,43.960743,30.447001
2019-11-25,29.020000,22.036608,68.796097,18.794559,29.010000,44.286877,30.559000
2019-11-26,29.180000,22.061865,68.857048,18.845303,29.150000,44.286877,30.451000
2019-11-27,29.020000,22.028194,69.135773,18.916342,29.230000,44.384708,30.440001
2019-11-28,,,,18.865599,29.230000,,30.462000
2019-11-29,29.219999,22.028194,68.708961,18.571299,29.260000,43.993355,30.424000
2019-12-02,29.200001,21.952326,68.221169,18.682930,29.280001,43.814011,30.528999
2019-12-03,29.480000,22.104069,67.864052,18.682930,28.969999,43.667252,30.434000
2019-12-04,29.420000,22.028191,68.377953,18.611893,28.730000,44.042290,30.445000
2019-12-05,29.459999,21.994473,68.438934,18.855450,28.850000,44.042290,30.468000
2019-12-06,29.139999,21.952326,69.048683,18.885897,28.950001,44.417320,30.414000
2019-12-09,29.139999,21.960741,68.813499,19.007679,29.139999,44.189041,30.422001
2019-12-10,29.219999,21.952326,68.752525,18.875748,29.129999,44.270561,30.396999
2019-12-11,29.440001,22.011335,69.048683,19.027969,29.110001,44.564068,30.452000
2019-12-12,29.320000,21.893309,69.684540,19.454197,29.080000,45.004333,30.344999
2019-12-13,29.459999,21.986048,69.806511,19.667313,29.290001,45.191845,30.187000
2019-12-16,29.440001,21.918604,70.398819,19.657166,29.240000,45.623959,30.219999
2019-12-17,29.440001,21.910170,70.372665,19.921019,29.360001,45.566883,30.097000
2019-12-18,29.420000,21.868023,70.398819,19.931168,29.330000,45.599495,30.018000
2019-12-19,29.510000,21.876461,70.581741,19.819532,29.299999,45.575047,30.035000
2019-12-20,29.480000,21.884911,70.790779,19.677456,29.450001,45.591343,30.149000
2019-12-23,29.620001,21.868021,70.888237,19.718050,29.639999,45.663910,30.125000
2019-12-24,29.920000,21.893354,70.861885,19.728199,29.600000,45.672157,30.139000
2019-12-25,,,,19.758644,29.520000,,30.000000
2019-12-26,30.160000,21.918680,71.186615,19.758644,29.600000,45.870037,29.900000
2019-12-27,30.139999,21.944006,71.274384,19.890574,29.760000,46.092686,30.076000
2019-12-30,30.240000,21.927120,70.853104,19.849981,29.660000,45.738125,30.083000
2019-12-31,30.280001,21.901789,71.081299,19.677456,29.459999,45.919518,30.073999
2020-01-01,,,,,,,29.898001
2020-01-02,30.500000,21.944006,71.800964,19.819532,29.639999,46.430744,29.844000
2020-01-03,30.900000,22.053774,71.151520,19.819532,29.620001,45.861797,29.900000
2020-01-06,31.240000,22.028442,71.414803,19.565832,29.500000,45.927765,30.035000
2020-01-07,31.360001,21.986231,71.195396,19.504940,29.730000,45.845306,30.047001
2020-01-08,31.120001,21.952450,71.485023,19.413603,29.440001,45.927765,29.985001
2020-01-09,30.920000,21.969337,71.836075,19.677456,29.709999,46.133900,30.010000
2020-01-10,31.139999,22.019997,71.686882,19.748499,29.850000,46.076183,29.943001
2020-01-13,30.900000,21.994661,72.195923,19.890574,29.790001,46.422504,29.962000
2020-01-14,30.860001,22.036888,72.169586,20.012350,29.870001,46.430744,29.874001
2020-01-15,31.040001,22.070663,72.178375,19.809387,29.820000,46.307060,29.826000
2020-01-16,31.000000,22.036888,72.696198,19.748499,29.980000,46.554417,29.933001
2020-01-17,31.040001,22.011551,72.915588,19.748499,30.250000,46.702850,29.899000
2020-01-20,,,,19.829683,30.340000,,29.950001
2020-01-21,31.100000,22.087545,72.450439,,,46.191616,29.891001
2020-01-22,31.080000,22.104433,72.546982,,,46.356537,30.042000
2020-01-23,31.180000,22.155088,72.467987,,,46.175137,29.919001
2020-01-24,31.340000,22.214195,71.897507,,,45.911278,29.975000
2020-01-27,31.559999,22.332401,70.563492,,,44.905319,30.020000
2020-01-28,31.280001,22.273296,71.256836,,,45.243385,30.094999
2020-01-29,31.440001,22.357727,71.186615,,,45.268120,30.004999
2020-01-30,31.459999,22.357727,71.186615,18.703228,29.870001,45.103207,30.091000
2020-01-31,31.660000,22.450602,69.975464,18.849916,30.240000,44.361111,30.205000
2020-02-03,31.440001,22.434532,70.361618,18.661316,30.040001,44.443562,30.346001
2020-02-04,31.000000,22.324608,71.520126,18.986132,30.059999,45.226894,30.240000
2020-02-05,31.040001,22.256952,72.169586,19.038521,30.120001,45.639172,30.028000
2020-02-06,31.219999,22.282328,72.397781,19.342388,30.620001,45.746361,29.951000
2020-02-07,31.320000,22.349974,71.809723,19.111868,30.639999,45.292847,30.030001
2020-02-10,31.400000,22.392260,72.187141,19.069960,30.510000,45.383564,30.177000
2020-02-11,31.280001,22.358429,72.546982,19.227129,30.790001,45.713379,30.025999
2020-02-12,31.240000,22.307693,72.994583,19.415730,30.780001,46.043201,29.948999
2020-02-13,31.420000,22.324608,72.731277,19.447166,30.770000,45.688633,29.910000
2020-02-14,31.580000,22.349974,72.783936,19.478600,31.020000,45.663910,29.985001
2020-02-17,,,,19.342388,31.030001,,30.014999
2020-02-18,31.980000,22.400721,72.467987,19.080435,30.920000,45.383564,30.016001
2020-02-19,32.160000,22.392260,72.854179,19.300476,31.100000,45.597946,30.055000
2020-02-20,32.279999,22.468363,72.450439,19.216648,31.180000,45.226894,30.171000
2020-02-21,32.799999,22.544470,71.862411,19.122349,31.129999,44.987770,30.225000
2020-02-24,33.099998,22.679779,69.396179,18.881353,30.570000,43.322163,30.386999
2020-02-25,32.520000,22.738964,67.746208,18.933741,30.270000,42.728481,30.341999
2020-02-26,32.660000,22.713604,67.632111,18.745140,29.900000,42.810944,30.413000
2020-02-27,32.639999,22.806612,65.130791,18.577490,28.700001,41.590599,30.208000
2020-02-28,31.480000,23.001108,64.920151,,,41.433933,30.193001
2020-03-02,31.620001,22.973175,66.701797,18.305061,27.620001,41.887436,30.124001
2020-03-03,32.619999,23.176392,65.411621,18.567011,28.299999,41.508141,29.805000
2020-03-04,32.660000,23.125589,67.597008,18.692749,27.920000,42.580059,29.770000
2020-03-05,33.360001,23.294943,65.666153,18.902306,28.450001,41.557610,29.750000
2020-03-06,33.380001,23.675989,64.507652,18.514624,27.379999,40.939201,29.884001
2020-03-09,33.480000,23.938490,59.417248,17.990723,25.980000,37.706940,29.900999
2020-03-10,32.759998,23.506638,62.111664,18.085024,26.110001,39.166397,29.985001
2020-03-11,32.639999,23.388090,59.039856,17.875467,25.690001,37.220455,29.740000
2020-03-12,31.320000,23.362680,53.001602,17.215353,24.280001,33.221359,30.069000
2020-03-13,30.379999,23.227201,57.223122,16.974360,23.450001,35.332218,29.948000
2020-03-16,30.080000,23.599781,50.561718,16.198986,22.879999,31.399090,30.107000
2020-03-17,30.480000,23.074783,53.466755,15.685563,22.940001,33.023460,30.236000
2020-03-18,29.820000,22.846146,50.061455,15.255970,22.379999,30.780663,30.030001
2020-03-19,29.280001,22.880022,50.552937,14.365338,21.490000,31.126989,30.125000
2020-03-20,29.719999,23.396561,49.175022,15.507438,22.400000,31.019800,30.320999
2020-03-23,31.000000,23.675989,48.004002,14.836848,20.480000,30.388052,30.268999
2020-03-24,32.500000,23.557444,52.392025,15.559829,21.490000,32.934860,30.216000
2020-03-25,32.099998,23.557444,53.590370,16.104685,22.450001,34.125565,30.145000
2020-03-26,32.560001,23.608252,56.304241,16.178028,22.709999,35.465134,30.253000
2020-03-27,32.340000,23.828409,54.427448,16.052294,23.570000,34.241341,30.131001
2020-03-30,32.380001,23.718332,55.872505,15.895125,23.580000,34.878044,30.167000
2020-03-31,31.440001,23.718332,55.335007,15.957994,24.090000,34.696129,30.030001
2020-04-01,31.680000,23.826008,52.894276,15.905599,23.379999,33.373104,30.230000
2020-04-02,32.220001,23.826008,53.978065,,,34.142113,30.218000
2020-04-03,32.419998,23.859930,53.035259,,,33.430988,30.080999
2020-04-06,33.220001,23.800579,56.286629,16.146595,23.900000,35.142647,30.250000
2020-04-07,33.139999,23.724268,56.498108,16.450459,24.379999,35.382431,30.080000
2020-04-08,32.820000,23.690346,57.855045,16.680975,24.590000,35.729733,30.097000
2020-04-09,33.580002,23.690346,58.930004,16.607626,25.160000,36.300274,30.066999
2020-04-10,,,,16.618107,25.570000,,30.066999
2020-04-13,34.279999,23.647955,58.401344,16.513327,25.280001,36.167976,30.025999
2020-04-14,34.480000,23.656433,59.802357,16.963879,25.730000,36.804684,29.850000
2020-04-15,34.419998,23.834494,58.242733,17.016266,25.920000,35.771072,30.021000
2020-04-16,34.299999,23.919285,58.471825,16.932447,25.610001,35.779343,29.905001
2020-04-17,33.580002,23.817537,60.013805,17.445868,26.530001,36.713730,29.937000
2020-04-20,33.840000,23.876884,59.115047,17.393476,26.360001,36.184517,30.035000
2020-04-21,33.619999,23.944715,57.440914,16.890533,25.770000,35.407238,30.030001
2020-04-22,34.240002,23.876884,58.700909,16.890533,25.230000,36.126621,30.096001
2020-04-23,34.540001,23.910805,58.656872,16.953403,25.750000,36.043949,30.054001
2020-04-24,34.500000,23.893850,59.300098,16.953403,25.500000,36.341625,29.855000
2020-04-27,34.299999,23.783625,60.304592,17.299175,26.290001,36.854290,30.079000
2020-04-28,34.099998,23.868408,60.304592,17.299175,26.299999,37.118900,29.913000
2020-04-29,34.240002,23.851463,62.022793,17.540171,26.480000,38.094627,29.805000
2020-04-30,33.680000,23.792107,61.071171,17.917377,26.930000,37.333897,29.629999
2020-05-01,33.919998,23.828598,59.485138,,,36.432587,29.584999
2020-05-04,33.980000,23.811617,59.661354,17.393476,25.660000,36.490459,29.893000
2020-05-05,34.139999,23.794649,60.084301,17.477299,26.180000,36.622776,29.610001
2020-05-06,33.720001,23.692776,59.731850,17.498257,26.350000,36.473927,29.625000
2020-05-07,34.220001,23.811617,60.542492,17.571604,26.180000,36.920452,29.997000
2020-05-08,34.040001,23.735228,61.608662,17.676384,26.600000,37.532341,29.780001
2020-05-11,33.840000,23.675795,61.599854,17.823078,26.750000,37.499264,29.840000
2020-05-12,33.939999,23.743715,60.542492,17.613514,26.620001,37.118900,29.892000
2020-05-13,34.240002,23.794649,59.696613,17.665907,26.240000,36.846035,29.788000
2020-05-14,34.560001,23.845579,59.969757,17.456345,25.799999,36.688915,29.892000
2020-05-15,34.799999,23.837093,60.084301,17.571604,26.150000,36.564888,29.875999
2020-05-18,34.540001,23.684292,62.199005,17.424911,26.410000,37.987133,29.954000
2020-05-19,34.820000,23.735228,61.573410,17.582083,26.969999,37.598488,29.940001
2020-05-20,34.900002,23.743715,62.639572,17.561127,26.870001,38.235195,29.844999
2020-05-21,34.419998,23.760700,62.102093,17.707813,27.010000,37.854820,29.879999
2020-05-22,34.619999,23.803133,62.040405,17.382999,26.700001,37.581959,29.875999
2020-05-25,,,,17.498257,27.180000,,30.068001
2020-05-26,34.139999,23.735228,63.221134,17.697336,27.459999,38.623837,30.038000
2020-05-27,34.160000,23.726738,64.075829,17.676384,27.590000,38.979404,29.975000
2020-05-28,34.299999,23.709761,64.111092,17.571604,27.860001,39.153038,30.025000
2020-05-29,34.540001,23.760700,64.252045,17.697336,27.680000,39.202656,29.910000
2020-06-01,34.680000,23.728392,65.080322,17.791641,27.770000,40.046074,29.944000
2020-06-02,34.480000,23.685902,65.802849,17.875467,27.770000,40.641426,29.833000
2020-06-03,33.860001,23.592413,66.974739,18.189806,28.170000,41.517941,29.871099
2020-06-04,34.220001,23.507437,66.648720,18.357454,28.420000,41.228527,29.858000
2020-06-05,33.500000,23.430946,68.252388,18.514624,28.420000,42.030602,29.845200
2020-06-08,33.840000,23.447935,69.107071,18.755619,28.959999,42.518459,29.712999
2020-06-09,34.180000,23.541422,68.384552,18.776571,29.219999,42.055416,29.650000
2020-06-10,34.680000,23.643406,68.181892,18.954697,29.150000,42.005795,29.594999
2020-06-11,34.459999,23.753893,64.296089,18.661316,28.400000,39.740124,29.552999
2020-06-12,34.520000,23.694397,65.265366,18.493670,27.590000,40.509140,29.525000
2020-06-15,34.400002,23.694397,65.661865,18.231718,26.940001,40.550480,29.628099
2020-06-16,34.400002,23.626406,66.780899,18.629881,28.180000,41.013527,29.480000
2020-06-17,34.480000,23.643406,66.683960,18.650839,28.230000,41.121029,29.485001
2020-06-18,34.400002,23.702894,66.622314,18.629881,27.959999,41.030064,29.490000
2020-06-19,34.779999,23.702894,66.313904,18.619402,28.150000,40.864689,29.594000
2020-06-22,35.020000,23.702894,66.898239,18.661316,28.010000,41.389961,29.584000
2020-06-23,35.279999,23.677402,67.172668,18.745140,28.200001,41.639297,29.434999
2020-06-24,35.220001,23.736891,65.561340,18.860397,28.250000,40.741688,29.548000
2020-06-25,35.180000,23.753893,66.296173,,,41.157242,29.395000
2020-06-26,35.299999,23.813389,65.021255,,,40.617012,29.379999
2020-06-29,35.320000,23.821888,65.800385,18.671795,27.219999,40.941147,29.521999
2020-06-30,35.520000,23.787884,66.225349,18.839443,27.570000,40.866356,29.411501
2020-07-01,35.340000,23.761513,66.668030,18.965178,27.730000,41.074139,29.396000
2020-07-02,35.419998,23.863602,67.270088,19.174734,28.000000,41.680855,29.427700
2020-07-03,,,,19.394781,28.090000,,29.432100
2020-07-06,35.599998,23.753006,68.509605,19.730070,28.459999,42.611713,29.451000
2020-07-07,35.840000,23.829576,67.703911,19.803415,28.459999,42.021626,29.404100
2020-07-08,36.099998,23.812559,68.376823,19.939631,28.260000,42.561848,29.479000
2020-07-09,35.980000,23.897629,67.942986,20.002499,28.410000,42.187851,29.340200
2020-07-10,35.900002,23.863602,68.491913,19.834850,28.170000,42.403942,29.330000
2020-07-13,35.900002,23.889128,67.942986,20.128237,28.780001,42.129662,29.462999
2020-07-14,36.099998,23.889128,68.739792,20.253969,28.440001,42.603409,29.455999
2020-07-15,36.119999,23.872110,69.465797,20.337793,28.940001,42.977409,29.387699
2020-07-16,35.799999,23.897629,69.076248,20.138714,28.900000,42.595093,29.476999
2020-07-17,36.080002,23.889128,69.324135,20.369228,28.930000,42.836117,29.363899
2020-07-20,36.279999,23.906143,69.881912,20.337793,28.920000,43.127010,29.454000
2020-07-21,36.700001,23.914648,70.147522,20.833841,29.270000,43.368042,29.447001
2020-07-22,37.279999,23.931652,70.430862,20.886610,29.270000,43.384663,29.402000
2020-07-23,37.580002,23.982704,69.687149,20.865501,29.400000,43.052219,29.431700
2020-07-24,37.959999,23.991222,69.315285,20.791618,28.950001,42.894302,29.426701
2020-07-27,38.660000,23.948679,70.058990,21.804819,28.950001,43.509331,29.451000
2020-07-28,39.000000,24.008236,69.580894,21.868141,28.940001,43.201824,29.180000
2020-07-29,39.299999,24.016735,70.466248,21.646505,28.830000,43.750343,29.312000
2020-07-30,38.959999,24.059277,70.005867,21.963129,29.080000,43.201824,29.259001
2020-07-31,39.380001,24.059277,69.731400,21.910360,29.270000,42.561848,29.160000
2020-08-03,39.400002,24.039694,70.545944,21.530413,29.400000,43.176891,29.309999
2020-08-04,40.220001,24.099298,70.900078,21.804819,29.580000,43.509331,29.247999
2020-08-05,40.619999,24.039694,71.378189,22.015903,29.650000,43.766972,29.264999
2020-08-06,41.139999,24.065235,71.688087,22.248091,29.840000,43.899952,29.338100
2020-08-07,40.459999,24.022669,71.440155,22.089781,29.879999,43.509331,29.369101
2020-08-10,40.340000,23.997110,71.634941,22.290306,30.110001,43.642315,29.421000
2020-08-11,38.200001,23.903442,71.413620,22.121443,30.200001,43.742054,29.313000
2020-08-12,38.040001,23.852350,72.484894,21.794264,29.969999,44.539925,29.318001
2020-08-13,38.919998,23.784220,72.290123,22.005346,30.299999,44.348778,29.296200
2020-08-14,38.740002,23.775698,72.157318,22.058115,30.320000,44.132675,29.338900
2020-08-17,39.560001,23.784220,72.599968,22.290306,30.340000,44.548241,29.382000
2020-08-18,39.939999,23.826803,72.661980,22.163658,30.350000,44.531616,29.335699
2020-08-19,38.680000,23.801264,72.298973,22.005346,30.430000,44.257339,29.354700
2020-08-20,38.919998,23.852350,72.316681,21.234894,30.100000,44.140991,29.416000
2020-08-21,38.619999,23.877901,72.387497,21.699280,30.379999,44.041264,29.320999
2020-08-24,38.380001,23.869390,73.140083,21.762602,30.500000,44.548241,29.392000
2020-08-25,38.419998,23.818291,73.396812,21.931469,30.830000,44.714455,29.290001
2020-08-26,38.919998,23.801264,73.972305,22.015903,30.879999,44.947178,29.290001
2020-08-27,38.439999,23.707581,73.804077,22.068674,31.129999,44.556549,29.281700
2020-08-28,39.119999,23.724619,74.344162,21.847033,31.389999,44.963791,29.323200
2020-08-31,39.220001,23.758673,73.919197,21.488195,31.580000,44.448498,29.331499
2020-09-01,39.259998,23.831984,74.476959,21.815369,31.430000,44.714455,29.308001
2020-09-02,38.720001,23.883120,75.318069,21.741495,31.719999,45.088467,29.303499
2020-09-03,38.459999,23.900171,73.060364,21.804819,32.090000,44.107735,29.292900
2020-09-04,38.560001,23.772314,72.785912,21.646505,30.900000,44.199162,29.278999
2020-09-07,,,,21.614845,30.620001,,29.323999
2020-09-08,38.480000,23.814930,71.103714,21.741495,30.799999,43.567501,29.305201
2020-09-09,38.820000,23.797873,72.405228,21.593737,30.070000,44.307217,29.247000
2020-09-10,38.700001,23.831984,71.387032,21.783709,30.469999,43.758667,29.281000
2020-09-11,38.680000,23.849030,71.670357,21.794264,30.170000,44.165924,29.268600
2020-09-14,39.000000,23.840508,72.573425,22.068674,30.240000,44.548241,29.282000
2020-09-15,38.900002,23.840508,72.998398,22.153105,30.360001,44.855751,29.122999
2020-09-16,39.020000,23.814930,72.874443,22.490835,30.480000,44.789268,29.195000
2020-09-17,38.799999,23.823460,72.484894,22.248091,30.129999,44.772644,29.180000
2020-09-18,38.840000,23.806404,71.847427,22.226982,29.969999,44.440189,29.122101
2020-09-21,38.099998,23.840508,70.800148,22.047564,29.469999,43.594566,29.004999
2020-09-22,37.900002,23.840508,71.129387,21.762602,29.360001,43.510921,28.968700
2020-09-23,37.080002,23.849030,69.759102,21.730938,29.750000,42.983971,29.033001
2020-09-24,37.240002,23.866064,69.794716,21.203234,29.049999,42.908691,29.192301
2020-09-25,37.119999,23.874599,70.559906,21.245445,29.230000,43.067616,29.264099
2020-09-28,37.500000,23.857553,71.672142,21.593737,29.680000,43.653111,29.251801
2020-09-29,37.820000,23.866064,71.414101,21.646505,29.879999,43.594566,29.100000
2020-09-30,37.599998,23.823460,71.752220,21.741495,29.459999,43.636379,28.889999
2020-10-01,37.939999,23.826014,72.330582,,,43.987682,28.912001
2020-10-02,37.880001,23.800423,71.867897,,,43.795311,28.867001
2020-10-05,38.080002,23.672461,73.051285,21.752047,29.799999,44.439350,28.920000
2020-10-06,37.619999,23.715111,72.303879,22.005346,30.030001,44.121510,28.705200
2020-10-07,37.599998,23.655405,73.327148,22.121443,29.750000,44.564823,28.806999
2020-10-08,37.740002,23.698059,73.932190,22.416954,30.139999,44.874302,28.613001
2020-10-09,38.419998,23.680996,74.492760,,,45.183781,28.631701
2020-10-12,38.320000,23.698059,75.311356,22.596378,30.700001,45.451431,28.601000
2020-10-13,37.720001,23.749239,74.821991,22.606934,30.950001,45.058308,28.610001
2020-10-14,37.799999,23.766302,74.492760,22.522497,30.870001,44.907753,28.835600
2020-10-15,37.980000,23.757769,74.136856,22.311419,30.580000,44.439350,28.718000
2020-10-16,37.860001,23.740704,74.172432,22.216429,30.690001,44.623360,28.733000
2020-10-19,37.840000,23.706583,73.469505,22.501389,30.780001,44.422630,28.771999
2020-10-20,38.040001,23.655405,73.816528,22.374741,30.260000,44.757187,28.713301
2020-10-21,38.340000,23.621283,73.629654,22.364187,30.400000,44.631733,28.523001
2020-10-22,37.959999,23.544502,73.914413,22.395849,30.040001,44.640091,28.676001
2020-10-23,37.919998,23.587160,74.252533,22.395849,30.320000,44.891029,28.681000
2020-10-26,37.900002,23.646864,72.935646,22.395849,30.190001,44.138241,28.583000
2020-10-27,38.020000,23.698059,72.624229,22.269197,29.959999,43.979313,28.596800
2020-10-28,37.380001,23.698059,70.373047,22.163658,29.670000,42.724678,28.573999
2020-10-29,37.240002,23.629799,70.987007,21.920914,29.059999,42.983971,28.583000
2020-10-30,37.419998,23.561567,70.284088,21.741495,28.709999,42.632671,28.365601
2020-11-02,37.759998,23.597422,71.156067,21.825930,28.760000,43.226540,28.583599
2020-11-03,37.980000,23.563276,72.499619,22.079224,29.170000,44.062962,28.558300
2020-11-04,37.959999,23.708420,73.861015,22.406403,29.840000,44.748829,28.594601
2020-11-05,38.840000,23.734016,75.427040,22.385296,30.320000,45.719086,28.551701
2020-11-06,38.900002,23.657173,75.516022,22.522497,30.450001,45.861290,28.531300
2020-11-09,37.180000,23.503519,76.726135,22.818014,31.129999,46.823166,28.575001
2020-11-10,37.299999,23.460823,76.779503,22.606934,30.809999,46.973724,28.625401
2020-11-11,37.139999,23.469362,77.268883,22.955215,30.889999,47.299934,28.587099
2020-11-12,37.360001,23.597422,76.450279,22.965771,30.959999,46.664261,28.508699
2020-11-13,37.580002,23.588881,77.526924,23.060759,30.830000,47.316658,28.431999
2020-11-16,37.599998,23.571815,78.514587,23.810102,31.480000,47.910526,28.480000
2020-11-17,37.480000,23.614500,78.354424,23.978966,31.430000,47.910526,28.515100
2020-11-18,37.259998,23.614500,77.678192,24.137276,31.370001,47.684685,28.500999
2020-11-19,37.200001,23.648638,78.158676,24.095064,31.120001,47.960709,28.530001
2020-11-20,37.320000,23.708420,78.034103,24.063400,31.110001,48.111271,28.487000
2020-11-23,36.560001,23.682804,78.416733,24.369471,31.120001,48.178185,28.526300
2020-11-24,36.000000,23.623030,79.609032,24.253372,31.440001,48.889141,28.517900
2020-11-25,35.980000,23.614500,79.484451,24.052845,31.670000,48.721848,28.467400
2020-11-26,,,,24.242817,31.680000,,28.480200
2020-11-27,35.619999,23.665720,79.875969,24.200602,31.590000,49.081516,28.509701
2020-11-30,35.400002,23.682804,78.977287,23.915642,31.510000,48.010902,28.518000
2020-12-01,36.139999,23.555241,80.151794,24.126724,31.830000,49.098244,28.516701
2020-12-02,36.419998,23.512148,80.205170,24.358915,31.840000,49.131706,28.473000
2020-12-03,36.660000,23.581099,80.472115,24.358915,31.930000,49.357536,28.441000
2020-12-04,36.580002,23.486292,81.246216,24.759972,31.719999,49.809196,28.388300
2020-12-07,37.139999,23.555241,80.988190,24.992165,31.879999,49.558281,28.216000
2020-12-08,37.259998,23.581099,81.246216,25.340450,31.799999,49.683762,28.000000
2020-12-09,36.619999,23.555241,80.747955,25.340450,31.950001,49.625202,28.225700
2020-12-10,36.580002,23.598326,80.979309,25.034380,31.639999,49.842678,28.243000
2020-12-11,36.639999,23.650043,80.765739,25.066040,31.549999,49.600105,28.186701
2020-12-14,36.419998,23.624189,80.587784,24.960501,31.680000,49.608475,28.181999
2020-12-15,36.939999,23.606947,81.628830,24.707203,31.379999,50.143780,28.112000
2020-12-16,37.119999,23.589718,81.824608,25.171581,31.760000,50.269241,28.098000
2020-12-17,37.540001,23.564692,82.349556,25.034380,31.860001,50.620544,28.115299
2020-12-18,37.480000,23.556065,82.091522,24.949949,31.860001,50.419800,28.128000
2020-12-21,37.360001,23.581947,81.502525,25.192690,31.860001,49.794735,28.169001
2020-12-22,37.080002,23.607830,81.421951,24.907730,31.629999,49.651134,28.139999
2020-12-23,37.299999,23.573324,81.797905,24.939394,31.700001,50.115715,28.130800
2020-12-24,37.459999,23.581947,81.985901,25.076595,31.780001,50.141052,28.135000
2020-12-25,,,,25.108259,31.799999,,28.114000
2020-12-28,37.299999,23.590578,82.361862,25.329895,32.000000,50.445145,27.938999
2020-12-29,37.439999,23.590578,82.522957,25.308786,32.290001,50.867496,28.107000
2020-12-30,37.720001,23.599207,82.809418,25.667627,32.200001,51.146244,28.124599
2020-12-31,37.880001,23.495695,82.872101,25.804832,32.139999,50.816811,28.070000
2021-01-01,,,,,,,28.078699
2021-01-04,38.720001,23.616453,82.397667,26.248100,32.310001,51.120892,28.054001
2021-01-05,38.820000,23.564692,83.301743,26.300871,31.840000,51.864239,28.101000
2021-01-06,38.220001,23.426689,83.892548,26.585831,31.850000,52.142990,27.955000
2021-01-07,38.119999,23.366306,84.742905,27.208527,32.200001,52.362598,27.830000
2021-01-08,36.799999,23.331816,85.512749,27.694016,32.660000,53.029907,27.926800
2021-01-11,36.759998,23.314558,84.742905,27.926208,32.500000,52.328819,28.017000
2021-01-12,36.980000,23.314558,85.065186,27.883995,32.400002,52.599117,28.020700
2021-01-13,36.820000,23.374939,85.136787,28.559458,32.459999,52.590668,27.978001
2021-01-14,36.799999,23.340431,85.280022,28.295603,32.540001,53.055264,28.018000
2021-01-15,36.340000,23.366306,84.393829,28.390594,32.250000,52.244347,27.986900
2021-01-18,,,,28.369478,32.169998,,27.982300
2021-01-19,36.639999,23.383566,85.127846,29.118824,32.450001,52.768063,27.982201
2021-01-20,37.240002,23.392189,86.157242,29.171591,32.520000,53.342457,27.915001
2021-01-21,37.240002,23.357687,86.184128,30.184788,32.990002,53.410027,27.889999
2021-01-22,36.919998,23.374939,85.781296,29.645584,32.849998,53.046803,27.958799
2021-01-25,36.959999,23.461201,85.969254,29.246576,32.959999,53.122818,27.951599
2021-01-26,36.880001,23.443945,85.718636,28.653448,32.810001,53.021461,27.920000
2021-01-27,36.660000,23.469828,83.659821,28.696579,32.779999,51.788208,27.917999
2021-01-28,36.680000,23.426689,84.340118,28.114239,31.990000,52.151428,27.933001
2021-01-29,36.680000,23.392189,82.684120,27.650518,31.920000,50.943512,27.932600
2021-02-01,37.020000,23.410313,84.098419,28.200510,31.910000,51.864239,28.000999
2021-02-02,36.560001,23.358522,85.262115,28.998543,32.400002,52.489311,27.950300
2021-02-03,36.500000,23.298103,85.396393,28.976969,32.770000,52.683582,27.858000
2021-02-04,35.720001,23.280830,85.987183,28.804422,32.599998,52.734257,27.864000
2021-02-05,36.040001,23.246307,86.515312,29.074028,33.099998,53.097488,27.902901
2021-02-08,36.439999,23.254940,87.115059,,,53.426918,27.973600
2021-02-09,36.540001,23.272205,87.383598,,,53.790142,27.880899
2021-02-10,36.680000,23.315367,87.374626,,,53.722561,27.853901
2021-02-11,36.360001,23.289465,87.822220,,,54.128025,27.961300
2021-02-12,36.259998,23.203146,88.242920,,,54.389866,27.943100
2021-02-15,,,,,,,28.014999
2021-02-16,35.720001,23.099558,88.359306,,,54.634827,27.993999
2021-02-17,35.340000,23.134092,88.072845,30.314203,33.560001,54.398315,28.040001
2021-02-18,35.340000,23.116829,87.598442,30.271065,33.400002,53.942184,27.918699
2021-02-19,35.480000,23.030500,87.822220,29.947542,33.259998,54.246269,27.860800
2021-02-22,36.000000,22.987341,86.882332,29.936756,33.209999,53.671879,27.907801
2021-02-23,35.939999,22.978710,87.043442,29.872053,33.189999,53.807026,27.809401
2021-02-24,35.900002,22.935545,87.598442,29.429895,32.880001,53.823933,27.850201
2021-02-25,35.240002,22.719744,85.602257,29.667150,33.320000,52.852520,27.650000
2021-02-26,34.380001,22.961441,84.895111,28.772068,32.470001,52.117641,27.764999
2021-03-01,34.320000,22.891483,86.909164,,,53.257977,27.855000
2021-03-02,34.500000,22.908754,86.345230,28.782850,33.020000,53.046803,27.819000
2021-03-03,34.139999,22.839647,85.432205,29.203432,33.020000,52.793411,27.740000
2021-03-04,33.799999,22.770536,84.187927,28.631876,32.320000,52.117641,27.719999
2021-03-05,33.779999,22.770536,85.342682,28.459328,32.060001,52.506203,27.813000
2021-03-08,33.459999,22.701429,84.733971,28.437763,32.860001,51.957146,27.927500
2021-03-09,34.160000,22.779184,86.049835,28.329920,33.330002,52.759609,28.283001
2021-03-10,34.360001,22.805086,86.452652,28.448544,33.349998,52.903214,28.252001
2021-03-11,34.320000,22.787819,87.562637,29.052458,33.730000,53.646538,28.202000
2021-03-12,34.320000,22.640970,87.571579,29.171089,33.990002,53.477600,28.000999
2021-03-15,34.459999,22.684160,87.938591,29.095592,34.080002,53.587410,28.145700
2021-03-16,34.480000,22.666885,87.866959,29.192654,34.330002,53.714123,28.176701
2021-03-17,34.740002,22.640970,88.242920,28.944616,34.279999,53.933735,28.236500
2021-03-18,34.540001,22.563221,86.953918,29.095592,34.400002,53.300220,28.217600
2021-03-19,34.700001,22.589136,87.043442,28.642662,34.080002,53.570511,28.404699
2021-03-22,34.639999,22.649599,87.432037,28.772068,34.070000,53.566284,28.386101
2021-03-23,34.400002,22.692799,86.346107,28.815210,34.250000,52.753391,28.308599
2021-03-24,34.500000,22.735983,85.655060,28.362272,34.110001,52.186066,28.403000
2021-03-25,34.380001,22.710073,86.148651,28.459328,34.110001,52.524761,28.480700
2021-03-26,34.480000,22.675516,87.494858,28.976969,34.419998,53.388458,28.503300
2021-03-29,34.060001,22.623693,87.162804,29.214218,34.490002,53.092094,28.585501
2021-03-30,33.480000,22.632328,87.144852,29.311275,34.750000,53.109024,28.527500
2021-03-31,34.000000,22.623693,87.315369,29.063242,34.590000,53.092094,28.441099
2021-04-01,34.419998,22.691980,88.464149,29.278925,34.750000,53.811852,28.374399
2021-04-02,,,,,,,28.461700
2021-04-05,34.400002,22.640114,89.478302,,,54.404575,28.530500
2021-04-06,34.680000,22.717911,89.289825,,,54.091267,28.387100
2021-04-07,34.580002,22.691980,89.155212,29.721069,35.509998,53.964260,28.431801
2021-04-08,34.959999,22.743858,89.720619,29.818130,35.680000,54.302963,28.350401
2021-04-09,34.700001,22.717911,90.052689,29.753429,35.680000,54.294498,28.370701
2021-04-12,34.480000,22.700621,89.864197,29.580881,35.900002,53.972733,28.500000
2021-04-13,34.700001,22.761139,90.205238,29.580881,35.910000,54.286030,28.393600
2021-04-14,34.580002,22.735203,90.169350,29.742645,36.080002,54.429981,28.413700
2021-04-15,35.119999,22.847584,91.039894,29.990679,35.970001,54.802555,28.333700
2021-04-16,35.320000,22.795713,91.389923,30.033813,36.139999,55.166668,28.245300
2021-04-19,35.220001,22.787069,90.977074,30.087738,36.099998,54.997311,28.254999
2021-04-20,35.380001,22.830296,89.953957,30.033813,35.869999,54.235218,28.127001
2021-04-21,35.720001,22.821644,90.869392,29.764210,35.480000,54.751751,28.025999
2021-04-22,35.500000,22.847584,90.294998,29.742645,35.840000,54.523125,27.980000
2021-04-23,35.360001,22.838947,91.345039,30.012249,35.669998,55.141270,28.086300
2021-04-26,35.459999,22.830296,91.614258,30.454395,35.840000,55.209003,28.032000
2021-04-27,35.360001,22.761139,91.515541,30.465178,35.849998,55.124340,27.808001
2021-04-28,35.439999,22.787069,91.686096,30.281845,35.849998,55.352959,27.897200
2021-04-29,35.320000,22.761139,91.892502,30.324986,35.910000,55.344490,27.783001
2021-04-30,35.200001,22.787069,90.923218,,,54.565472,27.766001
2021-05-03,35.639999,22.795721,91.345039,29.818130,35.889999,55.031181,27.846500
2021-05-04,35.400002,22.830330,90.456535,29.559315,35.750000,54.319904,27.924000
2021-05-05,35.520000,22.847628,90.860405,29.278925,35.610001,54.878765,27.893200
2021-05-06,36.119999,22.856289,91.461716,29.537745,35.680000,55.302135,27.885000
2021-05-07,36.439999,22.847628,92.323288,30.066164,35.910000,55.954159,27.948000
2021-05-10,36.560001,22.795721,91.389923,29.861263,36.000000,55.496906,27.752800
2021-05-11,36.580002,22.769770,90.591148,28.739717,35.520000,54.895702,27.731300
2021-05-12,36.200001,22.683252,88.634682,27.909340,35.400002,53.820312,27.917000
2021-05-13,36.380001,22.709209,89.460342,27.499544,34.799999,54.108215,28.024000
2021-05-14,36.700001,22.761120,90.905289,27.812283,35.340000,55.014252,27.937000
2021-05-17,37.139999,22.743818,90.725784,27.283857,35.790001,54.929581,27.959900
2021-05-18,37.180000,22.726511,90.564247,28.534821,35.700001,55.259808,28.054199
2021-05-19,37.220001,22.700558,90.088562,28.340706,35.009998,54.870300,27.965500
2021-05-20,37.400002,22.761120,91.120674,28.146591,35.209999,55.463028,27.890900
2021-05-21,37.419998,22.778425,90.995010,28.545605,35.630001,55.310604,27.950500
2021-05-24,37.459999,22.795721,91.721985,28.502468,35.610001,55.708584,27.948999
2021-05-25,37.820000,22.856289,91.739937,28.987753,35.810001,55.861019,28.012400
2021-05-26,37.759998,22.838976,91.964310,29.009319,35.779999,55.988022,27.820499
2021-05-27,37.740002,22.830330,92.098930,28.804422,35.709999,56.115032,27.667999
2021-05-28,37.860001,22.830330,92.359184,29.289709,35.840000,56.242050,27.787001
2021-05-31,,,,29.570101,35.650002,,27.620001
2021-06-01,37.820000,22.806086,92.709190,29.699505,35.590000,56.775513,27.516701
2021-06-02,37.980000,22.832056,92.843811,29.699505,35.630001,56.902542,27.581800
2021-06-03,37.220001,22.788763,92.332260,29.677935,35.680000,56.470676,27.544001
2021-06-04,37.639999,22.884005,93.211792,29.537745,35.570000,57.012619,27.623800
2021-06-07,37.779999,22.858034,93.274605,29.613228,35.919998,57.054958,27.535999
2021-06-08,37.660000,22.918644,93.247673,29.440681,35.919998,56.961803,27.622801
2021-06-09,37.599998,22.961937,93.005379,29.225010,35.959999,56.767048,27.586901
2021-06-10,37.779999,23.013880,93.463081,29.677935,35.900002,57.021080,27.779499
2021-06-11,37.340000,22.996567,93.633606,29.785776,35.950001,57.088814,27.557501
2021-06-14,37.139999,22.944624,93.795158,,,57.156578,27.641001
2021-06-15,37.000000,22.927301,93.606689,29.947542,36.200001,57.105762,27.636801
2021-06-16,36.380001,22.866692,92.996399,29.915186,35.990002,56.614635,27.561199
2021-06-17,35.259998,22.944624,92.754066,29.828920,35.880001,56.352131,27.677999
2021-06-18,35.060001,23.039854,91.380943,29.764210,36.070000,55.454563,27.684999
2021-06-21,35.480000,22.961937,92.639145,29.052458,35.549999,56.098938,27.781000
2021-06-22,35.340000,22.987907,92.873688,29.084810,36.220001,56.090401,27.947500
2021-06-23,35.320000,22.953276,92.738380,29.559315,36.459999,55.919716,27.950300
2021-06-24,35.279999,22.961937,93.414833,29.483822,36.480000,56.423267,28.034700
2021-06-25,35.380001,22.901323,93.784637,29.537745,36.540001,56.679310,27.906099
2021-06-28,35.380001,22.961937,93.685425,29.591665,36.680000,56.448872,27.865801
2021-06-29,35.060001,22.970598,93.703453,29.677935,36.610001,56.431793,27.816000
2021-06-30,35.220001,23.031197,93.450920,29.969107,36.720001,56.056267,27.875900
2021-07-01,35.320000,22.988745,93.793648,29.828920,36.770000,56.107468,27.818001
2021-07-02,35.560001,22.997408,94.190521,29.828920,37.000000,56.184299,27.879000
2021-07-05,,,,30.109303,37.180000,,27.938000
2021-07-06,35.759998,23.144716,93.712463,30.141657,37.290001,55.723415,27.968800
2021-07-07,35.880001,23.196707,93.946976,29.979893,37.250000,55.902641,27.896900
2021-07-08,35.860001,23.248701,92.873688,29.947542,37.360001,55.049171,27.881599
2021-07-09,35.980000,23.144716,94.244652,29.710285,37.169998,55.996532,27.959999
2021-07-12,35.919998,23.136049,94.470116,29.979893,37.470001,56.116013,27.951000
2021-07-13,35.980000,23.075396,94.028152,30.227922,37.639999,55.953838,27.959200
2021-07-14,36.340000,23.144716,94.100319,30.303429,37.500000,56.047718,28.019199
2021-07-15,36.380001,23.222704,93.694427,30.583809,37.529999,55.757553,27.966600
2021-07-16,36.020000,23.205372,92.972885,30.174009,37.490002,55.330811,27.879700
2021-07-19,36.040001,23.352682,91.565849,29.828920,37.130001,54.391998,27.972000
2021-07-20,36.020000,23.326691,92.666214,29.591665,36.869999,54.707779,28.077299
2021-07-21,35.880001,23.231367,93.613258,29.559229,37.200001,55.407623,27.999100
2021-07-22,35.959999,23.292025,93.712463,29.764648,37.470001,55.475906,27.961599
2021-07-23,35.820000,23.257374,94.325806,29.764648,37.669998,55.535648,27.995701
2021-07-26,35.740002,23.222704,94.217590,29.505167,37.939999,55.305218,28.018299
2021-07-27,35.799999,23.274689,93.604248,29.494360,37.959999,54.818733,28.047199
2021-07-28,35.980000,23.300688,94.100319,29.029455,37.759998,55.407623,28.023899
2021-07-29,36.400002,23.274689,94.560318,29.515980,37.720001,55.749001,27.899000
2021-07-30,36.080002,23.300688,94.028152,29.418674,37.580002,55.424694,27.844999
2021-08-02,36.080002,23.381344,94.100319,29.818712,37.830002,55.655140,27.924101
2021-08-03,36.020000,23.390009,94.794800,29.937637,37.730000,56.022133,27.920900
2021-08-04,36.060001,23.390009,94.488167,30.110624,37.720001,55.970928,27.850300
2021-08-05,35.880001,23.337976,94.957169,30.056574,37.580002,56.133076,27.714701
2021-08-06,35.020000,23.216568,94.875984,30.013319,37.820000,55.868515,27.726400
2021-08-09,34.400002,23.181873,94.830902,29.926823,37.750000,55.877048,27.822300
2021-08-10,34.400002,23.147182,94.903061,29.764648,37.730000,55.979454,27.785601
2021-08-11,34.860001,23.164522,95.281876,29.667347,37.790001,56.320843,27.826200
2021-08-12,34.900002,23.138506,95.281876,29.613289,37.849998,56.133076,27.791500
2021-08-13,35.360001,23.242579,95.498337,29.332184,38.020000,56.320843,27.796499
2021-08-16,35.540001,23.268599,95.281876,29.267313,38.049999,55.945312,27.808001
2021-08-17,35.500000,23.268599,94.388954,29.051083,38.099998,55.262539,27.789700
2021-08-18,35.520000,23.277275,93.757561,29.170004,38.000000,55.151588,27.899401
2021-08-19,35.439999,23.320639,93.270508,28.499683,37.570000,54.502953,27.842199
2021-08-20,35.459999,23.311962,93.838745,28.272635,37.700001,54.648033,28.018000
2021-08-23,35.880001,23.311962,94.821877,29.051083,38.180000,55.236935,27.971001
2021-08-24,35.840000,23.259924,95.335991,29.137575,38.430000,55.740471,27.901199
2021-08-25,35.599998,23.199223,95.507347,29.418674,38.389999,55.791695,27.893101
2021-08-26,35.639999,22.982407,94.875984,29.624096,38.459999,55.416161,27.884899
2021-08-27,36.160000,23.268599,95.886169,29.872768,38.360001,56.022133,27.916599
2021-08-30,36.020000,23.294609,96.111641,30.164690,38.459999,56.039200,27.872999
2021-08-31,36.119999,23.277275,96.156754,30.348484,38.610001,56.235504,27.729200
2021-09-01,36.080002,23.271194,96.625771,30.489038,38.540001,56.730507,27.568701
2021-09-02,36.000000,23.297235,96.923416,30.251179,38.419998,56.884144,27.671600
2021-09-03,36.380001,23.253838,97.094788,30.683645,38.599998,57.182858,27.626600
2021-09-06,,,,30.824202,38.430000,,27.607000
2021-09-07,35.680000,23.184389,96.833221,30.683645,38.480000,57.165783,27.533100
2021-09-08,35.560001,23.236479,96.346169,30.413357,38.480000,56.585426,27.591200
2021-09-09,35.700001,23.305914,96.093613,30.337673,38.270000,56.534214,27.670700
2021-09-10,35.540001,23.236479,95.606575,30.694456,38.259998,56.431793,27.629601
2021-09-13,35.680000,23.279875,95.949310,30.586346,37.959999,56.798790,27.650499
2021-09-14,35.880001,23.349319,95.381088,30.618778,38.049999,56.508602,27.639400
2021-09-15,35.660000,23.323273,95.958321,30.434977,37.820000,56.645164,27.635599
2021-09-16,34.880001,23.271194,95.741867,30.294428,38.130001,56.372066,27.612700
2021-09-17,34.840000,23.227798,94.794800,30.380922,38.139999,55.766090,27.693001
2021-09-20,35.080002,23.323273,93.085236,,,54.596405,27.782000
2021-09-21,35.299999,23.305914,93.375000,,,55.085560,27.766001
2021-09-22,35.160000,23.331957,94.271446,29.667347,37.369999,55.523216,27.718599
2021-09-23,34.759998,23.175716,95.330856,29.840332,37.689999,56.081039,27.703899
2021-09-24,34.720001,23.106277,94.986794,30.197119,37.860001,55.548969,27.684999
2021-09-27,34.820000,23.071554,94.923386,30.272800,38.099998,55.634785,27.726999
2021-09-28,34.459999,22.984755,92.949417,30.056574,37.889999,54.562077,27.654200
2021-09-29,34.320000,23.002115,92.840752,29.407869,37.380001,54.330376,27.738100
2021-09-30,34.919998,23.028152,92.206909,29.634914,37.590000,54.287464,27.812401
2021-10-01,34.980000,23.089836,92.949417,28.964586,36.720001,54.441944,27.836599
2021-10-04,35.180000,23.072462,91.862801,28.791595,37.330002,53.875542,27.754000
2021-10-05,35.000000,23.002962,92.578163,28.748348,36.959999,54.201649,27.882299
2021-10-06,35.060001,23.020338,92.578163,28.759163,37.169998,53.884125,27.871000
2021-10-07,34.919998,22.950842,93.492714,29.267313,37.630001,54.502003,27.951000
2021-10-08,34.939999,22.907412,93.402168,29.018646,37.869999,54.570663,27.968500
2021-10-11,34.860001,22.837908,92.913185,,,54.407619,28.049999
2021-10-12,35.020000,22.959528,92.840752,28.726730,37.570000,54.373287,28.042999
2021-10-13,35.619999,23.011650,93.501762,28.629421,37.580002,54.991165,28.128700
2021-10-14,35.740002,23.029016,94.796638,28.705101,37.779999,55.454578,27.999500
2021-10-15,35.139999,22.968222,95.466698,29.461926,38.330002,55.935139,27.988899
2021-10-18,35.060001,22.968222,95.557259,29.375433,38.430000,55.763519,28.000000
2021-10-19,35.200001,22.898720,96.245422,29.613289,38.480000,56.209755,27.949200
2021-10-20,35.500000,22.863974,96.598564,29.537607,38.599998,56.355629,27.826300
2021-10-21,35.480000,22.829222,96.553291,29.429489,38.680000,56.020958,27.806000
2021-10-22,35.680000,22.881346,96.607628,29.515980,38.849998,56.192593,27.818501
2021-10-25,35.919998,22.890026,96.924561,29.494360,38.860001,56.252666,27.837000
2021-10-26,35.660000,22.924778,96.879272,29.743031,39.119999,56.209755,27.806200
2021-10-27,35.759998,23.037706,96.308823,29.743031,39.029999,55.909397,27.796301
2021-10-28,35.759998,22.976902,97.178093,29.656534,38.869999,56.321320,27.762501
2021-10-29,35.459999,23.011650,96.951714,29.364618,39.040001,55.849323,27.723301
2021-11-01,35.639999,22.969049,97.549355,29.515980,39.400002,56.389973,27.816700
2021-11-02,35.540001,23.021210,97.567451,29.461926,39.299999,56.106773,27.801100
2021-11-03,35.240002,22.960361,98.219429,29.537607,39.549999,56.475792,27.858500
2021-11-04,35.639999,23.047289,98.382401,29.440296,39.799999,56.415710,27.789499
2021-11-05,36.139999,23.142929,98.699326,29.861952,40.049999,56.535851,27.874100
2021-11-08,36.259998,23.090767,98.907593,30.099817,40.110001,56.716072,27.830099
2021-11-09,36.439999,23.186394,98.635956,30.424168,39.970001,56.544445,27.801201
2021-11-10,36.840000,23.021210,97.685150,30.380922,39.730000,55.978065,27.731300
2021-11-11,37.040001,22.977743,97.993057,30.110624,39.709999,56.347061,27.759001
2021-11-12,37.099998,22.977743,98.645004,30.207932,39.759998,56.673168,27.801701
2021-11-15,37.060001,22.899500,98.590660,30.478226,40.000000,56.553024,27.781300
2021-11-16,36.799999,22.882111,98.762711,30.532280,39.970001,56.432880,27.752501
2021-11-17,37.099998,22.942970,98.400497,30.629587,40.189999,56.304161,27.800699
2021-11-18,37.000000,22.977743,98.436722,30.802578,40.070000,56.149685,27.740700
2021-11-19,36.740002,23.021210,97.993057,30.878254,40.279999,55.789265,27.806400
2021-11-22,35.900002,22.899500,97.431633,30.802578,40.240002,55.437408,27.792999
2021-11-23,35.599998,22.812557,97.413513,30.510660,40.000000,55.403084,27.769501
2021-11-24,35.560001,22.882111,97.467850,30.380922,40.000000,55.179958,27.751400
2021-11-25,,,,30.370108,40.250000,,27.767700
2021-11-26,35.500000,23.108152,95.013947,29.872768,39.880001,53.600941,27.764700
2021-11-29,35.459999,23.082066,95.856056,29.872768,39.599998,53.832649,27.853901
2021-11-30,35.220001,23.151621,94.416321,29.840332,39.520000,53.472210,27.745600
2021-12-01,35.360001,23.205563,93.420265,30.337673,39.310001,53.214756,27.578699
2021-12-02,35.139999,23.170757,94.860016,30.662029,38.779999,53.918465,27.604500
2021-12-03,35.459999,23.266476,93.981689,30.651213,39.099998,53.532288,27.678699
2021-12-06,35.380001,23.162054,95.013947,30.564724,38.959999,54.055767,27.657200
2021-12-07,35.500000,23.092449,96.978882,30.662029,39.410000,55.094143,27.659201
2021-12-08,35.500000,23.005449,97.341064,30.780951,40.080002,55.222862,27.742599
2021-12-09,35.299999,23.040249,96.471794,30.705271,39.959999,54.810955,27.630699
2021-12-10,35.419998,23.040249,96.960770,30.694456,39.750000,54.896767,27.685600
2021-12-13,35.540001,23.127258,95.982834,30.597153,40.250000,54.227386,27.636000
2021-12-14,35.200001,23.109854,95.385193,30.294428,39.980000,54.012848,27.745899
2021-12-15,35.360001,23.066347,96.589516,30.337673,39.700001,54.459099,27.784201
2021-12-16,35.759998,23.104664,96.046219,30.716082,40.349998,54.527752,27.739700
2021-12-17,35.700001,23.156919,95.167870,30.683645,39.880001,53.952789,27.757700
2021-12-20,35.560001,23.139507,94.296623,30.413357,39.220001,53.587753,27.827200
2021-12-21,35.540001,23.061125,95.893173,30.672844,39.450001,54.302135,27.815399
2021-12-22,35.900002,23.087255,96.778114,30.672844,39.740002,54.790012,27.730200
2021-12-23,35.959999,23.191751,97.398476,30.845827,40.139999,55.094940,27.711000
2021-12-24,,,,30.932314,40.189999,,27.624701
2021-12-27,36.020000,23.043703,98.429390,31.170176,40.330002,55.495686,27.679300
2021-12-28,35.900002,23.026291,98.319908,31.418854,40.669998,55.434704,27.683701
2021-12-29,35.880001,22.956614,98.356422,31.559397,40.669998,55.382435,27.535000
2021-12-30,36.119999,23.008871,98.274307,31.462090,40.680000,55.460842,27.617399
2021-12-31,36.360001,23.235304,98.009735,,,55.382435,27.658701
2022-01-03,35.799999,22.834700,98.575363,31.656700,40.680000,55.739624,27.702101
2022-01-04,36.080002,22.825981,98.611862,32.348652,40.709999,55.809311,27.624701
2022-01-05,35.959999,22.756304,96.933212,32.283787,40.529999,55.251740,27.515499
2022-01-06,35.540001,22.738888,96.841972,31.981052,39.849998,55.094940,27.596399
2022-01-07,35.680000,22.686640,96.705116,31.699957,40.009998,55.338863,27.620001
2022-01-10,35.799999,22.686640,96.385811,31.905373,39.880001,54.929401,27.658001
2022-01-11,36.240002,22.730181,97.498833,32.067547,39.779999,55.713486,27.598900
2022-01-12,36.320000,22.704062,98.037102,32.337845,40.160000,56.366882,27.627001
2022-01-13,36.220001,22.765024,96.823730,32.500011,40.110001,55.879025,27.598600
2022-01-14,36.119999,22.643093,96.814598,32.500011,39.650002,55.826744,27.566000
2022-01-17,,,,32.867611,39.450001,,27.538000
2022-01-18,36.060001,22.495045,95.154190,32.500011,39.410000,54.999092,27.423700
2022-01-19,36.639999,22.573429,94.615929,32.110790,38.810001,55.042660,27.516199
2022-01-20,36.520000,22.599558,93.840469,32.240532,38.750000,54.885841,27.547600
2022-01-21,36.419998,22.695354,92.243919,31.522364,38.049999,54.093044,27.615700
2022-01-24,36.580002,22.677935,92.125328,31.820683,37.849998,53.465771,27.691200
2022-01-25,36.740002,22.634392,91.213013,31.301380,37.180000,53.265408,27.663900
2022-01-26,36.139999,22.521172,90.802467,31.279285,37.299999,52.925632,27.698000
2022-01-27,35.680000,22.608261,90.118233,,,52.551018,27.664499
2022-01-28,35.560001,22.634392,91.605301,,,52.803677,27.756500
2022-01-31,35.759998,22.625683,93.521164,,,53.814262,27.827000
2022-02-01,35.779999,22.584715,94.260117,,,54.276001,27.770399
2022-02-02,35.939999,22.619581,94.816650,,,54.554783,27.742300
2022-02-03,35.880001,22.549847,92.982880,,,53.822971,27.750799
2022-02-04,35.939999,22.410378,93.393425,,,53.910099,27.743900
2022-02-07,36.220001,22.410378,93.283951,31.445017,38.500000,53.988514,27.799999
2022-02-08,36.299999,22.366802,93.995552,31.577600,38.380001,54.302135,27.826000
2022-02-09,36.439999,22.366802,95.528244,31.688089,38.919998,55.190765,27.805201
2022-02-10,36.320000,22.175024,94.150635,32.052704,39.200001,54.563499,27.780701
2022-02-11,37.000000,22.331940,92.517609,32.030605,38.330002,53.814262,27.826401
2022-02-14,37.180000,22.227339,92.052330,31.533407,38.020000,53.491920,27.906000
2022-02-15,36.840000,22.148880,93.667107,31.389772,37.720001,54.467655,27.861799
2022-02-16,37.220001,22.209898,93.949944,31.909065,38.310001,54.711609,27.820700
2022-02-17,37.720001,22.279629,92.134438,31.931164,38.169998,53.953651,27.810801
2022-02-18,37.680000,22.331940,91.486694,31.842772,37.849998,53.613880,27.836700
2022-02-21,,,,31.776484,37.540001,,27.870001
2022-02-22,37.759998,22.340645,90.401062,31.345585,36.849998,52.977909,27.812401
2022-02-23,37.950001,22.236048,89.142036,31.433973,37.180000,52.455181,27.837400
2022-02-24,37.720001,22.244762,89.516106,30.671597,35.810001,51.784355,27.872700
2022-02-25,37.570000,22.279629,91.495834,30.605303,36.759998,52.960476,28.067200
2022-02-28,37.959999,22.453966,90.930191,,,52.280941,27.962799
2022-03-01,38.669998,22.621468,89.415756,31.036209,37.700001,51.305202,27.975599
2022-03-02,38.250000,22.316116,90.747726,30.859425,37.340000,51.845345,28.046801
2022-03-03,38.480000,22.394642,89.798927,30.925714,37.860001,51.052547,27.970501
2022-03-04,39.099998,22.534218,88.485191,30.594255,37.520000,49.867714,28.050501
2022-03-07,39.680000,22.446978,85.666145,29.610907,37.209999,48.282116,28.125999
2022-03-08,40.770000,22.342295,85.574913,28.981123,36.400002,48.560902,28.275900
2022-03-09,39.560001,22.255054,88.156761,29.279440,36.520000,50.233608,28.303400
2022-03-10,39.680000,22.159090,87.472527,30.130207,37.169998,49.606339,28.268000
2022-03-11,39.389999,22.159090,86.359505,29.699299,36.939999,49.013931,28.300699
2022-03-14,38.810001,21.958435,85.821243,29.699299,37.009998,48.944241,28.410999
2022-03-15,38.080002,21.810129,87.180580,29.091612,36.669998,49.283997,28.511000
2022-03-16,38.330002,21.958435,89.944893,29.213150,37.509998,51.418453,28.518900
2022-03-17,38.500000,21.914820,90.884590,30.141254,38.080002,51.679798,28.379000
2022-03-18,38.150002,21.975889,91.851624,30.074961,38.220001,52.280941,28.177999
2022-03-21,38.459999,21.749062,91.620209,30.273836,38.849998,51.896973,28.356001
2022-03-22,38.180000,21.670544,92.662918,30.229649,38.950001,52.455479,28.410000
2022-03-23,38.689999,21.775229,91.528748,30.516909,39.520000,51.914425,28.467400
2022-03-24,38.990002,21.731617,92.562302,30.494814,39.209999,52.272217,28.559700
2022-03-25,38.840000,21.557129,92.772667,30.539015,39.700001,52.237320,28.651501
2022-03-28,38.139999,21.600744,93.074509,30.207546,39.990002,52.141312,28.669001
2022-03-29,38.139999,21.661816,94.583679,30.240694,40.400002,53.162323,28.783701
2022-03-30,38.430000,21.731617,94.062325,30.616352,40.500000,52.979069,28.628300
2022-03-31,38.470001,21.731617,92.644630,30.516909,40.430000,52.132591,28.525600
2022-04-01,38.200001,21.675714,93.239143,30.262791,40.049999,52.699818,28.615700
2022-04-04,38.410000,21.658249,93.998291,,,53.127422,28.667999
2022-04-05,38.169998,21.483589,92.644630,,,52.403114,28.588499
2022-04-06,38.250000,21.448656,91.611076,30.108107,40.020000,51.748627,28.653200
2022-04-07,38.389999,21.422457,91.821465,29.566711,39.450001,51.713711,28.725401
2022-04-08,38.639999,21.335125,91.601929,29.732447,39.880001,51.731163,28.798700
2022-04-11,38.810001,21.265259,90.321419,29.268394,39.610001,51.120308,28.891001
2022-04-12,39.119999,21.317661,89.946404,29.290495,39.299999,50.841057,29.031000
2022-04-13,39.310001,21.352596,91.053139,29.842936,39.330002,51.443192,29.038000
2022-04-14,39.180000,21.186663,90.184212,29.732447,39.669998,51.102852,28.866699
2022-04-15,,,,29.224199,39.419998,,28.966200
2022-04-18,39.310001,21.169199,89.928123,29.069515,39.209999,50.910870,29.111000
2022-04-19,38.709999,21.064398,90.952530,29.168955,39.549999,51.015591,29.214001
2022-04-20,38.910000,21.177929,91.025703,29.312586,39.889999,51.198849,29.253700
2022-04-21,38.770000,21.108061,89.635445,29.334684,40.209999,50.535622,29.163500
2022-04-22,38.389999,21.073128,87.604927,29.080568,39.450001,49.750229,29.289000
2022-04-25,37.709999,21.177929,87.705521,28.561268,38.389999,49.409893,29.311001
2022-04-26,37.779999,21.282724,85.309158,28.561268,38.770000,48.144535,29.193701
2022-04-27,37.480000,21.195391,85.629295,27.964634,37.939999,48.467434,29.300699
2022-04-28,37.669998,21.177929,87.403687,28.086168,38.279999,49.183002,29.374701
2022-04-29,37.669998,21.090593,85.144501,28.450779,38.709999,48.746674,29.452700
2022-05-02,36.980000,20.955959,85.418900,,,48.598316,29.434000
2022-05-03,37.070000,20.990932,85.876236,28.240849,37.910000,49.017193,29.484600
2022-05-04,37.439999,21.078360,87.934196,28.240849,37.919998,49.724052,29.422100
2022-05-05,37.299999,20.912249,84.934158,28.561268,38.939999,48.135815,29.240000
2022-05-06,37.369999,20.833563,84.092667,27.986731,37.889999,47.638401,29.606701
2022-05-09,36.830002,20.947214,81.303001,27.522678,37.349998,46.181072,29.650000
2022-05-10,36.480000,20.982189,81.586533,27.401140,36.799999,46.416676,29.750999
2022-05-11,36.820000,21.069622,80.543831,27.445332,36.790001,46.163609,29.641701
2022-05-12,36.230000,21.104580,80.424934,26.793453,36.049999,45.989082,29.688999
2022-05-13,35.959999,21.025898,82.647530,27.036524,36.459999,47.228249,29.821501
2022-05-16,36.290001,21.043381,82.382286,27.180161,36.759998,47.219524,29.782000
2022-05-17,36.060001,20.920986,84.083519,27.478479,36.840000,48.188171,29.711901
2022-05-18,36.090000,21.034639,81.284706,27.776800,37.290001,47.079903,29.605801
2022-05-19,36.610001,21.087101,81.495071,27.246454,36.009998,47.594769,29.740200
2022-05-20,36.630001,21.174520,81.723732,27.544773,35.930000,47.865284,29.600500
2022-05-23,36.820000,21.069622,83.004242,27.600019,36.000000,48.554695,29.712999
2022-05-24,37.099998,21.235731,82.299965,27.290653,35.889999,48.170723,29.490000
2022-05-25,36.860001,21.288179,82.885330,27.500578,36.150002,48.249260,29.531700
2022-05-26,36.799999,21.244463,84.284744,27.158066,36.099998,48.825222,29.410000
2022-05-27,36.830002,21.174520,85.986000,27.732607,36.630001,49.444801,29.313000
2022-05-30,,,,28.406584,37.480000,,29.296000
2022-05-31,36.459999,21.095837,85.565239,28.682808,37.330002,49.488430,28.830999
2022-06-01,36.700001,21.040697,84.924995,28.539167,37.290001,49.008469,28.991501
2022-06-02,37.139999,21.049452,86.644554,28.240849,37.099998,49.985847,29.128300
2022-06-03,36.750000,21.023193,85.254295,,,49.226639,29.101000
2022-06-06,36.599998,20.883167,85.583549,28.439728,37.490002,49.444801,29.361000
2022-06-07,36.830002,20.970686,86.214661,28.152460,37.209999,49.593155,29.381300
2022-06-08,36.799999,20.909410,85.364021,28.461826,37.639999,49.191734,29.405001
2022-06-09,36.680000,20.909410,83.434128,28.373434,37.439999,48.162003,29.438801
2022-06-10,37.189999,20.760620,81.248116,28.086168,36.709999,47.202068,29.585699
2022-06-13,36.200001,20.480545,78.220642,27.301699,35.310001,45.613827,29.642000
2022-06-14,35.930000,20.375521,77.973679,27.257505,34.779999,45.509113,29.688700
2022-06-15,36.380001,20.559317,79.208450,27.124918,34.299999,46.215969,29.577700
2022-06-16,36.799999,20.646851,76.720589,27.069675,34.790001,45.020428,29.405001
2022-06-17,36.500000,20.655594,76.802933,26.705061,33.959999,44.880795,29.695999
2022-06-20,,,,26.461990,33.720001,,29.702000
2022-06-21,36.369999,20.568069,78.413200,27.003380,34.240002,45.647923,29.702999
2022-06-22,36.509998,20.751869,77.971016,26.406742,34.200001,45.144749,29.724001
2022-06-23,36.290001,20.830647,78.440826,26.053181,34.540001,45.082954,29.671700
2022-06-24,36.220001,20.769379,80.799126,26.108427,35.110001,46.310001,29.613100
2022-06-27,36.189999,20.699362,80.596451,26.727163,35.750000,46.257038,29.694000
2022-06-28,36.150002,20.716869,79.454178,26.473036,35.639999,46.018688,29.430000
2022-06-29,36.119999,20.830647,79.214645,26.252060,35.029999,45.727379,29.671000
2022-06-30,35.880001,20.918173,78.615860,25.589128,34.790001,45.559647,29.665001
2022-07-01,35.869999,21.094316,79.104103,24.649977,34.410000,45.541988,29.655701
2022-07-04,,,,24.406902,34.880001,,29.796000
2022-07-05,35.110001,21.129368,78.689560,24.528439,35.250000,44.703365,29.690001
2022-07-06,34.549999,20.962860,78.735626,24.053339,35.139999,44.623917,29.780701
2022-07-07,34.580002,20.901518,79.988464,24.771517,35.430000,45.400742,29.788000
2022-07-08,34.590000,20.813881,79.960846,25.025639,35.680000,45.436062,29.752001
2022-07-11,34.400002,20.919043,78.772484,24.804661,35.590000,44.553299,29.752001
2022-07-12,34.270000,20.971624,78.321098,24.208023,35.330002,44.491501,29.863199
2022-07-13,34.439999,21.006683,78.044716,25.069832,35.230000,44.438530,29.865000
2022-07-14,33.950001,20.945343,77.445923,25.191368,34.980000,43.838253,29.766001
2022-07-15,33.880001,20.989161,78.744843,25.522835,35.049999,44.385574,29.918699
2022-07-18,33.919998,20.927805,78.606651,25.635075,35.860001,44.668049,29.910999
2022-07-19,34.009998,20.857698,80.614891,25.657522,35.480000,45.727379,29.820000
2022-07-20,33.689999,20.840178,80.882027,25.825876,36.400002,45.480206,29.785999
2022-07-21,34.160000,21.041740,81.738777,26.117695,36.480000,45.992203,29.880699
2022-07-22,34.250000,21.208246,81.038643,26.218710,36.669998,45.762680,29.880301
2022-07-25,34.150002,21.138136,81.342644,26.196260,36.459999,46.071655,29.801001
2022-07-26,34.130001,21.138136,80.356941,25.960562,36.490002,45.533165,29.827999
2022-07-27,34.459999,21.155668,82.300682,26.196260,36.570000,46.504215,29.920300
2022-07-28,34.869999,21.252066,83.102165,26.241156,36.950001,46.786697,29.859301
2022-07-29,34.990002,21.260836,84.106262,26.488081,37.730000,47.219254,29.915001
2022-08-01,35.169998,21.381073,83.903595,26.409512,37.990002,47.086842,30.002001
2022-08-02,34.970001,21.170424,83.249542,25.988922,37.970001,46.504215,30.167999
2022-08-03,35.070000,21.249424,84.235245,26.146362,37.919998,46.804359,29.966299
2022-08-04,35.630001,21.284527,84.373421,26.213837,38.330002,47.051521,29.941999
2022-08-05,35.220001,21.073879,84.179955,26.877335,38.470001,46.822010,29.951700
2022-08-08,35.529999,21.144098,84.299736,26.821108,38.459999,46.963257,29.945000
2022-08-09,35.619999,21.100210,83.848328,26.798616,38.419998,46.716076,30.000700
2022-08-10,35.560001,21.100210,85.699951,26.517473,38.189999,47.687126,30.028000
2022-08-11,35.470001,20.986107,85.755211,27.001038,39.020000,47.757736,29.910400
2022-08-12,35.779999,21.038774,86.915955,27.169727,39.000000,48.137325,29.949301
2022-08-15,35.340000,21.056330,86.934372,27.417135,39.490002,47.863678,29.943001
2022-08-16,35.270000,21.065104,87.035713,27.462114,39.730000,47.890163,29.982700
2022-08-17,35.040001,20.977327,86.344788,27.473362,39.770000,47.554699,29.943800
2022-08-18,34.959999,20.994886,86.354012,27.293427,39.439999,47.369324,29.935699
2022-08-19,34.689999,20.898335,85.147240,27.338411,39.529999,46.733727,29.973700
2022-08-22,34.459999,20.845682,83.571968,27.001038,39.020000,46.062832,30.101999
2022-08-23,34.709999,20.819338,83.535126,26.584946,38.430000,46.186417,30.131701
2022-08-24,34.799999,20.757904,83.811501,26.517473,38.459999,46.274685,30.170000
2022-08-25,34.900002,20.854446,85.027473,26.764879,38.799999,46.883804,30.205000
2022-08-26,34.500000,20.863228,82.503372,26.899824,39.160000,45.815659,30.188000
2022-08-29,34.520000,20.784227,82.051964,26.213837,37.770000,45.683235,30.281000
2022-08-30,34.230000,20.793009,81.222893,26.258820,38.029999,45.277164,30.368000
2022-08-31,33.970001,20.714014,80.697792,26.449997,37.709999,45.100609,30.436701
2022-09-01,33.660000,20.605011,80.403015,25.898958,37.049999,44.606266,30.332701
2022-09-02,33.959999,20.684122,79.721313,25.617815,37.419998,44.332600,30.548201
2022-09-05,,,,25.674038,37.259998,,30.613001
2022-09-06,33.770000,20.525900,79.334412,25.842726,37.450001,44.050117,30.686001
2022-09-07,34.090000,20.622597,80.485924,25.235456,37.119999,44.429707,30.798700
2022-09-08,33.900002,20.569851,80.863609,25.415388,37.910000,44.447357,30.847799
2022-09-09,34.070000,20.552267,82.402031,,,45.409584,30.858700
2022-09-12,34.250000,20.508318,83.378517,25.955187,38.709999,46.009857,30.850000
2022-09-13,33.810001,20.446781,80.108215,26.090134,39.110001,44.465019,30.882999
2022-09-14,33.680000,20.446781,80.439835,25.561586,37.830002,44.685707,31.118700
2022-09-15,33.049999,20.411619,79.619972,25.606565,37.889999,44.244324,31.069000
2022-09-16,33.230000,20.402824,78.956696,25.314177,37.430000,43.908875,31.222000
2022-09-19,33.259998,20.376459,79.440773,25.201719,37.450001,44.121941,31.261000
2022-09-20,33.070000,20.297342,78.404152,25.426636,37.849998,43.500500,31.322001
2022-09-21,33.220001,20.367668,77.163918,25.212965,37.490002,42.879066,31.339001
2022-09-22,33.200001,20.165485,76.562294,24.909330,36.810001,42.745899,31.450001
2022-09-23,32.619999,20.165485,74.812981,24.673168,36.750000,41.449764,31.538300
2022-09-26,32.240002,19.980890,73.915184,24.212091,36.080002,40.810574,31.791000
2022-09-27,32.320000,19.849030,73.665283,24.178358,36.150002,40.615257,31.823000
2022-09-28,32.970001,20.130323,75.201714,23.672297,35.639999,41.396503,31.674999
2022-09-29,32.990002,20.086365,73.785606,23.593580,36.520000,40.757309,31.671000
2022-09-30,32.980000,20.007250,73.008148,23.267450,35.770000,40.633018,31.630501
2022-10-03,33.770000,20.156069,74.812981,22.986305,35.230000,41.494160,31.802999
2022-10-04,34.259998,20.173681,77.349014,23.571089,36.439999,42.967838,31.783701
2022-10-05,34.070000,20.076822,76.978783,24.122126,36.799999,42.586105,31.628000
2022-10-06,34.049999,20.006376,76.118034,24.290813,37.060001,42.000179,31.523500
2022-10-07,33.660000,19.927120,74.276154,23.885965,36.520000,41.272213,31.539000
2022-10-10,33.150002,19.856686,73.646774,,,40.952618,31.711000
2022-10-11,33.080002,19.883101,72.998894,22.648932,35.419998,40.411087,31.792801
2022-10-12,33.270000,19.935932,72.813774,22.536478,35.480000,40.348938,31.825300
2022-10-13,33.029999,19.830267,74.377968,22.266581,35.299999,40.997005,31.774200
2022-10-14,32.630001,19.768629,72.823029,22.907587,36.349998,40.348938,31.848600
2022-10-17,32.730000,19.768629,74.738930,22.480247,35.689999,41.387619,31.962000
2022-10-18,32.799999,19.812649,75.460876,22.738899,36.869999,41.600685,31.988001
2022-10-19,32.360001,19.671759,74.664879,22.435266,36.950001,41.005882,32.016998
2022-10-20,32.299999,19.548489,74.313187,22.311562,36.650002,41.050282,32.152000
2022-10-21,32.869999,19.566093,75.858871,22.244087,36.299999,41.760479,32.094002
2022-10-24,32.779999,19.530874,76.006950,22.176613,37.349998,41.298840,32.180000
2022-10-25,32.849998,19.698183,77.404541,21.749275,37.820000,42.009060,32.311298
2022-10-26,33.060001,19.768629,77.423058,21.951700,38.040001,42.497322,32.227001
2022-10-27,33.009998,19.874290,76.988045,22.266581,38.020000,42.168850,31.962900
2022-10-28,32.669998,19.795040,78.219032,21.985435,37.490002,42.373047,32.042999
2022-10-31,32.410000,19.742199,77.663712,22.277826,38.689999,42.017937,32.113998
2022-11-01,32.720001,19.751028,77.821060,22.401529,38.639999,42.479572,32.247700
2022-11-02,32.490002,19.724550,76.182816,22.491497,38.410000,41.946911,32.124001
2022-11-03,32.389999,19.662779,75.599709,22.199104,37.490002,41.796005,32.247501
2022-11-04,33.380001,19.618652,77.367531,22.232841,37.099998,43.393978,32.150002
2022-11-07,33.250000,19.556870,77.876595,22.615198,37.320000,43.518257,31.999001
2022-11-08,34.009998,19.645130,78.431931,22.851358,37.560001,43.988773,31.850000
2022-11-09,33.849998,19.689257,76.923248,23.503613,37.590000,43.278564,31.789801
2022-11-10,34.869999,20.006968,81.088280,23.278696,37.000000,45.409203,31.912001
2022-11-11,35.090000,19.971663,82.273003,24.515730,38.130001,46.314720,31.402000
2022-11-14,35.180000,19.936369,81.477020,24.740643,38.090000,45.870838,31.096600
2022-11-15,35.310001,20.051092,82.300758,25.797745,38.250000,46.332470,30.889000
2022-11-16,35.230000,20.165817,81.606598,25.752764,38.439999,45.995125,31.079000
2022-11-17,34.980000,20.086397,81.412216,25.764006,38.169998,46.030632,31.035000
2022-11-18,34.730000,20.024618,81.606598,25.696531,38.040001,45.977371,31.025000
2022-11-21,34.529999,20.033442,81.125305,25.606565,38.139999,45.595627,31.111300
2022-11-22,34.560001,20.112875,82.171188,25.820236,38.009998,46.137173,31.131001
2022-11-23,34.770000,20.201126,82.800560,26.000170,38.560001,46.607685,31.107201
2022-11-24,,,,26.247572,38.599998,,31.079700
2022-11-25,34.820000,20.192295,82.893127,26.247572,38.430000,46.714211,30.913000
2022-11-28,34.549999,20.227598,81.699135,25.719023,38.290001,46.190430,30.928499
2022-11-29,34.730000,20.148172,81.865738,25.955187,38.080002,46.554413,31.006100
2022-11-30,35.139999,20.271719,84.096344,26.168854,37.830002,47.495441,30.945999
2022-12-01,35.810001,20.463633,84.290718,26.618685,38.639999,47.744015,30.778000
2022-12-02,35.689999,20.507851,84.244438,26.382523,38.480000,47.788406,30.587799
2022-12-05,35.080002,20.375193,82.791306,26.416262,38.330002,47.131462,30.538000
2022-12-06,35.180000,20.454786,81.912018,25.932695,37.810001,46.918400,30.563000
2022-12-07,35.490002,20.605116,81.773186,25.775253,37.500000,46.811867,30.633499
2022-12-08,35.520000,20.552063,82.393318,25.471619,37.369999,47.149212,30.636999
2022-12-09,35.639999,20.428251,81.967567,25.865221,37.680000,47.078194,30.462999
2022-12-12,35.349998,20.410570,82.726524,25.617815,37.380001,47.113708,30.693701
2022-12-13,35.939999,20.543228,83.494751,25.505356,37.930000,47.673000,30.680000
2022-12-14,35.860001,20.569748,83.152283,25.820236,38.139999,47.610859,30.601000
2022-12-15,35.290001,20.611382,81.097542,25.842726,37.930000,46.474510,30.484301
2022-12-16,35.590000,20.567089,80.338593,25.415388,37.169998,46.217068,30.809999
2022-12-19,35.490002,20.451941,79.851845,25.269194,36.740002,46.162251,30.770800
2022-12-20,36.090000,20.345650,80.038338,24.808117,36.040001,46.306034,30.785700
2022-12-21,36.009998,20.372225,81.082649,24.909330,36.480000,46.746353,30.724001
2022-12-22,35.580002,20.363367,80.103607,25.325424,36.910000,46.386906,30.679001
2022-12-23,35.680000,20.274797,80.476570,24.898083,36.439999,46.494747,30.740000
2022-12-26,,,,24.988050,36.840000,,30.745100
2022-12-27,35.990002,20.159651,80.467247,25.100506,36.779999,46.746353,30.719000
2022-12-28,35.830002,20.133080,79.460236,24.740643,36.459999,46.189209,30.722099
2022-12-29,36.020000,20.195076,80.830894,24.628187,36.070000,46.944050,30.728001
2022-12-30,36.189999,20.124214,80.364693,24.785627,36.560001,46.476761,30.680099
2023-01-02,,,,,,,30.647800
2023-01-03,36.500000,20.230509,80.411293,24.909330,36.549999,46.791286,30.720100
2023-01-04,36.849998,20.327938,81.399658,24.853102,36.419998,47.591061,30.650299
2023-01-05,36.400002,20.319082,80.560493,25.033033,36.590000,47.177689,30.688000
2023-01-06,37.070000,20.496233,82.406662,25.145493,36.360001,48.283001,30.622999
2023-01-09,37.160000,20.549377,82.602463,26.045149,36.900002,48.543610,30.561501
2023-01-10,37.279999,20.460800,83.050026,26.146362,36.639999,48.741302,30.462000
2023-01-11,37.259998,20.540522,83.889206,26.168854,36.869999,49.037842,30.432600
2023-01-12,37.700001,20.708805,84.485939,26.056396,37.340000,49.630936,30.434999
2023-01-13,38.139999,20.629099,84.924179,26.360031,37.299999,49.909508,30.325500
2023-01-16,,,,26.562454,37.410000,,30.279301
2023-01-17,37.910000,20.593662,84.905518,26.562454,37.349998,49.945454,30.329000
2023-01-18,37.779999,20.779675,83.991768,,,49.675869,30.276300
2023-01-19,38.400002,20.753098,83.618813,,,49.774712,30.184999
2023-01-20,38.270000,20.637945,84.914848,,,50.268955,30.339001
2023-01-23,38.330002,20.584810,85.716736,,,50.511589,30.317699
2023-01-24,38.480000,20.682241,85.632797,,,50.520573,30.292999
2023-01-25,38.660000,20.699957,85.791328,,,50.727253,30.267500
2023-01-26,38.310001,20.655663,86.518608,,,50.906979,30.247601
2023-01-27,38.259998,20.620237,86.574562,,,50.790165,30.208799
2023-01-30,38.160000,20.584810,85.520920,27.758341,37.820000,50.259968,30.256001
2023-01-31,38.279999,20.664528,86.509293,27.206394,37.310001,50.511589,30.094999
2023-02-01,38.790001,20.783443,87.451019,27.367378,37.669998,50.987854,30.031000
2023-02-02,37.959999,20.783443,88.159645,27.827332,37.869999,50.862045,29.533001
2023-02-03,37.029999,20.623709,87.180618,27.827332,38.110001,50.259968,29.542999
2023-02-06,37.099998,20.508331,86.397415,27.424871,38.090000,49.738766,29.965799
2023-02-07,37.139999,20.463963,87.320480,27.367378,38.139999,50.080250,29.998301
2023-02-08,37.230000,20.517214,86.602524,27.792837,38.570000,49.855583,30.027100
2023-02-09,36.930000,20.446218,86.173615,27.804335,38.360001,49.945454,30.041500
2023-02-10,37.009998,20.366354,86.015091,27.827332,37.990002,49.711811,30.003000
2023-02-13,36.820000,20.410725,86.966164,27.769840,38.150002,50.134163,30.180799
2023-02-14,36.849998,20.348604,87.022102,27.976818,38.560001,50.143147,30.219999
2023-02-15,36.480000,20.295357,87.068726,27.332878,38.599998,49.891533,30.248699
2023-02-16,36.459999,20.233242,86.238861,27.666349,38.869999,49.693832,30.302000
2023-02-17,36.560001,20.295357,86.043053,27.309883,38.290001,49.648903,30.253000
2023-02-20,,,,27.367378,38.380001,,30.373301
2023-02-21,36.430000,20.135622,84.588516,27.355877,38.200001,49.064800,30.364500
2023-02-22,36.220001,20.188866,84.308777,27.056906,37.840000,48.786221,30.484501
2023-02-23,36.209999,20.242113,84.756355,27.459368,37.720001,49.037842,30.475300
2023-02-24,35.950001,20.135622,83.656097,27.321381,37.799999,48.229084,30.283001
2023-02-27,36.080002,20.171118,84.122314,,,48.696365,30.656799
2023-02-28,36.240002,20.197742,83.758682,,,48.354889,30.597799
2023-03-01,36.480000,20.091061,83.926483,27.447872,37.720001,48.849133,30.645800
2023-03-02,36.450001,20.037720,84.364731,27.424871,37.430000,48.956970,30.560699
2023-03-03,36.830002,20.162189,85.576866,27.447872,37.770000,49.577007,30.601500
2023-03-06,36.660000,20.126619,85.446335,27.712345,38.340000,49.469177,30.498600
2023-03-07,36.009998,20.117723,84.140953,27.896330,38.349998,48.624462,30.575001
2023-03-08,35.990002,20.108837,84.364731,27.666349,37.990002,48.849133,30.726299
2023-03-09,36.340000,20.206631,82.975449,27.643351,38.070000,48.283001,30.724800
2023-03-10,37.130001,20.491102,81.828575,27.206394,37.299999,47.869637,30.813900
2023-03-13,37.970001,20.686686,81.567482,27.321381,37.270000,47.644978,30.828699
2023-03-14,37.770000,20.526672,82.649094,27.022411,36.709999,48.067329,30.455000
2023-03-15,38.040001,20.766691,81.381004,27.045406,37.119999,46.818245,30.379000
2023-03-16,38.119999,20.624453,82.733025,26.918922,37.099998,47.492210,30.520000
2023-03-17,39.240002,20.820030,81.753983,27.355877,37.480000,47.024925,30.549000
2023-03-20,39.250000,20.748913,82.637985,27.160397,37.150002,47.602280,30.618000
2023-03-21,38.500000,20.597782,83.723106,27.286884,37.470001,48.169720,30.506001
2023-03-22,39.169998,20.784468,82.759583,27.804335,37.849998,48.043629,30.480101
2023-03-23,39.660000,20.873365,82.956039,28.022814,37.259998,48.232769,30.350000
2023-03-24,39.209999,20.891146,83.161842,28.103306,37.320000,48.106670,30.138000
2023-03-27,38.849998,20.686686,83.479874,27.930822,37.599998,48.358868,30.320999
2023-03-28,39.160000,20.677792,83.564087,27.689348,37.459999,48.557018,30.163000
2023-03-29,38.959999,20.651123,84.593079,27.735340,37.610001,49.016384,30.344999
2023-03-30,39.320000,20.686686,85.247887,27.873327,38.080002,49.556808,30.516001
2023-03-31,39.110001,20.784468,86.145935,27.965322,38.250000,49.727940,30.351999
2023-04-03,39.410000,20.849480,86.548172,,,50.088223,30.525000
2023-04-04,40.139999,20.938541,86.183342,,,50.061207,30.478600
2023-04-05,40.099998,21.009796,85.762390,,,49.709927,30.385300
2023-04-06,39.830002,21.009796,86.043037,27.827332,38.549999,49.881069,30.540800
2023-04-07,,,,27.827332,38.669998,,30.510401
2023-04-10,39.529999,20.858389,86.145935,27.827332,38.680000,49.917088,30.393000
2023-04-11,39.779999,20.867300,86.351723,27.792837,38.770000,50.142277,30.522200
2023-04-12,39.980000,20.894011,86.230125,27.723846,38.709999,50.277374,30.479900
2023-04-13,40.500000,20.858389,87.362022,27.482367,38.549999,50.934887,30.446501
2023-04-14,39.790001,20.760422,87.090736,27.746841,38.919998,50.727722,30.451000
2023-04-17,39.630001,20.671364,87.296539,27.677849,39.029999,50.727722,30.506001
2023-04-18,39.790001,20.689175,87.446198,27.585855,39.099998,50.889854,30.466499
2023-04-19,39.590000,20.653551,87.240417,27.378876,39.060001,50.583611,30.451900
2023-04-20,39.759998,20.751513,86.922356,27.344379,39.250000,50.574608,30.537500
2023-04-21,39.349998,20.706987,86.950409,27.275389,39.029999,50.583611,30.559299
2023-04-24,39.480000,20.787144,87.043976,27.171900,39.000000,50.655674,30.625000
2023-04-25,39.680000,20.965271,85.622063,26.815430,38.980000,49.854038,30.572001
2023-04-26,39.459999,20.885107,85.434982,26.700439,38.830002,49.917088,30.693701
2023-04-27,39.450001,20.769333,86.856880,26.677443,38.570000,50.556595,30.628300
2023-04-28,39.490002,20.876205,87.371376,26.999414,39.189999,50.664684,30.626801
2023-05-01,39.299999,20.696817,87.268486,,,50.565601,30.746000
2023-05-02,40.070000,20.902082,86.286247,27.068403,39.570000,50.034184,30.728800
2023-05-03,40.389999,21.000261,85.986916,26.953417,39.200001,50.097233,30.754801
2023-05-04,40.669998,20.991335,85.687561,27.022411,38.919998,50.187302,30.646799
2023-05-05,40.049999,20.902082,87.146889,27.091406,38.680000,50.907871,30.627899
2023-05-08,40.099998,20.794985,87.193649,27.263891,39.209999,50.943897,30.577999
2023-05-09,40.380001,20.777143,86.838165,27.344379,39.270000,50.709713,30.587999
2023-05-10,40.310001,20.893158,87.015907,27.091406,39.200001,50.673687,30.649799
2023-05-11,39.980000,20.955635,86.810097,27.033911,39.389999,50.457512,30.614401
2023-05-12,39.900002,20.857464,86.566887,26.953417,39.410000,50.232342,30.697901
2023-05-15,39.990002,20.812840,87.156219,26.953417,39.340000,50.763752,30.809999
2023-05-16,39.490002,20.777143,86.407860,27.275389,39.369999,50.286385,30.743000
2023-05-17,39.360001,20.732512,87.221703,27.723846,39.360001,50.547588,30.777800
2023-05-18,38.849998,20.643263,87.689415,28.091808,39.610001,50.385460,30.791300
2023-05-19,39.230000,20.571861,87.698784,28.172302,40.110001,50.556595,30.690300
2023-05-22,39.150002,20.554008,87.839111,28.126307,39.830002,50.709713,30.620001
2023-05-23,39.189999,20.571861,86.735275,28.103306,40.070000,49.971134,30.660999
2023-05-24,38.880001,20.518312,85.958862,27.965322,39.669998,49.376667,30.805401
2023-05-25,38.509998,20.446915,86.220772,28.298788,39.520000,49.250572,30.808399
2023-05-26,38.660000,20.455841,87.268486,28.965721,39.560001,49.827023,30.759800
2023-05-29,,,,29.149706,40.020000,,30.684999
2023-05-30,38.910000,20.580791,86.959785,29.149706,40.099998,49.358662,30.535999
2023-05-31,38.950001,20.652189,86.314301,29.011721,39.990002,48.890293,30.561300
2023-06-01,39.250000,20.696911,87.390083,28.781742,39.919998,49.655888,30.645901
2023-06-02,38.680000,20.571692,88.755836,29.149706,40.340000,50.385460,30.582800
2023-06-05,38.910000,20.571692,88.456505,29.057714,40.799999,50.160278,30.667000
2023-06-06,38.959999,20.589581,88.980354,29.138205,40.840000,50.583611,30.645800
2023-06-07,38.500000,20.491192,88.596825,29.460178,40.860001,50.205322,30.631800
2023-06-08,39.000000,20.580627,89.139389,29.172703,40.610001,50.646664,30.712900
2023-06-09,38.900002,20.544857,89.242287,29.391180,40.820000,50.682693,30.645800
2023-06-12,38.860001,20.562746,89.840981,29.667152,41.189999,50.862835,30.660999
2023-06-13,38.570000,20.464363,90.542572,30.253603,42.000000,51.340206,30.711300
2023-06-14,38.599998,20.482250,90.682877,30.242100,41.759998,51.547367,30.577999
2023-06-15,38.869999,20.589581,91.730591,30.334091,41.779999,52.024750,30.731300
2023-06-16,38.799999,20.535915,91.468666,30.253603,42.209999,51.898643,30.653299
2023-06-19,,,,30.184610,42.130001,,30.708000
2023-06-20,38.419998,20.589581,90.564621,30.023623,42.139999,51.141132,30.791800
2023-06-21,38.369999,20.598518,90.282112,30.023623,42.139999,51.186653,30.953300
2023-06-22,37.980000,20.518026,90.244446,,,50.913513,30.923000
2023-06-23,38.080002,20.562746,89.255630,,,50.121403,30.993799
2023-06-26,38.160000,20.607471,89.199142,29.839638,42.000000,50.248875,30.997000
2023-06-27,37.970001,20.553808,90.112587,29.644159,41.820000,50.676792,31.004000
2023-06-28,37.880001,20.607471,90.159676,29.690155,42.200001,50.622162,30.993500
2023-06-29,37.860001,20.455412,90.329178,29.678659,42.270000,50.531116,31.056499
2023-06-30,38.090000,20.482250,91.327415,29.690155,42.480000,51.059189,31.117300
2023-07-03,38.150002,20.447285,91.619354,30.058121,43.099998,51.268600,31.146000
2023-07-04,,,,30.127115,43.110001,,31.087799
2023-07-05,38.009998,20.375578,91.101395,30.081121,43.130001,50.776951,31.077999
2023-07-06,37.910000,20.268002,89.980751,29.414181,43.070000,49.866482,31.224199
2023-07-07,38.189999,20.250078,90.216209,29.368185,42.939999,50.349018,31.326900
2023-07-10,38.220001,20.312828,90.498688,29.310690,42.830002,50.430962,31.259001
2023-07-11,38.340000,20.330750,91.280319,29.713152,43.020000,50.922619,31.360001
2023-07-12,38.869999,20.465223,92.344460,29.770645,43.189999,51.869511,31.265499
2023-07-13,38.889999,20.599684,93.408600,30.104111,43.419998,52.606987,31.033800
2023-07-14,38.770000,20.501074,93.069580,30.414583,43.310001,52.315639,30.957800
2023-07-17,38.799999,20.536928,93.333267,30.357092,43.369999,52.342945,30.950001
2023-07-18,39.250000,20.554855,93.898285,30.298756,43.549999,52.497730,30.950001
2023-07-19,39.250000,20.626566,93.983040,30.042086,44.049999,52.470425,30.903000
2023-07-20,39.060001,20.510035,93.342682,30.182089,44.060001,52.169960,31.043301
2023-07-21,38.950001,20.518999,93.380348,29.680412,44.020000,52.251904,31.037800
2023-07-24,38.779999,20.474178,93.719345,29.692081,44.240002,52.361164,31.322001
2023-07-25,38.970001,20.456257,94.001869,30.065420,44.349998,52.561470,31.299999
2023-07-26,39.189999,20.501074,94.171394,29.983753,44.459999,52.734455,31.166000
2023-07-27,38.580002,20.348684,93.549866,30.217091,44.439999,52.397575,31.214001
2023-07-28,38.880001,20.402477,94.519829,30.217091,44.200001,53.044010,31.296301
2023-07-31,38.980000,20.420399,94.726982,30.053751,44.740002,53.044010,31.353500
2023-08-01,38.580002,20.321526,94.152565,30.205420,45.060001,52.415794,31.398899
2023-08-02,38.400002,20.276588,92.579880,29.832085,44.799999,51.396061,31.594999
2023-08-03,38.380001,20.168739,92.382118,,,51.332333,31.630100
2023-08-04,38.509998,20.312538,92.212631,29.692081,44.500000,51.468903,31.640499
2023-08-07,38.419998,20.276588,92.890648,29.983753,44.310001,51.751144,31.652000
2023-08-08,38.189999,20.348495,92.316216,29.633743,44.540001,51.323227,31.665501
2023-08-09,38.005001,20.366467,91.939514,29.680412,44.529999,51.368744,31.795500
2023-08-10,37.970001,20.249626,92.080780,29.493744,44.240002,51.505322,31.709000
2023-08-11,37.970001,20.195698,91.751183,29.470413,44.119999,51.104717,31.741501
2023-08-14,37.860001,20.168739,91.826508,29.050404,44.169998,50.877094,31.893999
2023-08-15,37.750000,20.141773,90.743538,29.097073,44.650002,50.248875,31.903999
2023-08-16,37.549999,20.087839,90.056091,28.945404,44.020000,49.857372,31.864901
2023-08-17,37.480000,20.087839,89.462814,29.073738,43.750000,49.638851,31.912800
2023-08-18,37.490002,20.114807,89.406319,28.898735,43.320000,49.556915,31.896400
2023-08-21,37.580002,20.015942,89.848923,28.700399,43.380001,49.702579,31.902000
2023-08-22,37.639999,20.033922,89.660583,28.933737,43.630001,49.611546,31.916201
2023-08-23,38.029999,20.195698,90.687050,29.132072,43.709999,50.203346,31.976999
2023-08-24,38.020000,20.150761,89.556976,29.633743,44.130001,49.647961,31.855801
2023-08-25,37.970001,20.141773,90.074936,29.062075,43.340000,49.911995,31.814100
2023-08-28,38.090000,20.168739,90.818901,29.248741,43.650002,50.376339,31.812000
2023-08-29,38.459999,20.276588,92.043106,29.412077,44.029999,51.022770,31.818001
2023-08-30,38.560001,20.276588,92.269127,29.540411,44.680000,51.004559,31.767000
2023-08-31,38.480000,20.321526,92.033707,29.330408,44.810001,50.713207,31.798800
2023-09-01,38.509998,20.225136,92.353867,29.377077,44.750000,50.922619,31.807800
2023-09-04,,,,29.575413,44.830002,,31.863001
2023-09-05,38.200001,20.126034,91.770012,29.505411,44.709999,50.485596,31.857800
2023-09-06,38.020000,20.108017,91.242653,29.400412,44.639999,50.312603,31.904499
2023-09-07,38.060001,20.162067,90.865967,29.132072,44.290001,50.030365,31.933901
2023-09-08,38.070000,20.162067,90.903641,29.003736,44.330002,50.003052,32.031399
2023-09-11,38.139999,20.135038,91.638176,28.887072,44.459999,50.567539,32.084999
2023-09-12,37.950001,20.153070,91.252075,29.178740,44.630001,50.358131,31.906500
2023-09-13,37.860001,20.171074,91.148491,29.213741,44.389999,50.248875,31.963800
2023-09-14,37.880001,20.135038,92.071358,29.622082,44.480000,50.804260,31.894899
2023-09-15,38.130001,20.099005,91.308571,29.715414,44.919998,50.685902,31.868900
2023-09-18,38.360001,20.117025,91.200775,29.400412,44.369999,50.507416,31.878000
2023-09-19,38.320000,20.062973,91.030540,29.272076,44.299999,50.470795,31.898500
2023-09-20,38.355000,20.053967,90.406395,29.108738,44.209999,50.315197,31.980000
2023-09-21,38.080002,19.927841,88.921692,28.642065,43.889999,49.482254,32.008900
2023-09-22,38.209999,19.990898,88.902779,28.618732,43.320000,49.674461,32.138000
2023-09-25,38.009998,19.873781,88.997345,28.828735,43.310001,49.500557,32.131001
2023-09-26,37.689999,19.864771,87.749062,28.490396,43.310001,48.804909,32.102798
2023-09-27,37.240002,19.810719,87.758522,28.502066,42.970001,48.786602,32.189800
2023-09-28,37.049999,19.855768,88.363762,28.618732,42.939999,49.088669,32.225800
2023-09-29,36.660000,19.855768,88.117882,,,48.987976,32.060799
2023-10-02,36.279999,19.755535,87.645035,28.992073,43.209999,48.356407,32.244999
2023-10-03,36.169998,19.629141,86.453484,28.817070,43.049999,47.761440,32.306801
2023-10-04,36.180000,19.737488,86.812836,28.443733,42.570000,47.733994,32.311699
2023-10-05,36.110001,19.746513,87.020882,28.852070,42.799999,48.063507,32.291199
2023-10-06,36.299999,19.656221,87.985466,28.957069,42.610001,48.658459,32.203701
2023-10-09,36.970001,19.836802,88.250267,,,48.557774,32.118000
2023-10-10,36.910000,19.818747,89.035187,,,49.216808,32.137299
2023-10-11,37.160000,19.909035,89.441818,29.458744,43.529999,49.418182,32.016499
2023-10-12,37.060001,19.755535,88.647438,29.703749,43.950001,48.942211,32.059200
2023-10-13,38.259998,19.854862,88.061127,29.622082,43.750000,48.594387,32.169800
2023-10-16,38.060001,19.755535,88.959526,29.458744,43.580002,48.960514,32.194901
2023-10-17,38.139999,19.638166,88.959526,29.528746,43.860001,48.923904,32.186501
2023-10-18,38.680000,19.574965,87.607208,29.120407,43.790001,48.090958,32.325001
2023-10-19,39.169998,19.502733,86.850662,29.132072,43.349998,47.761440,32.395302
2023-10-20,39.259998,19.574965,85.857712,29.260408,42.930000,47.258018,32.348301
2023-10-23,39.139999,19.647198,85.696953,28.898735,42.590000,47.239719,32.332001
2023-10-24,39.119999,19.692335,86.349472,28.922070,42.480000,47.578381,32.236000
2023-10-25,39.290001,19.565939,85.224113,28.980402,42.610001,47.129879,32.203999
2023-10-26,39.360001,19.683310,84.505394,28.408731,41.990002,46.864426,32.380299
2023-10-27,39.810001,19.683310,84.136581,28.537067,42.029999,46.736294,32.358898
2023-10-30,39.580002,19.656221,85.129547,28.467064,41.730000,47.312943,32.414001
2023-10-31,39.369999,19.620104,85.545639,28.268730,41.880001,47.340401,32.247501
2023-11-01,39.240002,19.780338,86.387306,28.408731,42.240002,47.807213,32.402901
2023-11-02,39.389999,19.879917,88.146255,29.050404,42.709999,48.777447,32.376801
2023-11-03,39.520000,19.988560,89.224312,29.272076,43.279999,49.436481,32.159000
2023-11-06,39.220001,19.916126,89.214851,29.528746,43.500000,49.381565,32.089401
2023-11-07,39.049999,19.997608,89.158112,29.517078,43.509998,49.079510,32.102001
2023-11-08,38.669998,20.060976,89.101372,29.680412,43.720001,48.933056,32.080200
2023-11-09,38.830002,19.916126,88.533974,29.692081,43.779999,48.832375,32.216000
2023-11-10,38.400002,19.934240,89.574211,29.575413,43.660000,49.088669,32.253502
2023-11-13,38.610001,19.934240,89.564735,30.030418,44.169998,49.189354,32.345798
2023-11-14,38.959999,20.133408,91.635780,30.100416,44.299999,50.434177,32.244499
2023-11-15,38.869999,20.033813,91.815453,30.462091,45.000000,50.516563,32.077000
2023-11-16,39.299999,20.124348,91.645233,30.473759,44.730000,50.296894,32.008598
2023-11-17,39.299999,20.142456,92.155907,30.567097,44.799999,50.818615,31.837000
2023-11-20,39.220001,20.169617,92.761124,30.555428,44.400002,51.111523,31.734699
2023-11-21,39.650002,20.187717,92.515259,30.928768,44.430000,50.882694,31.468000
2023-11-22,39.480000,20.187717,92.742210,30.648760,44.450001,50.928455,31.374001
2023-11-23,,,,30.637094,44.779999,,31.518000
2023-11-24,39.700001,20.115290,92.988091,30.613756,44.869999,51.203049,31.614000
2023-11-27,39.970001,20.223932,92.808403,30.415426,44.750000,51.047451,31.636000
2023-11-28,40.480000,20.287298,92.959717,30.625431,44.599998,51.221363,31.525000
2023-11-29,40.560001,20.386881,92.978622,30.602091,44.369999,51.203049,31.271999
2023-11-30,40.380001,20.305399,93.252876,30.648760,44.360001,51.239666,31.069000
2023-12-01,41.070000,20.464212,94.056694,30.753763,44.619999,51.706482,31.374001
2023-12-04,40.189999,20.409765,93.479836,30.637094,44.740002,51.248817,31.188999
2023-12-05,40.049999,20.527744,93.271790,30.415426,44.660000,51.084064,31.423599
2023-12-06,40.209999,20.591265,93.101562,30.520430,44.939999,51.138981,31.516001
2023-12-07,40.250000,20.582191,93.725723,30.333755,44.689999,51.395271,31.489100
2023-12-08,39.730000,20.482367,93.990509,30.578760,44.759998,51.386120,31.427000
2023-12-11,39.290001,20.482367,94.340401,30.613756,45.119999,51.495949,31.409500
2023-12-12,39.270000,20.500517,94.576820,30.683760,45.349998,51.550873,31.327999
2023-12-13,40.139999,20.745541,95.976418,30.695431,45.619999,52.301434,31.473101
2023-12-14,40.400002,20.901144,96.723511,31.068766,46.020000,52.832329,31.157000
2023-12-15,40.020000,20.892042,96.279015,31.197102,45.959999,52.356358,31.184299
2023-12-18,40.200001,20.846548,96.661255,31.243771,46.080002,52.455765,31.347799
2023-12-19,40.480000,20.873850,97.385666,31.127100,46.270000,52.929604,31.375000
2023-12-20,40.259998,20.928440,96.051216,31.208771,46.599998,52.260662,31.270000
2023-12-21,40.549999,20.928440,97.290352,30.940437,45.939999,53.180458,31.309999
2023-12-22,40.709999,20.910244,97.433319,31.022097,46.020000,53.199032,31.193001
2023-12-25,,,,31.150434,46.209999,,31.080000
2023-12-26,41.029999,20.928440,97.919441,31.325436,46.029999,53.459175,31.119699
2023-12-27,41.230000,21.046732,98.205399,31.675440,45.990002,53.784351,30.943001
2023-12-28,40.990002,21.001236,98.272118,31.675440,45.720001,53.812218,30.845699
2023-12-29,40.910000,20.964842,98.062408,31.605440,45.750000,53.849384,30.698000
2024-01-01,,,,,,,30.682100
2024-01-02,40.810001,20.901144,97.233162,31.477102,45.790001,53.236191,30.668600
2024-01-03,40.470001,20.937538,96.394371,30.928768,45.709999,52.901722,30.879000
2024-01-04,40.520000,20.837446,96.279991,30.917095,45.480000,52.929604,31.041901
2024-01-05,40.520000,20.773748,96.394371,30.835428,45.200001,52.966763,31.054001
2024-01-08,40.200001,20.837446,97.557236,30.975430,45.139999,53.403431,30.952000
2024-01-09,40.230000,20.819252,97.080643,31.033766,45.720001,52.883148,30.721001
2024-01-10,40.119999,20.791948,97.557236,30.870432,45.779999,53.115414,31.061100
2024-01-11,40.209999,20.882944,97.519112,30.998770,46.189999,53.143284,31.117800
2024-01-12,40.610001,20.919336,97.671631,30.952097,46.009998,53.329102,30.893999
2024-01-15,,,,30.952097,46.009998,,31.075600
2024-01-16,40.220001,20.782850,96.727966,30.718760,46.570000,52.362865,31.195000
2024-01-17,39.790001,20.737352,95.965431,30.432228,46.480000,51.786842,31.458000
2024-01-18,40.099998,20.691854,96.785164,30.635189,46.330002,52.177044,31.542500
2024-01-19,40.230000,20.691854,97.662086,31.733564,46.639999,52.437191,31.580601
2024-01-22,40.080002,20.737352,97.890846,31.948469,47.009998,52.409321,31.383801
2024-01-23,40.220001,20.700958,98.043358,32.008160,47.139999,52.446484,31.368000
2024-01-24,39.900002,20.655468,98.300713,31.996218,47.330002,52.818108,31.395000
2024-01-25,40.070000,20.728252,98.729645,32.390205,47.200001,52.957474,31.292000
2024-01-26,40.040001,20.710058,98.796356,32.390205,47.290001,53.124702,31.315001
2024-01-29,40.320000,20.791948,99.501709,32.593170,47.250000,53.375561,31.273100
2024-01-30,40.369999,20.810150,99.272934,32.509594,47.740002,53.208328,31.184999
2024-01-31,40.340000,20.928440,98.062408,32.079792,47.790001,52.929604,31.159100
2024-02-01,40.750000,21.049746,99.206215,32.079792,47.380001,53.422009,31.245001
2024-02-02,40.369999,20.849091,99.577965,32.258877,48.009998,53.050373,31.233999
2024-02-05,40.160000,20.694046,99.101379,32.461838,48.439999,52.818108,31.325800
2024-02-06,40.380001,20.785250,99.654221,,,53.375561,31.340300
2024-02-07,40.340000,20.748770,100.159386,,,53.384850,31.202000
2024-02-08,40.320000,20.703176,100.197533,,,53.245491,31.366800
2024-02-09,40.150002,20.684925,100.750359,,,53.468460,31.303301
2024-02-12,40.060001,20.703176,100.883812,,,53.626408,31.367800
2024-02-13,39.509998,20.529884,99.291992,,,52.678741,31.288401
2024-02-14,39.490002,20.584606,100.397690,,,53.329102,31.468700
2024-02-15,39.750000,20.630205,101.255562,33.990017,48.959999,53.849384,31.345100
2024-02-16,39.900002,20.566360,101.017258,33.739304,49.330002,53.960876,31.262699
2024-02-19,,,,33.691547,49.150002,,31.333200
2024-02-20,40.150002,20.593727,100.740845,33.822872,49.000000,54.128101,31.402100
2024-02-21,40.150002,20.548122,100.769432,33.715424,48.759998,54.183849,31.377800
2024-02-22,40.139999,20.548122,102.408890,34.097466,49.410000,54.741299,31.426300
2024-02-23,40.380001,20.621084,102.485146,34.324306,50.250000,54.769173,31.454000
2024-02-26,40.310001,20.593727,102.218262,34.372063,50.099998,54.648392,31.601999
2024-02-27,40.250000,20.557247,102.437500,34.228794,49.950001,54.750591,31.548700
2024-02-28,40.340000,20.611969,102.046677,,,54.351089,31.576000
2024-02-29,40.540001,20.657568,102.466064,34.216854,50.049999,54.471867,31.647900
2024-03-01,41.299999,20.733440,103.381126,34.097466,50.299999,55.094345,31.614901
2024-03-04,41.959999,20.696877,103.219086,35.088398,50.549999,54.927116,31.559299
2024-03-05,42.220001,20.797436,102.427963,35.374924,50.400002,54.722725,31.509300
2024-03-06,42.560001,20.834002,103.247688,35.542076,50.099998,55.428822,31.540501
2024-03-07,42.820000,20.861427,104.305702,36.365856,50.150002,55.958389,31.464001
2024-03-08,43.180000,20.861427,103.810051,36.879230,50.500000,55.800457,31.434799
2024-03-11,43.259998,20.843143,103.571762,36.509121,50.200001,55.614639,31.452999
2024-03-12,42.790001,20.770010,104.572586,36.891163,50.349998,56.069885,31.362200
2024-03-13,43.070000,20.742580,104.401009,37.070248,50.750000,55.986267,31.398800
2024-03-14,42.900002,20.632887,103.933968,37.034435,50.799999,55.633217,31.406601
2024-03-15,42.770000,20.605463,103.475624,36.533001,50.849998,55.571667,31.525999
2024-03-18,42.840000,20.587179,103.858376,36.867290,50.599998,55.580994,31.603701
2024-03-19,42.790001,20.623741,104.221977,36.783722,50.799999,55.599644,31.641001
2024-03-20,43.279999,20.669451,105.255386,36.580753,51.349998,56.196484,31.730400
2024-03-21,43.259998,20.669451,105.571159,37.583622,52.000000,56.205811,31.762199
2024-03-22,42.910000,20.751736,105.245819,37.535866,52.299999,55.991322,31.882999
2024-03-25,43.040001,20.706020,105.035309,37.607502,51.849998,55.944698,31.934999
2024-03-26,43.180000,20.733440,104.910927,37.631378,51.950001,55.944698,31.733999
2024-03-27,43.500000,20.788292,105.695557,37.643314,51.900002,56.252441,31.885300
2024-03-28,44.049999,20.815720,105.733833,37.464233,52.200001,56.233791,31.979401
2024-03-29,,,,37.679138,52.500000,,32.018101
2024-04-01,44.520000,20.630585,105.456337,37.583622,52.400002,56.131199,31.934000
2024-04-02,45.160000,20.603086,104.843941,38.120872,52.250000,55.898071,32.014999
2024-04-03,45.570000,20.612251,105.111862,37.858219,51.900002,56.140530,32.039001
2024-04-04,45.310001,20.676409,104.030602,,,55.758183,31.968700
2024-04-05,46.060001,20.575594,104.882225,,,55.963348,32.048000
2024-04-08,46.369999,20.548096,105.111862,38.073116,51.900002,56.243118,32.111198
2024-04-09,46.610001,20.612251,105.274536,38.980473,52.000000,56.392323,32.072800
2024-04-10,46.180000,20.392286,104.068871,38.920776,51.750000,55.599644,31.966200
2024-04-11,47.060001,20.383129,104.662148,38.801392,51.599998,55.795486,32.182999
2024-04-12,46.450001,20.438114,102.968475,38.705879,52.200001,54.825611,32.224499
2024-04-15,47.310001,20.337303,102.002045,38.204445,51.700001,54.573826,32.254002
2024-04-16,47.389999,20.282310,101.418350,37.165760,51.150002,53.958324,32.388802
2024-04-17,47.049999,20.373962,101.035591,37.583622,51.150002,53.995632,32.497898
2024-04-18,47.189999,20.328140,100.882507,37.953728,50.750000,54.004951,32.338001
2024-04-19,47.349998,20.355627,100.413643,36.031567,50.099998,53.986298,32.415901
2024-04-22,46.169998,20.355627,101.351364,35.924114,50.500000,54.545845,32.504002
2024-04-23,46.040001,20.373962,102.509186,36.270340,50.799999,55.068081,32.583000
2024-04-24,45.990002,20.318970,102.480484,37.332905,51.450001,54.993473,32.503502
2024-04-25,46.250000,20.273151,102.155144,36.652393,51.000000,54.890892,32.627300
2024-04-26,46.380001,20.309805,103.073730,37.249332,51.650002,55.338524,32.530998
2024-04-29,46.299999,20.364792,103.523460,37.917912,51.900002,55.683571,32.558998
2024-04-30,45.400002,20.309805,101.944626,37.786579,51.900002,54.928200,32.433998
2024-05-01,45.799999,20.364946,101.753258,,,54.881569,32.613800
2024-05-02,45.660000,20.429276,102.997185,37.285149,51.200001,55.823460,32.476002
2024-05-03,45.619999,20.521179,104.097580,37.476173,51.299999,56.317719,32.346001
2024-05-06,46.090000,20.530365,105.025749,38.013420,51.700001,56.625473,32.276901
2024-05-07,45.889999,20.576311,105.054451,38.228325,52.349998,56.588165,32.263000
2024-05-08,45.770000,20.539555,104.987473,38.371593,52.450001,56.513561,32.363800
2024-05-09,46.470001,20.576311,105.638130,38.323833,52.349998,56.858612,32.333000
2024-05-10,46.860001,20.530365,105.810371,38.598427,52.849998,56.933212,32.338799
2024-05-13,46.349998,20.557940,105.791237,38.992413,52.950001,57.026470,32.424000
2024-05-14,46.720001,20.603886,106.441910,39.255070,52.750000,57.380848,32.371498
2024-05-15,47.320000,20.714165,107.676270,39.792316,52.599998,57.959038,32.313702
2024-05-16,47.160000,20.686594,107.331787,39.983341,53.099998,57.763195,32.031300
2024-05-17,47.919998,20.649834,107.628426,39.935581,53.250000,58.014988,32.123798
2024-05-20,48.110001,20.622267,107.695419,39.923641,53.400002,58.014988,32.164001
2024-05-21,48.040001,20.659023,107.685844,39.875889,53.400002,57.847126,32.205799
2024-05-22,47.160000,20.649834,107.140419,40.592228,53.500000,57.408829,32.234798
2024-05-23,46.220001,20.594696,106.374924,40.902634,53.500000,57.026470,32.223900
2024-05-24,46.279999,20.613077,107.159554,40.735489,52.950001,57.483429,32.220798
2024-05-27,,,,41.296616,53.200001,,32.188999
2024-05-28,46.740002,20.521179,107.073448,41.356308,53.049999,57.464775,32.070000
2024-05-29,46.310001,20.447651,105.906075,40.795189,53.200001,56.504230,32.173801
2024-05-30,46.410000,20.521179,105.839081,40.090790,52.900002,56.858612,32.376999
2024-05-31,46.130001,20.594696,106.633293,39.637115,52.950001,57.138386,32.356400
2024-06-03,46.529999,20.704346,106.738541,40.484772,53.349998,57.380848,32.465000
2024-06-04,46.119999,20.787271,106.528046,39.840076,53.349998,57.007824,32.314301
2024-06-05,46.669998,20.851770,107.628426,40.222118,53.400002,57.520733,32.328800
2024-06-06,47.020000,20.851770,107.704979,41.595093,53.900002,57.707245,32.251999
2024-06-07,45.360001,20.676706,107.178703,41.272743,54.000000,57.054443,32.208900
2024-06-10,45.770000,20.649059,107.427475,,,57.203663,32.404999
2024-06-11,45.889999,20.722775,107.245682,41.380192,54.150002,56.690750,32.334000
2024-06-12,46.020000,20.805706,108.288666,42.120399,54.299999,57.287590,32.315800
2024-06-13,45.639999,20.907059,107.905914,42.729282,54.750000,56.690750,32.201000
2024-06-14,46.240002,20.962345,107.561440,42.980000,54.799999,56.373672,32.299000
2024-06-17,45.980000,20.879416,108.259949,42.980000,54.650002,56.569515,32.348999
2024-06-18,46.180000,20.962345,108.614006,43.696335,55.099998,56.830635,32.300999
2024-06-19,,,,44.878284,55.299999,,32.347500
2024-06-20,46.750000,20.916271,108.422615,45.308086,55.450001,56.793335,32.380798
2024-06-21,46.020000,20.916271,108.132172,45.033493,55.049999,56.458679,32.341000
2024-06-24,46.220001,20.934700,108.247589,43.935112,54.950001,56.872295,32.362999
2024-06-25,45.980000,20.953123,108.459167,43.911232,54.900002,56.872295,32.321499
2024-06-26,45.580002,20.851770,108.295677,44.257465,55.250000,56.533875,32.473499
2024-06-27,46.080002,20.888624,108.497635,44.245525,55.349998,56.637287,32.582298
2024-06-28,46.090000,20.796486,108.324524,44.520115,55.549999,56.684284,32.521999
2024-07-01,46.209999,20.677303,108.468788,44.555931,55.450001,56.750084,32.504002
2024-07-02,46.200001,20.732738,108.978523,44.257465,55.650002,56.966297,32.521702
2024-07-03,46.730000,20.843605,109.815269,44.794712,56.299999,57.643124,32.572800
2024-07-04,,,,45.964718,56.299999,,32.621498
2024-07-05,47.340000,20.935997,110.325012,45.797581,56.200001,57.934532,32.506599
2024-07-08,46.770000,20.926758,110.296143,47.242188,56.250000,57.765331,32.393002
2024-07-09,46.849998,20.917519,110.276932,47.194431,56.799999,57.661926,32.471001
2024-07-10,47.009998,20.926758,111.440666,47.361580,56.650002,58.338757,32.507500
2024-07-11,47.849998,21.037630,111.219452,48.412197,57.299999,58.611359,32.586899
2024-07-12,47.830002,21.083822,111.969643,46.884018,56.500000,59.118980,32.386799
2024-07-15,47.980000,21.028393,111.940788,46.967587,57.299999,58.630165,32.548000
2024-07-16,48.939999,21.111544,112.767914,47.243591,57.500000,58.959175,32.574001
2024-07-17,48.709999,21.111544,111.373352,46.583595,57.549999,58.507961,32.563301
2024-07-18,48.410000,21.056110,110.430809,45.743603,56.950001,57.943932,32.490799
2024-07-19,47.549999,21.019156,109.699860,44.699608,56.750000,57.558517,32.639000
2024-07-22,47.549999,21.000669,110.796280,43.367622,56.349998,58.084942,32.780998
2024-07-23,47.709999,21.009911,110.450043,44.711613,56.750000,57.737125,32.808498
2024-07-24,47.540001,20.972950,108.324524,,,57.013302,32.751301
2024-07-25,46.810001,21.009911,107.959053,,,56.731285,32.714802
2024-07-26,47.299999,21.083822,109.199738,42.959621,55.650002,57.445717,32.643002
2024-07-29,47.240002,21.111544,109.055489,43.343624,56.150002,57.201302,32.798000
2024-07-30,47.709999,21.139259,108.776566,43.343624,56.000000,57.229511,32.849300
2024-07-31,48.570000,21.259371,110.469276,43.403622,55.849998,58.169544,32.761501
2024-08-01,48.400002,21.344599,108.468788,44.159611,56.650002,56.853489,32.572300
2024-08-02,48.320000,21.631788,106.477905,41.927631,55.299999,55.885250,32.716499
2024-08-05,47.720001,21.641056,103.602211,38.099667,53.299999,54.550400,32.588902
2024-08-06,47.330002,21.474297,104.381241,40.199650,53.500000,54.719608,32.679001
2024-08-07,47.290001,21.427979,104.111954,41.795631,53.849998,55.029819,32.778000
2024-08-08,48.029999,21.381655,106.333633,40.931641,52.849998,56.054459,32.650002
2024-08-09,48.150002,21.427979,106.776054,42.203632,53.650002,56.242470,32.410198
2024-08-12,48.959999,21.483564,106.795303,42.731628,54.099998,56.289467,32.435001
2024-08-13,48.900002,21.557678,108.459167,42.839626,54.150002,57.116699,32.238998
2024-08-14,48.490002,21.585468,108.728462,43.379620,54.799999,57.135498,32.305000
2024-08-15,48.650002,21.474297,110.334625,43.043625,55.099998,57.840534,31.995001
2024-08-16,49.709999,21.520620,110.767426,44.015614,56.099998,58.216545,32.442501
2024-08-19,49.660000,21.539146,111.902306,44.075611,55.450001,58.874573,32.135502
2024-08-20,49.840000,21.613258,111.594551,44.099613,55.849998,58.592564,31.910500
2024-08-21,49.779999,21.650322,112.238937,43.631618,55.799999,59.071976,31.895000
2024-08-22,49.200001,21.566942,111.296402,43.403622,55.950001,58.601963,31.695000
2024-08-23,49.759998,21.641056,112.912178,43.427620,55.799999,59.636005,32.035000
2024-08-26,49.900002,21.631788,112.392822,43.499619,55.950001,59.353989,31.754499
2024-08-27,50.040001,21.622526,112.719818,43.307621,55.900002,59.560802,31.809000
2024-08-28,49.700001,21.613258,112.065819,43.919617,56.099998,59.250587,31.695000
2024-08-29,49.950001,21.585468,112.229332,43.319618,55.549999,59.400993,31.983000
2024-08-30,49.590000,21.529882,113.046829,43.523617,55.900002,59.570202,31.858000
2024-09-02,,,,43.403622,56.500000,,31.996000
2024-09-03,49.380001,21.634850,110.825142,43.211624,56.599998,58.564358,31.931000
2024-09-04,49.419998,21.755613,110.584694,41.099640,55.250000,58.442154,31.981001
2024-09-05,49.830002,21.792772,110.392342,41.351643,55.200001,58.536160,31.955000
2024-09-06,49.470001,21.820639,108.516891,41.939632,54.849998,57.455116,32.007000
2024-09-09,49.650002,21.848511,109.632530,41.291637,54.400002,58.047344,32.025902
2024-09-10,49.880001,21.932119,109.747948,41.363640,54.849998,57.812332,32.108002
2024-09-11,49.799999,21.913532,110.642403,41.243641,54.750000,58.141342,32.158001
2024-09-12,50.689999,21.876375,111.594551,42.791626,55.849998,58.667770,32.106998
2024-09-13,51.189999,21.922821,112.181236,42.815624,56.000000,58.827568,31.923000
2024-09-16,51.180000,21.978559,112.614014,42.899624,56.049999,59.212986,31.938000
2024-09-17,50.900002,21.941399,112.546707,,,59.024982,31.863001
2024-09-18,50.520000,21.857796,112.229332,42.683628,56.299999,58.827568,31.939501
2024-09-19,51.290001,21.848511,114.220192,43.235619,56.650002,59.974415,31.778999
2024-09-20,51.939999,21.839218,113.792633,43.787617,56.799999,59.551483,31.768000
2024-09-23,52.049999,21.829924,114.159401,43.979614,57.150002,59.863018,31.989000
2024-09-24,52.770000,21.848511,114.931519,44.399609,57.150002,60.693787,31.933001
2024-09-25,52.709999,21.783484,114.362068,45.059605,57.000000,60.231201,31.700001
2024-09-26,52.970001,21.774191,115.780869,45.431602,57.299999,61.713383,31.863001
2024-09-27,52.560001,21.839218,115.443039,45.335602,57.000000,61.439606,31.459999
2024-09-30,52.130001,21.783484,115.529915,44.147614,56.650002,61.118618,31.575001
2024-10-01,52.689999,21.841230,114.796402,44.063614,57.299999,60.958138,31.580000
2024-10-02,52.680000,21.785341,114.970123,,,61.175270,31.761999
2024-10-03,52.650002,21.701523,114.333115,,,60.533298,31.812000
2024-10-04,52.540001,21.543182,115.346550,44.063614,57.049999,60.995892,32.018002
2024-10-07,52.380001,21.477985,114.651627,45.155602,57.849998,60.873169,32.340000
2024-10-08,51.980000,21.505926,114.844643,44.939606,57.299999,60.297287,32.121799
2024-10-09,51.700001,21.440731,115.298279,45.359600,57.700001,60.231201,32.169998
2024-10-10,52.090000,21.431414,115.114906,,,60.174557,32.227501
2024-10-11,52.630001,21.440731,115.906326,46.115593,58.150002,60.523869,32.195499
2024-10-14,52.570000,21.422100,116.485428,46.151596,58.500000,60.561630,32.130001
2024-10-15,52.759998,21.515244,115.288635,47.135582,59.000000,59.598682,32.152000
2024-10-16,53.009998,21.533867,115.858078,46.319592,58.549999,59.900780,32.171001
2024-10-17,53.340000,21.440731,115.800179,46.391594,58.650002,59.806374,32.134998
2024-10-18,53.900002,21.459358,116.369598,47.543587,58.700001,60.287846,32.068001
2024-10-21,53.900002,21.338276,115.771202,47.531586,58.599998,59.693085,32.042000
2024-10-22,54.470001,21.328953,115.491318,47.351589,58.549999,59.457073,32.050999
2024-10-23,53.820000,21.291708,114.487534,47.039589,58.599998,58.928394,32.014000
2024-10-24,54.209999,21.328953,114.786751,46.751591,58.099998,59.051121,32.004002
2024-10-25,54.349998,21.291708,114.593719,47.135582,58.250000,58.890636,31.983801
2024-10-28,54.349998,21.263763,115.192108,47.051590,58.549999,59.287136,32.063801
2024-10-29,54.939999,21.273077,115.095596,45.959595,58.400002,59.079453,32.013802
2024-10-30,55.230000,21.254450,114.670914,46.031597,58.450001,58.730137,32.002998
2024-10-31,54.389999,21.254450,113.010826,,,58.390278,31.865499
2024-11-01,54.169998,21.173191,113.464470,45.719601,57.150002,58.456364,31.862801
2024-11-04,54.240002,21.266590,113.406555,46.307594,57.099998,58.635738,31.922800
2024-11-05,54.360001,21.285271,114.777092,46.475590,57.200001,59.277702,31.912001
2024-11-06,52.709999,21.107815,116.282753,46.847591,58.700001,58.560215,31.822300
2024-11-07,53.570000,21.219891,117.508507,47.387589,59.900002,59.570354,32.334599
2024-11-08,53.209999,21.266590,117.180344,47.759579,59.950001,58.579090,32.034000
2024-11-11,51.959999,21.229231,117.315475,47.783585,60.650002,58.503574,32.235001
2024-11-12,51.520000,21.117155,116.379265,46.559589,60.750000,57.540623,32.374802
2024-11-13,51.000000,21.107815,116.137970,46.259590,60.700001,57.247963,32.414799
2024-11-14,50.849998,21.117155,115.539566,45.839600,60.900002,57.181885,32.408001
2024-11-15,50.759998,21.126495,114.391029,46.163601,60.250000,57.030834,32.537201
2024-11-18,51.720001,21.145174,115.066643,45.515602,59.849998,57.399021,32.461800
2024-11-19,52.180000,21.182533,115.365829,46.139595,59.900002,57.417896,32.442299
2024-11-20,52.490002,21.154514,115.336884,45.947598,60.200001,57.276291,32.325500
2024-11-21,52.930000,21.135832,115.887016,45.443604,60.200001,57.304607,32.471500
2024-11-22,53.619999,21.145174,116.388908,46.331596,60.450001,57.502865,32.505299
2024-11-25,52.040001,21.331966,116.881149,46.163601,60.849998,57.691673,32.568501
2024-11-26,52.139999,21.303951,116.958351,45.563602,60.799999,57.399021,32.332001
2024-11-27,52.240002,21.359989,116.813576,44.903610,61.250000,57.653912,32.404999
2024-11-28,,,,44.831608,61.200001,,32.414799
2024-11-29,52.700001,21.434704,117.691879,44.939606,61.250000,58.258114,32.494301
2024-12-02,52.250000,21.446882,117.942818,46.007599,61.400002,58.371403,32.438999
2024-12-03,52.340000,21.400053,118.135857,46.631592,61.849998,58.616859,32.591499
2024-12-04,52.500000,21.474977,118.618439,46.907589,61.450001,58.626293,32.464001
2024-12-05,52.130001,21.474977,118.637749,47.159580,61.700001,58.985043,32.313000
2024-12-06,52.150002,21.521803,118.782524,46.979588,61.500000,58.881195,32.322800
2024-12-09,52.660000,21.465611,118.541222,47.039589,61.849998,59.202175,32.388000
2024-12-10,53.340000,21.418785,117.788406,46.703594,61.349998,58.560215,32.370800
2024-12-11,53.849998,21.371954,118.685989,46.295589,61.400002,58.918961,32.523800
2024-12-12,53.099998,21.297029,117.884918,46.835590,61.799999,58.390278,32.485802
2024-12-13,52.459999,21.231472,117.749786,46.871590,61.549999,58.248669,32.466000
2024-12-16,52.560001,21.240847,117.904228,47.063591,61.549999,58.050419,32.498299
2024-12-17,52.369999,21.250208,117.411980,47.303589,61.700001,57.842728,32.417000
2024-12-18,51.369999,21.123407,113.947052,47.303589,61.599998,56.464394,32.429798
2024-12-19,51.439999,21.067055,113.927757,46.655590,60.099998,56.464394,32.678001
2024-12-20,51.980000,21.104628,114.848595,46.223598,59.799999,56.536411,32.630001
2024-12-23,51.730000,21.048269,115.480652,47.339584,60.849998,56.862877,32.616001
2024-12-24,51.840000,21.057663,116.394691,47.471584,61.000000,57.045311,32.608002
2024-12-25,,,,47.615582,61.799999,,32.613998
2024-12-26,52.189999,21.076452,116.530830,47.579582,61.900002,57.160530,32.707901
2024-12-27,51.810001,21.029486,115.616776,47.735580,61.650002,57.035713,32.721500
2024-12-30,51.650002,21.114017,114.498543,47.471584,61.099998,56.651638,32.808498
2024-12-31,51.990002,21.583633,114.235992,46.979588,60.549999,56.584419,32.759998
2025-01-02,52.689999,21.104628,114.002617,46.571594,60.250000,56.488400,32.800999
2025-01-03,52.279999,21.076452,115.179199,47.039589,60.250000,56.786060,32.869801
2025-01-06,52.189999,21.067055,115.889061,48.515575,61.200001,57.227749,32.912300
2025-01-07,52.500000,20.991917,114.751358,49.055569,61.049999,56.968498,32.735802
2025-01-08,52.779999,21.020090,114.790253,48.323578,60.900002,56.843670,32.724499
2025-01-09,,,,47.771580,60.900002,,32.920300
2025-01-10,53.700001,20.916779,112.952454,47.759579,60.849998,55.912277,32.831001
2025-01-13,52.730000,20.907383,112.991333,46.655590,60.049999,55.701042,33.096298
2025-01-14,53.029999,20.897991,113.380287,46.943592,60.650002,56.008297,33.054501
2025-01-15,53.430000,21.048269,115.111137,46.583595,60.349998,56.670834,32.952400
2025-01-16,53.790001,21.095228,115.218102,47.531586,61.400002,56.853271,32.796001
2025-01-17,53.529999,21.095228,116.180779,47.762733,61.250000,57.131725,32.842999
2025-01-20,,,,48.249363,61.599998,,32.910000
2025-01-21,54.340000,21.151587,117.590736,48.346687,61.500000,58.111130,32.316002
2025-01-22,54.619999,21.114017,117.892166,48.979309,62.250000,57.986309,32.584000
2025-01-23,54.549999,21.067055,118.524216,,,58.360779,32.581001
2025-01-24,54.910000,21.114017,118.533943,,,58.648846,32.640400
2025-01-27,54.320000,21.217335,117.182320,,,58.303173,32.733299
2025-01-28,54.770000,21.217335,117.940788,,,58.370384,32.906300
2025-01-29,54.580002,21.189156,117.581001,,,58.379990,32.865101
2025-01-30,55.389999,21.226727,118.572838,,,59.080925,32.713001
2025-01-31,55.480000,21.207937,117.726860,,,58.495209,32.938499
2025-02-03,55.810001,21.223959,116.803093,46.886799,61.400002,57.909489,32.827999
2025-02-04,56.360001,21.261635,117.892166,47.166611,61.700001,58.648846,32.987000
2025-02-05,56.730000,21.355839,118.514488,47.884392,61.799999,59.032921,32.891602
2025-02-06,56.570000,21.346418,118.903450,48.091202,62.349998,59.292175,32.821800
2025-02-07,56.689999,21.280478,117.940788,48.310188,62.400002,58.908096,32.796001
2025-02-10,57.610001,21.280478,118.718697,47.762733,61.900002,59.378593,32.827900
2025-02-11,57.410000,21.242792,118.786766,48.054710,62.200001,59.484211,32.865398
2025-02-12,57.480000,21.129753,118.670074,47.981712,62.299999,59.647446,32.803299
2025-02-13,58.029999,21.252214,119.953621,47.774899,62.200001,60.290779,32.855801
2025-02-14,57.169998,21.318157,120.080032,47.203106,62.849998,60.406006,32.615299
2025-02-17,,,,47.920887,62.799999,,32.665501
2025-02-18,58.119999,21.233381,120.546791,48.091202,62.700001,60.761272,32.706600
2025-02-19,58.160000,21.261635,120.400925,48.006050,62.700001,60.357990,32.721298
2025-02-20,58.189999,21.289900,120.235619,47.823563,62.799999,60.722870,32.746201
2025-02-21,58.139999,21.384102,118.543663,48.164200,62.599998,60.329185,32.693298
2025-02-24,58.459999,21.421780,117.960228,47.738400,61.849998,60.031525,32.772999
2025-02-25,57.689999,21.544243,117.824089,47.117947,61.200001,60.367596,32.699699
2025-02-26,57.779999,21.591351,117.999138,47.373428,61.150002,60.550034,32.778301
2025-02-27,56.910000,21.572510,116.219658,46.838135,61.150002,59.743473,32.750301
2025-02-28,56.540001,21.666710,117.240669,,,59.580231,32.901699
2025-03-03,57.270000,21.714884,115.996010,45.755383,61.250000,59.781872,32.904999
2025-03-04,57.790001,21.658213,115.150047,45.451241,60.400002,59.810673,32.888901
2025-03-05,57.900002,21.573202,117.055908,46.047363,59.650002,61.308582,32.794800
2025-03-06,57.619999,21.573202,115.315338,45.767548,60.049999,60.818890,32.801102
2025-03-07,57.650002,21.544861,116.044632,45.341747,59.200001,61.337395,32.857899
2025-03-10,57.169998,21.658213,113.088593,45.074100,59.099998,59.945110,32.827000
2025-03-11,57.820000,21.601536,112.631569,44.283329,58.000000,59.897102,32.866600
2025-03-12,58.070000,21.544861,113.244164,44.477982,57.599998,60.309986,32.868801
2025-03-13,59.080002,21.610983,111.902275,44.064346,57.450001,59.945110,32.906300
2025-03-14,59.119999,21.554310,114.226280,43.918354,57.400002,61.010925,32.968399
2025-03-17,59.439999,21.573202,115.363953,44.295498,57.950001,61.807892,32.925999
2025-03-18,60.169998,21.601536,114.537430,44.477982,58.349998,61.731068,32.956402
2025-03-19,60.400002,21.648764,115.480652,43.930523,58.099998,61.894302,32.979198
2025-03-20,60.310001,21.667652,114.984734,44.879448,58.900002,61.414207,33.003300
2025-03-21,59.830002,21.648764,114.726204,44.514473,58.500000,61.116619,32.987301
2025-03-24,59.549999,21.554310,116.179794,44.465813,59.000000,61.212925,32.974998
2025-03-25,59.830002,21.573202,116.404167,44.928108,59.549999,61.415173,33.011299
2025-03-26,59.779999,21.535416,115.135933,44.891613,59.799999,60.779545,33.045300
2025-03-27,60.560001,21.525976,115.009117,44.040012,59.150002,60.914375,33.088501
2025-03-28,61.029999,21.658213,112.989700,43.602047,59.099998,60.201698,33.111401
2025-03-31,61.889999,21.714884,113.116516,42.032661,57.599998,59.806839,33.185799
2025-04-01,61.790001,21.763203,113.487251,42.896431,58.200001,59.980190,33.239101
2025-04-02,61.869999,21.744246,114.160370,42.823437,58.400002,60.134285,33.203499
2025-04-03,61.540001,21.905319,109.653282,,,58.930439,33.262501
2025-04-04,60.150002,21.952692,103.116997,,,55.328548,33.031101
2025-04-07,58.959999,21.744246,101.878036,38.541096,51.049999,53.826160,33.162498
2025-04-08,59.110001,21.649508,100.639076,37.288021,52.849998,53.489082,32.980099
2025-04-09,61.259998,21.621082,109.243538,35.572651,50.549999,57.302849,33.080700
2025-04-10,62.799999,21.497911,106.199776,39.125050,55.799999,56.272358,32.588100
2025-04-11,64.010002,21.450539,108.394806,40.037483,54.349998,57.813274,32.786301
2025-04-14,63.630001,21.554760,109.419144,39.830662,55.099998,58.448910,32.362000
2025-04-15,64.000000,21.592659,109.526451,40.232136,54.799999,58.766720,32.356800
2025-04-16,66.080002,21.658978,107.897263,39.502190,54.000000,58.458542,32.504002
2025-04-17,65.779999,21.611609,108.463097,39.064220,54.099998,59.055641,32.378799
2025-04-18,,,,39.149380,54.200001,,
2025-04-21,67.820000,21.526337,106.785110,38.589760,53.200001,58.843765,
2025-04-22,66.849998,21.545288,109.116707,37.944969,52.650002,59.932041,32.440601
2025-04-23,65.260002,21.573708,110.511780,39.623848,54.599998,60.201698,32.573601
2025-04-24,66.190002,21.658978,112.433624,39.392696,54.549999,60.972160,32.532799
2025-04-25,65.440002,21.715828,112.970207,40.329460,55.950001,61.020317,32.435600
2025-04-28,66.379997,21.782148,113.292130,40.670097,55.900002,61.376652,32.519001
2025-04-29,65.769997,21.848475,113.809181,40.828255,55.750000,61.569263,32.425900
2025-04-30,65.260002,21.867422,113.750633,41.022907,55.250000,61.501850,32.321701
2025-05-01,63.919998,21.766716,114.160370,,,61.347752,32.032001
2025-05-02,64.050003,21.671703,116.150520,42.215149,55.250000,62.628647,32.111599
2025-05-05,65.919998,21.633698,115.896881,41.838009,52.299999,62.859779,30.704300
2025-05-06,67.809998,21.671703,115.243248,41.606861,53.049999,62.753845,29.160000
2025-05-07,66.800003,21.709711,115.321297,41.448711,53.349998,62.387871,29.977600
2025-05-08,65.480003,21.586195,115.721275,41.996166,53.900002,62.224155,30.390699
2025-05-09,65.930000,21.605198,115.887123,42.519291,53.700001,62.570862,30.268999
2025-05-12,64.070000,21.500683,118.755287,42.993759,54.400002,63.187225,30.246401
2025-05-13,64.339996,21.481686,119.340614,43.516884,55.250000,63.312431,30.393101
2025-05-14,63.000000,21.415176,119.340614,44.502308,55.799999,63.264278,30.424999
2025-05-15,64.000000,21.529186,120.013748,44.404984,55.400002,63.765076,30.339701
2025-05-16,63.240002,21.538687,120.599098,44.526642,55.650002,63.842117,30.167000
2025-05-19,64.019997,21.529186,120.930786,43.906189,55.700001,64.275490,30.202600
2025-05-20,65.239998,21.500683,120.803963,43.991352,56.200001,64.477737,30.145800
2025-05-21,65.720001,21.386677,119.291840,44.672634,55.799999,64.179192,30.146299
2025-05-22,65.150002,21.434181,119.204041,44.186005,54.849998,64.073257,30.022100
2025-05-23,66.570000,21.472183,118.930870,44.003517,54.750000,64.285126,30.046900
2025-05-26,,,,43.954853,54.849998,,29.971500
2025-05-27,65.449997,21.548193,120.862488,43.565548,54.700001,64.911133,29.915001
2025-05-28,65.309998,21.510185,120.033264,43.638542,55.250000,64.352547,29.964800
2025-05-29,65.669998,21.586195,120.521057,43.735867,56.099998,64.631844,29.950001
2025-05-30,65.239998,21.624201,120.355202,,,64.468124,29.850100
2025-06-02,66.980003,21.555590,121.155174,42.799103,55.200001,65.132637,29.871000
2025-06-03,66.400002,21.536528,121.467346,43.103249,55.450001,64.814819,29.987301
2025-06-04,66.820000,21.669941,121.750267,44.113010,56.000000,65.238571,29.965900
2025-06-05,66.480003,21.631821,121.418564,44.198166,55.849998,65.325249,29.941999
2025-06-06,65.589996,21.517466,122.364853,44.271164,55.849998,65.498604,29.945299
2025-06-09,65.900002,21.546057,122.569740,44.696960,56.099998,65.652695,29.917700
2025-06-10,65.930000,21.565115,123.155060,45.901371,56.250000,65.893471,29.913799
2025-06-11,66.269997,21.622290,122.920929,45.901371,56.299999,65.951248,29.888901
2025-06-12,67.099998,21.698526,123.447731,45.901371,55.750000,66.317207,29.807501
2025-06-13,67.970001,21.631821,121.896591,45.901371,55.150002,65.431190,29.525200
2025-06-16,67.019997,21.584173,122.959946,45.901371,55.349998,65.864571,29.504999
2025-06-17,67.050003,21.660410,121.760010,45.901371,55.450001,65.055595,29.004999
2025-06-18,66.690002,21.679466,121.828308,46.297974,55.299999,65.132637,29.647100
2025-06-19,,,,45.840542,55.200001,,29.541700
2025-06-20,66.660004,21.689001,121.294075,45.772411,55.099998,64.613670,29.571301
2025-06-23,66.860001,21.736645,122.450745,45.392845,55.250000,65.108391,29.533001
2025-06-24,65.820000,21.793821,123.989716,46.220112,55.900002,66.097816,29.673901
2025-06-25,66.029999,21.812878,123.774063,46.891666,56.049999,65.923210,29.458099
2025-06-26,65.959999,21.870054,124.930733,46.950062,55.549999,66.573120,29.341900
2025-06-27,64.769997,21.822412,125.469872,46.998726,55.700001,66.844742,28.819000
2025-06-30,65.519997,21.898643,125.979584,47.066853,56.500000,67.019341,29.094999
2025-07-01,66.089996,21.875706,125.989380,47.339363,56.450001,67.038757,29.206600
2025-07-02,66.470001,21.827925,126.557915,47.349098,56.549999,67.252144,29.225901
2025-07-03,66.040001,21.770584,127.224487,48.001183,56.250000,67.407341,28.968100
2025-07-04,,,,47.553482,56.400002,,28.917101
2025-07-07,66.089996,21.713240,126.067810,47.271233,56.750000,66.573120,28.900999
2025-07-08,65.400002,21.703686,126.332481,47.057117,56.700001,66.999947,29.068300
2025-07-09,65.650002,21.789696,127.087242,47.543747,56.650002,67.300652,29.107100
2025-07-10,65.830002,21.780144,127.322502,48.088772,57.150002,67.397667,29.205601
2025-07-11,66.480003,21.703686,126.685356,48.293159,57.250000,66.932045,29.243000
2025-07-14,66.230003,21.703686,126.910820,48.010914,57.049999,66.999947,29.212999
2025-07-15,65.949997,21.636789,126.263855,48.662998,57.750000,66.670143,29.346100
2025-07-16,66.279999,21.675013,126.763786,49.052303,57.349998,66.961143,29.388100
2025-07-17,66.110001,21.655901,127.410728,49.344280,57.599998,67.203659,29.400999
2025-07-18,66.309998,21.703686,127.302879,50.074223,58.099998,67.038757,29.403200
2025-07-21,67.309998,21.761026,127.616577,49.888004,58.049999,67.446152,29.378000
2025-07-22,67.959999,21.808813,127.969444,49.544964,57.849998,67.727470,29.333599
2025-07-23,67.129997,21.761026,129.439804,49.691982,57.950001,68.939995,29.399000
2025-07-24,66.720001,21.732357,129.096710,49.986015,58.299999,68.474388,29.234200
2025-07-25,66.089996,21.780144,129.371201,49.888004,58.650002,68.367691,29.391001
2025-07-28,65.690002,21.741913,128.724243,50.035019,59.250000,67.484955,29.472000
2025-07-29,65.849998,21.847038,128.488983,49.446949,59.450001,67.446152,29.657000
2025-07-30,64.730003,21.799253,128.038086,49.986015,59.349998,66.961143,29.689501
2025-07-31,65.150002,21.808813,127.361702,50.525078,60.150002,66.417923,29.827999
2025-08-01,66.459999,21.998600,125.871773,50.084026,59.400002,66.194809,29.906000
2025-08-04,66.849998,22.017773,127.636177,49.789989,58.549999,67.009644,29.815001
2025-08-05,66.910004,22.017773,127.381317,50.427071,59.450001,67.184250,29.884100
2025-08-06,66.769997,21.998600,128.214523,49.986015,59.400002,67.620766,29.937401
2025-08-07,67.300003,21.979433,128.449768,51.407185,59.400002,68.105782,29.914700
2025-08-08,67.300003,21.941090,129.204559,51.407185,59.450001,68.328888,29.808100
2025-08-11,66.370003,21.950676,128.861481,51.799232,59.849998,68.115486,29.851000
2025-08-12,66.269997,21.931505,130.400436,51.848244,59.700001,68.872108,29.948000
2025-08-13,66.489998,22.008188,131.057190,52.289291,60.349998,69.318314,29.878099
2025-08-14,66.080002,21.950676,130.743530,52.093269,60.400002,69.007896,29.939699
2025-08-15,66.129997,21.912329,130.743530,52.093269,60.849998,69.318314,30.079000
2025-08-18,66.010002,21.893160,130.812134,52.240284,60.700001,69.415321,29.989000
2025-08-19,65.650002,21.941090,130.214203,52.142277,60.500000,69.231010,30.025101
2025-08-20,66.320000,21.960260,130.047562,50.672096,60.400002,69.318314,30.107300
2025-08-21,66.099998,21.912329,129.577042,50.966133,60.900002,69.056419,30.280100
2025-08-22,66.790001,21.998600,131.792358,50.721104,60.849998,70.181641,30.516001
2025-08-25,66.639999,21.969847,130.929764,51.652218,61.549999,69.502625,30.367300
2025-08-26,67.120003,21.998600,131.272842,51.701221,61.349998,69.463814,30.444000
2025-08-27,67.250000,22.017773,131.331650,51.946251,61.799999,69.260117,30.546600
2025-08-28,67.739998,22.056114,131.851181,51.456192,61.750000,69.541420,30.575001
2025-08-29,68.400002,22.036943,131.125809,51.456192,62.000000,69.231010,30.492800
2025-09-01,,,,50.966133,61.750000,,30.560499
2025-09-02,70.050003,21.986952,130.184784,50.966133,61.799999,68.746002,30.625299
2025-09-03,70.580002,22.054249,130.665115,50.917130,61.650002,68.891502,30.743999
2025-09-04,70.269997,22.102318,131.596329,51.260166,61.900002,69.172813,30.722000
2025-09-05,71.180000,22.217684,131.723755,51.799232,62.400002,69.628731,30.694000
2025-09-08,72.010002,22.294600,132.439331,52.289291,62.099998,70.298042,30.479000
2025-09-09,71.870003,22.246527,132.566772,52.828358,61.700001,70.210732,30.331100
2025-09-10,72.120003,22.284983,132.851013,53.857479,61.799999,70.336853,30.351601
2025-09-11,72.000000,22.313822,134.164536,54.347538,62.150002,71.132271,30.236799
2025-09-12,72.160004,22.284983,133.899872,54.886604,62.299999,70.899452,30.290001
2025-09-15,72.889999,22.304211,134.654648,54.886604,62.599998,71.452377,30.284901
2025-09-16,73.070000,22.323439,134.605637,55.621693,62.549999,71.510582,30.194099
2025-09-17,72.489998,22.284983,134.409592,55.229641,62.150002,71.462082,30.047199
2025-09-18,72.199997,22.217684,135.036942,55.817719,62.700001,71.520287,30.086399
2025-09-19,72.949997,22.227301,135.221863,55.866722,62.650002,71.276588,30.110500
2025-09-22,74.209999,22.188843,135.772705,56.258774,63.200001,71.588516,30.216000
2025-09-23,74.540001,22.246527,135.261215,57.287895,63.450001,71.491035,30.217699
2025-09-24,73.849998,22.208073,134.651367,57.238888,63.450001,71.071884,30.274000
2025-09-25,74.169998,22.169615,133.893951,57.042866,63.400002,70.662468,30.364100
2025-09-26,74.589996,22.179228,134.621857,56.111752,63.200001,70.915909,30.561501
2025-09-29,75.820000,22.227301,135.133347,,,71.296074,30.444000
2025-09-30,76.449997,22.227301,135.546478,56.650814,63.700001,71.608017,30.458200
2025-10-01,76.559998,22.270683,136.244873,56.944851,63.700001,72.105156,30.442101
2025-10-02,76.320000,22.289965,136.441605,58.022984,64.050003,72.241615,30.447001
2025-10-03,76.919998,22.261044,136.805557,58.856083,64.199997,72.777763,30.463800
2025-10-06,78.389999,22.212839,137.297379,,,72.933731,30.420000
2025-10-07,78.820000,22.261044,136.451431,60.473278,64.050003,72.368347,30.510500
2025-10-08,80.089996,22.261044,137.189163,59.934216,64.250000,72.651047,30.536699
2025-10-09,78.620003,22.251402,136.471115,60.375263,64.550003,72.017426,30.525000
2025-10-10,79.440002,22.376734,132.949646,,,70.350525,30.583300
2025-10-13,81.360001,22.386375,135.074326,59.787197,63.849998,71.422791,30.665001
2025-10-14,81.980003,22.424938,135.005478,59.493156,63.849998,71.432556,30.691000
2025-10-15,83.370003,22.396017,135.762894,60.571285,64.000000,72.056419,30.683901
2025-10-16,85.279999,22.482788,135.398926,61.747433,63.900002,72.378098,30.609800
2025-10-17,83.699997,22.444223,135.821915,60.816319,63.299999,72.329353,30.611900
2025-10-20,86.690002,22.473145,137.169495,61.845440,63.950001,73.040955,30.621901
2025-10-21,81.320000,22.511711,136.815384,61.943451,64.550003,72.348862,30.597300
2025-10-22,81.199997,22.521351,136.225189,61.453396,65.000000,72.407333,30.677299
2025-10-23,81.489998,22.453865,137.120316,61.110352,64.500000,72.826500,30.745100
2025-10-24,81.230003,22.473145,137.985916,,,73.060455,30.775000
2025-10-27,78.970001,22.482788,139.363007,62.531525,66.000000,73.616074,30.833300
2025-10-28,78.389999,22.492428,139.461380,62.090469,65.900002,73.606331,30.601101
2025-10-29,78.089996,22.396017,139.274490,63.119595,65.949997,73.382126,30.543100
2025-10-30,79.629997,22.367092,138.044937,63.119595,66.199997,72.923973,30.665199
2025-10-31,79.190002,22.367092,138.290848,63.462639,66.099998,72.748512,30.730700
2025-11-03,79.370003,22.351624,138.458069,62.874565,66.000000,72.953209,30.781799
2025-11-04,77.959999,22.370960,136.717010,62.678543,65.949997,71.988174,30.903099
2025-11-05,78.870003,22.283951,137.464584,61.894451,65.449997,72.475578,30.919001
2025-11-06,78.790001,22.370960,136.235031,62.041466,65.699997,72.192886,30.892900
2025-11-07,79.260002,22.380625,136.559647,61.306377,65.300003,72.329353,30.978800
2025-11-10,81.419998,22.351624,138.467911,62.090469,65.800003,73.235909,30.966801
2025-11-11,81.750000,22.409630,138.841690,61.649418,66.250000,73.625832,30.966801
2025-11-12,83.050003,22.419304,139.176132,61.943451,66.800003,73.908516,30.964300
2025-11-13,82.419998,22.351624,137.012115,61.649418,66.949997,73.099426,31.064100
2025-11-14,80.900002,22.322622,136.962921,60.473278,65.800003,73.040955,31.124901
2025-11-17,79.989998,22.341959,135.457962,60.669304,66.000000,72.134399,30.554501
2025-11-18,80.570000,22.361290,134.444778,59.248131,65.050003,71.500778,31.174999
2025-11-19,80.699997,22.351624,134.582520,58.856083,64.650002,71.315582,31.103201
2025-11-20,80.690002,22.399965,132.526672,60.669304,65.849998,70.370033,31.183001
2025-11-21,80.529999,22.438633,133.923462,58.660057,64.449997,71.081627,31.352100
2025-11-24,81.809998,22.457970,135.546478,58.366024,65.550003,71.383820,31.338600
2025-11-25,81.790001,22.506310,136.805557,59.150116,66.150002,72.046677,31.426100
2025-11-26,82.430000,22.525642,137.926895,60.130234,66.699997,72.729027,31.388100
2025-11-27,,,,60.669304,66.949997,,31.248899
2025-11-28,83.459999,22.496639,138.585938,61.110352,67.300003,73.050705,31.314699
2025-12-01,83.860001,22.407438,137.926895,60.277252,67.000000,72.768021,31.376900
2025-12-02,83.320000,22.417131,138.182632,60.473278,67.199997,72.884987,31.396000
2025-12-03,83.269997,22.446226,138.753143,61.061344,67.400002,73.177422,31.402000
2025-12-04,83.330002,22.397745,138.969574,60.963337,67.150002,73.333397,31.314699
2025-12-05,83.190002,22.368654,139.244980,61.502399,67.500000,73.479607,31.365000
2025-12-08,82.980003,22.329872,138.822037,62.433514,67.250000,73.323639,31.274000
2025-12-09,83.370003,22.310480,138.664627,62.335499,66.949997,73.226158,31.164700
2025-12-10,83.730003,22.368654,139.845016,62.776558,67.050003,74.015739,31.150999
2025-12-11,84.629997,22.378349,140.228622,62.090469,66.849998,74.210701,31.077000
2025-12-12,85.099998,22.320177,138.910553,62.188484,67.599998,73.703804,31.180099
2025-12-15,85.209999,22.339567,138.910553,61.551407,67.250000,73.957260,31.320101
2025-12-16,85.220001,22.388046,138.379364,61.012344,67.050003,73.557587,31.328699
2025-12-17,85.919998,22.388046,137.110474,60.669304,67.199997,73.070190,31.469000
2025-12-18,85.779999,22.426832,138.143295,60.669304,66.599998,73.664810,31.632099
2025-12-19,85.900002,22.389872,139.308334,61.257370,67.099998,74.124435,31.514099
2025-12-22,87.870003,22.380146,140.141205,62.139477,67.900002,74.541367,31.503901
2025-12-23,89.010002,22.370419,140.805527,62.433514,67.949997,74.998009,31.532200
2025-12-24,88.699997,22.419048,141.152557,62.580528,68.099998,75.057571,31.489500
2025-12-26,89.709999,22.428774,141.291367,63.119595,68.400002,75.295807,31.570200
2025-12-29,85.800003,22.457954,140.805527,63.952698,68.199997,75.057571,31.379999
2025-12-30,85.900002,22.448227,140.775787,63.854687,68.050003,75.206467,31.317801
2025-12-31,85.370003,22.399597,139.863571,64.295738,67.900002,74.888817,31.243601
2026-01-02,85.739998,22.389872,140.894775,65.618896,67.849998,75.980774,31.303499
2026-01-05,88.000000,22.428774,142.084579,68.118195,67.800003,76.784851,31.358700
2026-01-06,88.959999,22.419048,142.917465,69.000305,68.400002,77.052887,31.474600
2026-01-07,88.110001,22.457954,142.322556,68.461235,68.699997,76.665733,31.492100
2026-01-08,88.580002,22.409327,142.421707,68.706268,68.650002,76.715370,31.449100
2026-01-09,89.230003,22.428774,143.363647,68.461235,68.650002,77.261353,31.544800
2026-01-12,90.900002,22.409327,144.008133,68.951294,68.800003,77.976089,31.593300
2026-01-13,90.769997,22.428774,143.472717,69.294334,69.349998,77.559151,31.569901
2026-01-14,91.709999,22.467684,143.373566,69.343346,69.000000,77.896675,31.616899
2026-01-15,91.129997,22.448227,143.700760,69.245338,68.750000,78.025719,31.510700
2026-01-16,90.709999,22.399597,143.700760,70.568489,68.800003,78.065430,31.564199
2026-01-19,,,,71.156563,68.099998,,31.608000
2026-01-20,94.139999,22.321791,141.241806,71.156563,68.250000,77.162079,31.549000
2026-01-21,95.540001,22.370419,142.897629,70.421471,67.750000,78.025719,31.682301
2026-01-22,97.320000,22.380146,143.690842,71.365730,68.449997,78.502213,31.639999
2026-01-23,98.610001,22.409327,143.968460,71.813004,68.599998,78.948921,31.584000
2026-01-26,100.059998,22.438501,144.603043,71.813004,68.050003,79.276520,31.370800
2026-01-27,102.510002,22.409327,145.802780,72.608170,68.800003,80.507454,31.440500
2026-01-28,106.440002,22.389872,145.554901,73.751205,68.550003,80.150085,31.110300
2026-01-29,106.769997,22.409327,145.475586,73.303932,68.550003,80.358543,31.269600
2026-01-30,96.010002,22.409327,144.216354,72.160889,68.300003,79.077988,31.361700
2026-02-02,91.989998,22.369326,144.910416,71.067543,67.949997,79.524696,31.583000
2026-02-03,97.870003,22.379080,144.374985,72.508766,69.300003,79.723228,31.577101
2026-02-04,97.720001,22.379080,143.899078,72.459076,68.599998,79.663666,31.573200
2026-02-05,95.209999,22.486393,142.153992,71.564514,68.400002,78.710686,31.657101
2026-02-06,98.059998,22.476639,145.217789,71.465126,67.449997,80.457825,31.648800
2026-02-09,100.580002,22.486393,146.417526,73.502716,68.900002,81.549782,31.575001
2026-02-10,99.580002,22.564436,146.328293,75.043350,68.900002,81.748322,31.561199
2026-02-11,100.669998,22.515657,146.724884,76.733063,68.800003,82.383644,31.478701
2026-02-12,97.250000,22.622969,144.722031,,,81.529922,31.337000
2026-02-13,99.610001,22.671745,145.098816,,,81.797958,31.416901
2026-02-16,,,,,,,31.368999
2026-02-17,96.550003,22.691254,145.049225,,,81.629204,31.327000
2026-02-18,98.660004,22.652233,145.763107,,,81.907158,31.375999
2026-02-19,98.970001,22.661989,145.435928,,,81.778099,31.529100
2026-02-20,100.879997,22.642477,146.695145,,,82.760872,31.579000
2026-02-23,103.639999,22.710768,145.406174,76.931854,67.949997,82.324081,31.511000
2026-02-24,102.209999,22.701012,146.447266,78.919762,67.849998,82.810509,31.434799
2026-02-25,101.959999,22.681503,147.647003,80.609474,67.900002,83.584801,31.377100
2026-02-26,102.830002,22.740032,147.141327,80.659172,68.150002,83.346565,31.269100
2026-02-27,104.139999,22.798567,146.586090,,,83.197655,31.246799
2026-03-02,105.540001,22.694874,145.703629,79.864014,67.550003,81.797958,31.375000
2026-03-03,100.879997,22.685091,142.818314,78.273689,67.900002,78.978706,31.535000
2026-03-04,101.620003,22.655745,144.027954,75.142738,67.599998,79.753006,31.733999
2026-03-05,100.379997,22.606834,142.352310,76.931854,68.250000,78.144852,31.629999
2026-03-06,101.970001,22.587269,140.726196,76.385178,68.199997,77.410248,31.905899
2026-03-09,101.760002,22.645964,142.025101,73.154839,66.449997,78.373161,31.802299
2026-03-10,102.889999,22.577486,142.005280,74.745155,67.800003,78.541924,31.802000
2026-03-11,102.589996,22.489447,141.826782,77.727013,67.949997,78.462502,31.773899
2026-03-12,100.599998,22.430752,139.357925,76.136696,67.099998,76.903976,31.811501
2026-03-13,99.279999,22.420969,138.336655,75.490623,67.099998,76.179314,31.895800
2026-03-16,99.199997,22.479664,140.289948,75.142738,67.250000,77.698128,32.163101
2026-03-17,98.959999,22.518791,140.815445,76.186394,67.099998,78.035645,31.945000
2026-03-18,95.809998,22.430752,138.634109,77.329437,67.550003,76.685585,31.885000
2026-03-19,91.860001,22.450319,138.366409,75.540321,66.550003,76.586319,32.031200
2026-03-20,89.070000,22.293800,135.481262,75.440926,66.500000,74.241127,31.802099
2026-03-23,87.040001,22.352495,137.747223,73.800911,65.400002,76.099396,32.021702
2026-03-24,87.070000,22.293800,137.051529,73.950005,65.800003,75.473343,31.862000
2026-03-25,89.669998,22.381840,138.313721,75.739113,66.400002,76.596252,31.925800
2026-03-26,86.330002,22.274237,135.600510,75.341537,65.949997,74.728050,31.935900
2026-03-27,89.339996,22.274237,133.791718,74.546371,65.449997,74.221260,31.930000
2026-03-30,89.320000,22.391623,133.364365,73.453026,64.199997,74.161629,31.976999
2026-03-31,92.690002,22.411186,137.468948,71.912399,64.550003,76.626060,32.039001
2026-04-01,94.300003,22.399416,138.830521,74.993645,65.750000,77.520416,31.937901
2026-04-02,92.480003,22.448473,138.512482,73.502716,65.449997,76.993744,32.001999
2026-04-03,,,,,,,31.938101
2026-04-06,92.129997,22.419035,139.208191,,,77.480667,31.962999
2026-04-07,93.040001,22.419035,139.267807,74.844559,66.250000,77.530350,31.914000
2026-04-08,93.629997,22.477903,143.690430,78.720963,67.849998,80.720215,31.893999
2026-04-09,94.379997,22.458281,144.058151,78.671272,67.650002,80.561211,31.720400
2026-04-10,94.209999,22.448473,144.087967,80.261597,68.150002,80.759949,31.725800
2026-04-13,93.839996,22.477903,145.499237,80.112495,67.750000,81.376060,31.767000
2026-04-14,95.900002,22.526960,147.178833,82.597382,68.500000,82.290291,31.641199
2026-04-15,94.910004,22.497530,147.705582,83.641029,69.250000,82.131294,31.517000
2026-04-16,94.839996,22.458281,147.874527,84.485886,69.699997,82.111420,31.587000
2026-04-17,96.040001,22.556395,149.911911,83.641029,69.849998,83.224396,31.558001
2026-04-20,95.260002,22.546587,149.554123,84.038612,70.050003,82.956085,31.468000
2026-04-21,92.580002,22.468092,147.844711,85.479836,70.349998,81.366127,31.419001
2026-04-22,93.809998,22.497530,149.176468,85.827721,70.250000,82.071671,31.482000
2026-04-23,92.889999,22.458281,148.232315,85.827721,70.349998,81.207130,31.466801
2026-04-24,93.339996,22.507339,149.414993,89.405945,70.349998,81.972298,31.530001
2026-04-27,92.629997,22.468092,149.395126,92.437500,70.500000,81.823235,31.440001
2026-04-28,90.919998,22.458281,148.540421,91.443550,71.050003,81.376060,31.455700
2026-04-29,89.970001,22.369978,148.023605,90.201111,70.900002,80.720215,31.513000
2026-04-30,91.370003,22.389601,150.269699,89.952621,70.949997,82.538719,31.626499
2026-05-01,91.209999,22.418144,150.508224,,,82.449287,31.569000
2026-05-04,89.379997,22.349255,149.633636,94.027824,72.050003,81.733810,31.554001
2026-05-05,90.129997,22.368937,151.184036,94.027824,71.650002,82.886536,31.598000
2026-05-06,92.849998,22.467346,154.105942,95.170868,72.300003,85.082664,31.545000
2026-05-07,93.050003,22.418144,152.774200,97.109070,73.000000,83.721252,31.398500
2026-05-08,93.489998,22.457504,154.225204,96.413307,72.550003,84.893845,31.392099
2026-05-11,93.690002,22.408302,154.364365,96.313911,72.800003,84.854103,31.301001
2026-05-12,93.320000,22.339415,153.400314,96.264214,73.050003,83.701385,31.351801
2026-05-13,92.779999,22.339415,154.443848,94.922379,73.500000,84.546051,31.501101
2026-05-14,92.089996,22.339415,155.060043,95.469055,73.849998,84.486420,31.559000
2026-05-15,89.980003,22.211479,152.575439,94.822983,73.949997,82.588409,31.564400
2026-05-18,90.190002,22.211479,152.764267,94.326012,73.300003,83.005768,31.587000
2026-05-19,88.699997,22.152430,151.690903,92.536896,73.400002,82.280357,31.554100
2026-05-20,89.959999,22.250843,153.678589,91.940521,73.199997,83.641754,31.729200
2026-05-21,89.870003,22.270525,154.255035,95.270264,74.000000,84.049179,31.591200
2026-05-22,89.209999,22.290205,154.612823,96.711494,74.250000,83.929939,31.550800
2026-05-25,,,,100.190323,74.650002,,31.438999
2026-05-26,89.209999,22.339415,156.411682,99.494553,74.449997,85.569580,31.448400
2026-05-27,88.050003,22.359095,156.193039,101.929741,74.349998,85.311211,31.445900
2026-05-28,88.970001,22.398458,156.898651,99.892136,74.099998,85.450333,31.465900
2026-05-29,89.930000,22.418144,157.147110,104.762505,74.699997,85.519890,31.424000
2026-06-01,88.650002,22.399387,157.624176,104.861893,74.949997,85.768318,31.412901
2026-06-02,88.779999,22.409260,158.369568,105.060684,75.000000,86.414246,31.330500
2026-06-03,87.930000,22.369770,156.978165,106.949196,75.199997,85.559647,31.478201
2026-06-04,88.669998,22.399387,157.564529,105.458267,74.449997,85.708702,31.505501
2026-06-05,85.419998,22.320412,152.734436,103.520065,74.699997,82.508911,31.503000
2026-06-08,85.629997,22.300669,153.529526,100.339417,73.349998,83.214455,31.588100
2026-06-09,84.260002,22.350025,153.350632,102.873993,73.699997,83.293953,31.582001
2026-06-10,80.769997,22.320412,150.985275,99.643646,73.150002,82.071671,31.540899
2026-06-11,83.230003,22.438873,154.652573,99.246071,72.750000,84.804405,31.649799
2026-06-12,83.320000,22.419128,155.328384,101.333366,73.550003,85.142273,31.579000
2026-06-15,85.510002,22.438873,157.743439,104.613411,74.500000,86.434128,31.613001
2026-06-16,85.750000,22.478363,157.017929,105.259476,74.900002,86.086319,31.518600
2026-06-17,83.779999,22.409260,155.447662,105.358871,74.650002,85.609329,31.563900
2026-06-18,83.440002,22.458616,157.256012,106.651009,74.250000,86.613510,31.638399
2026-06-19,,,,,,,31.635900
2026-06-22,82.919998,22.389515,157.156250,110.477722,74.300003,86.902992,31.702000
2026-06-23,81.339996,22.419128,153.934540,109.434074,73.699997,84.257774,31.687000
2026-06-24,78.889999,22.527719,153.864716,106.501915,73.750000,84.187889,31.702101
2026-06-25,79.660004,22.537592,154.453201,106.551613,74.150002,84.926567,31.808001
2026-06-26,80.610001,22.567209,153.555511,102.476410,73.349998,84.327644,31.860001
2026-06-29,79.449997,22.577082,155.430695,103.818245,74.199997,84.776833,31.847000
2026-06-30,79.419998,22.488235,156.547821,107.147987,74.650002,85.335823,31.865900
2026-07-01,79.919998,22.426844,155.719940,108.688606,74.949997,84.377556,31.834400
2026-07-02,81.540001,22.466450,155.769821,108.141937,75.000000,84.686989,31.894800
2026-07-03,,,,107.694656,75.199997,,31.930901
2026-07-06,82.389999,22.466450,157.405609,107.595261,75.650002,86.014595,31.927999
2026-07-07,81.410004,22.377337,155.939377,105.557655,75.900002,84.497337,32.054901
2026-07-08,80.699997,22.347631,155.410736,105.408569,75.699997,84.287720,32.135899
2026-07-09,81.540001,22.377337,156.597687,105.160088,75.750000,84.746887,32.109200
2026-07-10,81.290001,22.367435,157.226089,105.160088,75.750000,85.186089,32.097198
2026-07-13,79.169998,22.298124,155.410736,105.358871,76.050003,83.628906,32.099098
2026-07-14,80.250000,22.347631,156.378250,103.768547,76.199997,84.507324,32.161999
2026-07-15,80.239998,22.387238,156.886948,105.657059,76.550003,84.836723,32.133900
2026-07-16,78.720001,22.377337,155.729935,105.756454,76.849998,83.908401,32.210899
2026-07-17,79.449997,22.407042,154.383377,99.544258,76.050003,83.219650,32.264301
2026-07-20,79.269997,22.347631,153.894638,98.599998,76.099998,82.920189,32.313000
2026-07-21,80.820000,22.308025,155.739899,102.500000,76.150002,84.297691,32.275902
2026-07-22,81.739998,22.278322,155.620209,103.849998,76.449997,84.307678,32.325401
2026-07-23,80.110001,22.228815,153.914581,103.900002,76.099998,83.469200,32.379101
2026-07-24,80.190002,22.258518,153.804871,101.699997,75.500000,83.249596,32.299000
2026-07-27,80.779999,22.298124,154.054230,101.449997,76.199997,83.638885,32.322300
2026-07-28,79.660004,22.357534,153.954483,97.150002,75.150002,83.099861,32.301998
2026-07-29,80.019997,22.278322,151.829941,93.699997,75.550003,82.241409,32.363800
2026-07-30,81.330002,22.288223,155.051666,93.500000,74.800003,84.617119,32.348900
2026-07-31,80.139999,22.228815,155.460617,102.849998,76.199997,84.437439,32.395000
2026-08-03,80.139999,22.261597,157.206131,102.000000,76.800003,84.866669,32.293098
2026-08-04,80.699997,22.341064,160.038849,100.650002,77.699997,86.294090,32.396000
2026-08-05,84.029999,22.360933,159.759567,103.800003,78.949997,86.353989,32.395100
2026-08-06,84.029999,22.301332,159.510208,103.300003,78.449997,86.164322,32.264801
2026-08-07,85.949997,22.341064,160.886673,102.849998,78.250000,87.052719,32.206799
2026-08-10,86.809998,22.271530,160.557526,104.250000,78.699997,86.673409,32.235100
2026-08-11,86.459999,22.291397,160.407913,104.599998,78.750000,86.763245,32.227100
2026-08-12,87.330002,22.301332,161.116089,105.199997,78.349998,87.382126,32.209099
2026-08-13,86.050003,22.370867,161.973877,106.699997,78.449997,87.561798,32.202301
2026-08-14,86.580002,22.311264,161.834244,106.400002,78.599998,87.541832,32.124100
2026-08-17,87.449997,22.281464,161.415314,106.449997,78.199997,87.711533,31.990200
2026-08-18,85.980003,22.301332,159.649857,104.900002,77.250000,86.284111,31.850300
2026-08-19,89.290001,22.390736,160.288208,103.099998,77.099998,86.813156,31.881901
2026-08-20,89.589996,22.331131,159.520172,103.800003,77.550003,86.873047,31.815100
2026-08-21,91.320000,22.301332,160.358032,104.650002,76.750000,87.551819,31.838301
2026-08-24,92.019997,22.341064,159.689758,103.800003,76.750000,87.042732,31.822001
2026-08-25,92.349998,22.420536,160.577469,104.400002,76.949997,87.961082,31.812000
2026-08-26,90.900002,22.400667,160.457779,105.900002,76.949997,87.661621,31.841900
2026-08-27,91.169998,22.380800,161.155991,106.050003,76.949997,87.771423,31.805901
2026-08-28,88.199997,22.311264,160.597412,106.949997,76.849998,87.362160,31.660900
2026-08-31,88.110001,22.291397,160.138596,106.250000,76.750000,87.162521,31.625999
2026-09-01,85.589996,22.247540,158.901764,108.449997,76.550003,86.553619,31.688000
2026-09-02,86.889999,22.267475,159.699722,106.800003,76.250000,87.002815,31.674999
2026-09-03,88.519997,22.277443,161.345490,106.199997,76.500000,87.811348,31.726200
2026-09-04,87.730003,22.287411,161.315567,107.900002,77.550003,88.250557,31.695400
2026-09-07,,,,109.900002,76.849998,,31.621000
2026-09-08,86.230003,22.267475,160.507645,109.650002,76.500000,87.921150,31.504900
2026-09-09,87.029999,22.227604,159.480286,109.650002,76.099998,87.252365,31.499201
2026-09-10,85.510002,22.098026,158.123764,109.150002,76.000000,86.124397,31.464001
2026-09-11,86.000000,22.078091,159.530167,107.699997,75.849998,86.982849,31.635000
2026-09-14,84.730003,22.068123,158.323257,106.900002,76.150002,85.884834,31.676201
2026-09-15,85.000000,22.048189,157.625046,106.250000,76.199997,85.535461,31.717600
2026-09-16,84.529999,22.038221,157.006653,106.900002,76.099998,85.255974,31.773399
2026-09-17,85.949997,22.137896,158.812012,108.050003,76.300003,86.344002,31.859600
2026-09-18,86.589996,22.058155,158.550003,109.849998,76.599998,85.879997,31.851101
2026-09-21,85.959999,22.107994,160.889999,111.349998,76.800003,87.150002,31.809099
2026-09-22,86.330002,22.117962,161.240005,111.849998,77.599998,87.489998,31.738400
2026-09-23,84.750000,21.948515,159.330002,112.449997,77.599998,85.919998,31.679501
2026-09-24,84.519997,21.878742,159.050003,112.400002,77.150002,85.589996,31.789499
2026-09-25,84.889999,21.908644,160.029999,,,86.349998,31.806200
2026-09-28,81.559998,21.838871,158.809998,,,85.750000,31.778700
2026-09-29,82.639999,21.818935,158.449997,111.300003,76.900002,85.519997,31.782200
2026-09-30,82.180000,21.799002,157.850006,112.050003,77.150002,84.959999,31.850000
2026-10-01,82.610001,21.850000,157.800003,112.900002,77.500000,84.459999,31.867901
2026-10-02,82.050003,21.809999,159.130005,112.800003,77.250000,85.430000,31.886801
2026-10-05,81.900002,21.790001,160.110001,115.949997,,85.849998,31.834400
2026-10-06,,,,116.500000,77.849998,,
